{
"type": "FeatureCollection",
"name": "CDM Airspace Data",
"crs": { "type": "name", "properties": { "name": "urn:ogc:def:crs:OGC:1.3:CRS84" } },
"features": [
{"type":"Feature","properties":{"id":"EVRR ACC N","minFL":95,"maxFL":660},"geometry":{"type":"MultiPolygon","coordinates":[[[[20.642777777777777,58.413333333333334],[21.483333333333334,58.11666666666667],[21.613333333333333,57.894999999999996],[21.646666666666665,57.85666666666667],[21.716666666666665,57.78666666666666],[21.91611111111111,57.74944444444444],[22.143333333333334,57.77916666666667],[22.58361111111111,57.927499999999995],[22.7075,57.94083333333333],[22.907777777777778,57.78055555555555],[22.999166666666667,57.702222222222225],[23.180833333333336,57.58638888888889],[22.747500000000002,57.426944444444445],[22.305555555555557,57.06305555555555],[21.3075,56.91777777777777],[20.42027777777778,56.89472222222222],[19.833333333333332,57.0],[20.642777777777777,58.413333333333334]]]]}},
{"type":"Feature","properties":{"id":"EVRR ACC S","minFL":95,"maxFL":660},"geometry":{"type":"MultiPolygon","coordinates":[[[[19.828333333333333,56.99944444444444],[20.42027777777778,56.89472222222222],[21.3075,56.91777777777777],[22.305555555555557,57.06305555555555],[22.61277777777778,56.382777777777775],[22.566747222222222,56.387325],[22.537180555555558,56.3895],[22.50933611111111,56.39258888888889],[22.477580555555555,56.4034],[22.423355555555556,56.41007777777778],[22.39211388888889,56.400908333333334],[22.354722222222225,56.39666666666667],[22.341069444444443,56.394844444444445],[22.319580555555554,56.408325],[22.279019444444444,56.40320833333333],[22.235958333333333,56.400841666666665],[22.210344444444445,56.42386388888889],[22.165527777777775,56.41939722222222],[22.129955555555554,56.43160833333333],[22.068919444444443,56.42203055555555],[22.027508333333333,56.41746111111111],[21.997569444444444,56.41263333333333],[21.96989972222222,56.3847],[21.934327777777778,56.37300833333333],[21.88066388888889,56.363480555555554],[21.850555555555555,56.36972222222222],[21.835727777777777,56.3714],[21.7968,56.3494],[21.75765277777778,56.336016666666666],[21.737944444444445,56.32550833333334],[21.7115,56.31139972222222],[21.6783,56.31049972222222],[21.648199722222223,56.316199999999995],[21.6123,56.321599722222224],[21.582799722222223,56.319499722222226],[21.561666666666667,56.31638888888889],[21.5453,56.296099999999996],[21.500855555555557,56.294894444444445],[21.48209972222222,56.27969972222222],[21.456299722222223,56.26259972222222],[21.431594444444446,56.24057777777778],[21.41734166666667,56.24203888888889],[21.378333333333334,56.22777777777778],[21.354277777777778,56.22482222222222],[21.330927777777777,56.21866666666667],[21.309799722222223,56.20739972222223],[21.297999722222222,56.192],[21.276399722222223,56.1768],[21.247699722222222,56.16409972222222],[21.226027777777777,56.16169166666666],[21.2356,56.1306],[21.23179972222222,56.1133],[21.21699972222222,56.096899722222226],[21.205099999999998,56.0792],[21.179072222222224,56.07534722222223],[21.16319722222222,56.08560555555556],[21.09361111111111,56.073888888888895],[21.064444444444444,56.06916666666667],[20.979999999999997,56.06861111111112],[20.865833333333335,56.06805555555556],[20.747777777777777,56.06722222222223],[20.666666666666668,56.06666666666667],[20.575833333333332,56.078611111111115],[18.06361111111111,56.118611111111115],[18.50638888888889,56.34527777777778],[19.07472222222222,56.62861111111111],[19.828333333333333,56.99944444444444]]]]}},
{"type":"Feature","properties":{"id":"EV-EEAST","minFL":95,"maxFL":660},"geometry":{"type":"MultiPolygon","coordinates":[[[[24.35666638888889,57.87444388888889],[24.366666666666667,57.88333277777778],[24.38589972222222,57.876199722222225],[24.4176,57.870399722222224],[24.4461,57.877699722222225],[24.4603,57.8937],[24.46359972222222,57.91559972222222],[24.488099722222223,57.92649972222222],[24.5161,57.93419972222222],[24.5359,57.94709944444444],[24.5655,57.954],[24.602699722222223,57.9598],[24.6265,57.94559944444444],[24.6491,57.9577],[24.6853,57.96249944444445],[24.71059972222222,57.9545],[24.732699999999998,57.96359944444445],[24.7545,57.9757],[24.774999722222223,57.98949944444445],[24.816099722222223,57.9868],[24.8546,57.9797],[24.8883,57.98949944444445],[24.915699999999998,57.99849916666667],[24.948499722222223,58.00829944444445],[24.983610833333334,58.010555833333335],[24.989,58.00979944444445],[25.004722222222224,58.013333333333335],[25.0226,58.019999999999996],[25.044699722222223,58.03869944444444],[25.0604,58.053799999999995],[25.09169972222222,58.06479944444444],[25.111899722222223,58.0773],[25.1413,58.0818],[25.169399722222224,58.0728],[25.186599722222223,58.0852],[25.21069972222222,58.07659944444445],[25.212699999999998,58.058299999999996],[25.219199999999997,58.04469944444444],[25.219099999999997,58.02629944444444],[25.250299722222223,58.016599722222225],[25.259299722222224,57.999699722222225],[25.289899722222223,57.9947],[25.3043,58.012],[25.302399722222223,58.0302],[25.2834,58.04879916666666],[25.2634,58.066399999999994],[25.289899722222223,58.0782],[25.314299722222223,58.066199999999995],[25.337699999999998,58.04879916666666],[25.361499722222224,58.03529944444444],[25.397199999999998,58.0309],[25.429899444444445,58.022599722222225],[25.453099722222223,58.00769916666667],[25.454799722222223,57.98989944444445],[25.478099999999998,57.9787],[25.509299722222224,57.98089944444445],[25.5228,57.9705],[25.548999722222224,57.973399722222226],[25.579999722222222,57.968],[25.581299722222223,57.9502],[25.6017,57.943599999999996],[25.626799722222223,57.93359944444444],[25.64809972222222,57.91879972222222],[25.671199722222223,57.90599944444444],[25.707899722222223,57.90619944444445],[25.722399999999997,57.921499999999995],[25.750499722222223,57.921299999999995],[25.785799722222222,57.9037],[25.8015,57.88649972222222],[25.834999999999997,57.868299722222226],[25.8746,57.8584],[25.91611083333333,57.85388888888889],[25.9478,57.8487],[25.9886,57.8536],[26.014199722222223,57.853],[26.046199722222223,57.848399722222226],[26.0513,57.833599722222225],[26.0335,57.81099916666666],[26.028299999999998,57.791599999999995],[26.037199722222223,57.77559972222222],[26.0573,57.761],[26.0853,57.752499722222225],[26.1156,57.7471],[26.145399722222223,57.7378],[26.1794,57.726399722222226],[26.200499999999998,57.7111],[26.1823,57.696299999999994],[26.2042,57.68099972222222],[26.22299972222222,57.66599972222222],[26.241399722222223,57.65299944444444],[26.239999722222223,57.64059944444445],[26.253399722222223,57.62709944444445],[26.271899722222223,57.61319944444445],[26.2921,57.5974],[26.323999999999998,57.59179944444445],[26.3596,57.5825],[26.388332777777777,57.575],[26.4175,57.570099722222224],[26.4511,57.57359944444445],[26.477899722222222,57.56519972222222],[26.4817,57.54469944444444],[26.494099722222224,57.524299722222224],[26.528399999999998,57.514499444444446],[26.556899722222223,57.52199944444445],[26.586099722222222,57.52969944444445],[26.607199722222223,57.5153],[26.6233,57.52989972222222],[26.6384,57.547399999999996],[26.673999722222224,57.55369944444444],[26.6961,57.564],[26.707,57.58129944444445],[26.736,57.5867],[26.748699722222224,57.57319916666667],[26.7727,57.5799],[26.803799722222223,57.58729944444445],[26.8352,57.595999722222224],[26.8549,57.6101],[26.8759,57.6272],[26.911199999999997,57.64269972222222],[26.9374,57.6276],[26.96669972222222,57.61939944444445],[27.000699722222222,57.6156],[27.032899999999998,57.60249944444445],[27.0574,57.589599722222225],[27.0884,57.57319916666667],[27.1231,57.559799999999996],[27.16209972222222,57.548899999999996],[27.205099999999998,57.542],[27.226698888888887,57.54410194444444],[27.2483,57.54619944444444],[27.288199722222224,57.5499],[27.333333055555556,57.516666111111114],[27.351388611111112,57.51749972222222],[27.3561,57.5392],[27.3853,57.530699999999996],[27.418099722222223,57.5281],[27.451699722222223,57.5283],[27.4937,57.53549972222222],[27.529699722222222,57.53949972222222],[27.5502,57.5287],[27.559,57.5163],[27.5682,57.5011],[27.557099722222222,57.4823],[27.535599722222223,57.4699],[27.512399722222224,57.4581],[27.523799999999998,57.43979972222222],[27.558399722222223,57.43059972222222],[27.58859972222222,57.42219972222222],[27.6187,57.41689972222222],[27.65609972222222,57.4005],[27.678399722222224,57.38289972222222],[27.700199722222223,57.37089972222222],[27.737899722222224,57.359699722222224],[27.768799722222223,57.3519],[27.7864,57.336399722222225],[27.8181,57.323],[27.846799999999998,57.309599999999996],[27.860099722222223,57.2941],[27.8689,57.274099722222225],[27.8728,57.2539],[27.864799722222223,57.2359],[27.852399722222223,57.2169],[27.84319972222222,57.199299999999994],[27.834799999999998,57.181999999999995],[27.82469972222222,57.16479972222222],[27.8073,57.14829972222222],[27.7759,57.135199722222225],[27.751,57.1186],[27.732699999999998,57.102899722222226],[27.73059972222222,57.0893],[27.757,57.081499722222226],[27.7482,57.064699999999995],[27.738299722222223,57.04639972222222],[27.731099999999998,57.0298],[27.71649972222222,57.0152],[27.7389,56.9979],[27.741299722222223,56.981299722222225],[27.733399722222224,56.9585],[27.73059972222222,56.937999999999995],[27.70889972222222,56.92369972222222],[27.674399722222223,56.91069972222222],[27.672599722222223,56.8866],[27.675699722222223,56.865699722222224],[27.670799722222224,56.845799722222225],[27.6914,56.839599722222225],[27.72159972222222,56.853099722222225],[27.7651,56.85849972222223],[27.793299722222223,56.865699722222224],[27.82019972222222,56.8763],[27.8521,56.8757],[27.8744,56.863599722222226],[27.893599722222223,56.840899722222225],[27.91509972222222,56.8278],[27.9475,56.8269],[27.976899999999997,56.82],[27.96649972222222,56.80469972222222],[27.953099722222223,56.78739972222222],[27.9465,56.77219972222222],[27.9173,56.763599722222224],[27.901666666666664,56.751666666666665],[27.914299999999997,56.7438],[27.937999722222223,56.729999722222225],[27.965699722222222,56.713999722222226],[27.9832,56.6935],[27.995499722222224,56.677099999999996],[28.017399722222223,56.66089972222222],[28.020499722222223,56.63909972222222],[28.033099999999997,56.620199722222225],[28.041399722222224,56.60249972222223],[28.056899722222223,56.586599722222225],[28.0882,56.5857],[28.1188,56.5829],[28.14199972222222,56.57169972222223],[28.14959972222222,56.552099999999996],[28.122299722222223,56.5396],[28.1095,56.52159972222222],[28.132899722222223,56.5105],[28.1291,56.4872],[28.142499722222222,56.478610833333335],[28.157,56.46809972222223],[28.178899722222223,56.449799999999996],[28.1884,56.42869972222222],[28.1944,56.40559972222222],[28.175599722222223,56.385799999999996],[28.1813,56.368],[28.1991,56.35229972222222],[28.20909972222222,56.336199722222226],[28.220399999999998,56.31389972222222],[28.233599722222223,56.29789972222222],[28.247199722222224,56.27929972222222],[28.22909972222222,56.2578],[28.21059972222222,56.2421],[28.189299722222223,56.226599722222225],[28.205199999999998,56.2094],[28.1875,56.19729972222222],[28.1869,56.17739972222222],[28.15138888888889,56.16583333333333],[28.146666666666665,56.17333305555555],[28.1064,56.147399722222225],[28.079699722222223,56.13309972222222],[28.0442,56.12049972222222],[28.02844972222222,56.12049972222222],[28.012699722222223,56.12049972222222],[27.9857,56.1073],[27.962299722222223,56.096699722222226],[27.9465,56.0737],[27.925499722222224,56.0578],[27.8852,56.04449972222222],[27.855499722222223,56.03699972222222],[27.8246,56.034099999999995],[27.818899722222223,56.01389972222222],[27.8076,55.9943],[27.778299999999998,55.9806],[27.7374,55.9697],[27.70589972222222,55.9575],[27.6752,55.94499999999999],[27.65719972222222,55.92799972222222],[27.650099722222222,55.91009972222222],[27.632699722222224,55.895899722222225],[27.6259,55.880499722222226],[27.6259,55.859099722222226],[27.629799722222224,55.8361],[27.6202,55.812599999999996],[27.612899722222224,55.793099999999995],[27.59019972222222,55.783299722222225],[27.5564,55.783899999999996],[27.52439972222222,55.78609972222222],[27.4933,55.78829972222222],[27.46359972222222,55.79129972222222],[27.4338,55.79399972222222],[27.402199999999997,55.79999972222222],[27.370599722222224,55.8046],[27.34029972222222,55.80409972222222],[27.302499722222223,55.79359972222222],[27.26679972222222,55.800999999999995],[27.239599722222223,55.81909972222223],[27.2024,55.83409972222223],[27.1858,55.8481],[27.15459972222222,55.856099722222226],[27.1173,55.8513],[27.09769972222222,55.837699722222226],[27.058099722222224,55.8342],[27.02779972222222,55.83859972222223],[26.9981,55.8307],[26.978055277777777,55.812777499999996],[26.9462,55.79809972222222],[26.917699722222224,55.78399972222222],[26.900099722222222,55.7603],[26.8809,55.736199722222224],[26.8655,55.714799722222224],[26.83539972222222,55.7057],[26.808099722222224,55.695499999999996],[26.774999722222223,55.683699999999995],[26.7362,55.691199999999995],[26.706699999999998,55.701099722222224],[26.6795,55.7079],[26.648499722222223,55.7027],[26.630555555555556,55.68055555555555],[26.6265,55.68529972222222],[26.597047222222223,55.67524722222222],[26.57285,55.68004444444444],[26.53066111111111,55.676538888888885],[26.51127222222222,55.683225],[26.483630555555557,55.69563611111111],[26.445769444444444,55.706836111111116],[26.403566666666666,55.71131944444445],[26.377583333333334,55.705377777777784],[26.366152777777778,55.73117222222223],[26.349505555555556,55.7426],[26.308416666666666,55.74346944444444],[26.286699722222224,55.75939972222222],[26.262299722222224,55.776199999999996],[26.2437,55.79809972222222],[26.236399722222224,55.819499722222226],[26.223499999999998,55.840699722222226],[26.204999722222222,55.85549972222223],[26.16049972222222,55.8716],[26.1289,55.8836],[26.103799722222224,55.8988],[26.0837,55.9155],[26.0684,55.93119972222222],[26.0518,55.94579972222222],[26.033599722222224,55.96059972222223],[26.007899722222223,55.97109972222223],[25.975299999999997,55.982399722222226],[25.9475,55.98555527777778],[25.9475,55.98555555555556],[25.860277777777778,55.999722222222225],[25.8529,56.0191],[25.83539972222222,56.0334],[25.817599722222223,56.050999999999995],[25.7909,56.05919972222222],[25.742999722222223,56.07019972222223],[25.709899999999998,56.0846],[25.695,56.106],[25.681799722222223,56.1321],[25.66039972222222,56.141399722222225],[25.627099722222223,56.13759972222222],[25.595099722222223,56.13349972222222],[25.562999722222223,56.142899722222225],[25.5343,56.15979972222222],[25.5054,56.1492],[25.47449972222222,56.140299999999996],[25.425899722222223,56.1473],[25.39039972222222,56.14979972222222],[25.3551,56.1477],[25.355049634325177,56.14769180059617],[25.365555555555556,56.154444444444444],[25.171666666666667,56.47944444444445],[25.546666666666667,56.85388888888889],[25.254166666666666,57.10583333333334],[24.35638888888889,57.87444444444444],[24.35666638888889,57.87444388888889]]]]}},
{"type":"Feature","properties":{"id":"EV-WEAST","minFL":285,"maxFL":660},"geometry":{"type":"MultiPolygon","coordinates":[[[[22.461944444444445,56.719722222222224],[22.379166666666666,56.902499999999996],[22.305555555555557,57.06305555555555],[22.64730252191786,57.3444436925352],[22.77546725718949,57.437234960871855],[23.180288256980276,57.586188328743596],[23.180833055555556,57.58638861111111],[23.240277777777777,57.58833277777778],[23.406110555555554,57.59388861111111],[23.582221944444445,57.66972194444444],[23.582222068706244,57.66972215611834],[23.58222222222222,57.66972222222222],[23.648611111111112,57.782777777777774],[23.601111337558745,57.89916611180376],[23.60173777833709,57.899166666666666],[24.208854722218696,57.899166666666666],[24.209444166666668,57.89916611111111],[24.261110833333333,57.91722166666666],[24.29944388888889,57.89999972222222],[24.304439788130193,57.89776853049937],[24.35638888888889,57.87444444444444],[25.254166666666666,57.10583333333334],[25.546666666666667,56.85388888888889],[25.171666666666667,56.47944444444445],[25.365555555555556,56.154444444444444],[25.355049634325177,56.14769180059617],[25.320722440754555,56.142103420741535],[25.320699746520397,56.14210079118361],[25.320677195207075,56.14210444920245],[25.290225214124845,56.14849437310167],[25.290200346494842,56.14850095961249],[25.290180271996633,56.148517046740096],[25.275802532044047,56.161323448992945],[25.271967862267463,56.16473902917646],[25.271899722222223,56.16479972222222],[25.271821722461024,56.16484707989126],[25.252474730972246,56.17659363405698],[25.2523,56.17669972222222],[25.25209765335986,56.17672872995734],[25.223916637964006,56.180768665730874],[25.223699999999997,56.18079972222222],[25.22349019363707,56.18073745021263],[25.195425103086198,56.17240753321959],[25.19539946741413,56.172401379523514],[25.19537332497965,56.1723979694248],[25.164227565710473,56.17000212045814],[25.16420013671187,56.17000153085345],[25.16417324623399,56.170006971423334],[25.15132558956731,56.173354778737334],[25.13353925030825,56.177989494484],[25.133499999999998,56.17799972222222],[25.13346005029676,56.17800673753014],[25.099922992590006,56.18389596242059],[25.099900388105134,56.18390102936442],[25.099880065132105,56.18391214752171],[25.089439482529585,56.19027422649503],[25.080722189786123,56.19558620064233],[25.08070118533251,56.19560054689668],[25.08069503663529,56.19562522878495],[25.077100651582757,56.214096651538334],[25.073828259739134,56.231547537344355],[25.0738282594519,56.2315475388761],[25.073799722222223,56.231699722222224],[25.073726496793295,56.23183615017708],[25.071091731561417,56.23674504094606],[25.066509444711787,56.245282403343595],[25.066491989417585,56.245318294137526],[25.0592676192207,56.26181692245615],[25.0591,56.26219972222222],[25.058709849013972,56.262349435522104],[25.033323309734996,56.27209105531584],[25.033300675809105,56.27210106346644],[25.03328200296046,56.272117304845715],[25.027713221700637,56.27747190221093],[25.017808435120475,56.286995735461076],[25.017699999999998,56.287099999999995],[25.01756568896002,56.2871677481658],[25.00341063687885,56.29430773319971],[24.995122394848224,56.29848842598111],[24.99510067675667,56.2985007839351],[24.995080305374866,56.29851525464081],[24.995040399991012,56.29854672653337],[24.97571964216788,56.313784289879486],[24.97570087321358,56.313800702372625],[24.975694860912093,56.313824899393346],[24.971605006188277,56.33477293578361],[24.97160125056336,56.3348000418921],[24.971603515698693,56.334827313030615],[24.97403329632121,56.35232173351274],[24.97409972222222,56.3528],[24.973766486234172,56.35314943527218],[24.959710147957487,56.36788908095173],[24.959699999999998,56.36789972222222],[24.959689543551708,56.367910060518554],[24.94200549396576,56.38539429033518],[24.942,56.385399722222225],[24.941994422763106,56.385405068574485],[24.931416583188494,56.3955450101908],[24.927506053109386,56.399293653419065],[24.927499722222223,56.399299722222224],[24.927493285871464,56.3993056790588],[24.915550745487177,56.41035848895464],[24.911417415463845,56.414183882004586],[24.911401307802997,56.41420027494964],[24.91140945075456,56.41422176629024],[24.91144734449302,56.41430904039136],[24.91794005329285,56.42926257486362],[24.917999722222223,56.4294],[24.918016497204476,56.42954887796751],[24.9195060602311,56.442768749828794],[24.919599722222223,56.443599999999996],[24.918798088455414,56.44383902451679],[24.90696842379799,56.44736629594126],[24.892446942972015,56.45169619081502],[24.892099722222223,56.451799722222226],[24.891766770681617,56.45165680870652],[24.87438803767907,56.44419729724909],[24.870985115650765,56.44273665360751],[24.870899722222223,56.442699999999995],[24.870822544935052,56.44264823909853],[24.85478693246405,56.43189354963674],[24.854199722222223,56.43149972222222],[24.854375235212046,56.43081480537257],[24.858293668252593,56.415523624837185],[24.8582982971424,56.415501032391504],[24.858275387220328,56.4154983902917],[24.83262206736851,56.413801478083606],[24.832599836359684,56.413801005132896],[24.83257827741826,56.41380645063384],[24.80854543615909,56.42103557053338],[24.807999722222224,56.42119972222222],[24.80758033485715,56.42081389361279],[24.793018911622276,56.407417653892686],[24.792999134768543,56.407401277811566],[24.792973829072167,56.40739692790242],[24.763524022882542,56.403902850199344],[24.763475814138577,56.40389948363787],[24.748750434683387,56.40358510044661],[24.730709649148732,56.40319993415963],[24.73069972222222,56.40319972222222],[24.730689801461228,56.40319931321337],[24.702667955681203,56.40204404066733],[24.701599722222223,56.402],[24.701714975660124,56.40093708939778],[24.70176158748086,56.40050721763561],[24.703397147479212,56.38542346747176],[24.703398534900995,56.38540046765034],[24.70337721729166,56.38539172258008],[24.702343366409693,56.385024228129815],[24.677821054044156,56.37630748390751],[24.677799836762475,56.37630099378192],[24.677777658221153,56.376300355757664],[24.671782151426115,56.376395824766526],[24.64664022891919,56.376796170309404],[24.64639972222222,56.3768],[24.64618378231006,56.3766940373077],[24.63321841358125,56.370331872187755],[24.630626430096473,56.36905997415977],[24.630277777777778,56.36888888888889],[24.630135986058228,56.368527331538644],[24.628408546727982,56.364122501771824],[24.628399722222223,56.3641],[24.628391995133466,56.36407709817186],[24.622908228079925,56.34782410890631],[24.622898897181038,56.34780053339715],[24.62287917064334,56.34778460436655],[24.617097534501152,56.343588318222224],[24.604319592133773,56.33431414371685],[24.604299112763634,56.33430076325592],[24.604277420347113,56.33428945483393],[24.58904535354475,56.327276881065],[24.58451506350286,56.32519121576918],[24.58409972222222,56.325],[24.583972648980943,56.32456076857907],[24.58295742943233,56.32105164013929],[24.579540088066818,56.30923952541934],[24.579499722222224,56.309099999999994],[24.57950071829966,56.308954756232886],[24.57964427849528,56.28802142022218],[24.579643314088045,56.28799821153868],[24.57962043778067,56.28799418070329],[24.53688397170675,56.28257969362951],[24.536825,56.28257222222222],[24.53676732869698,56.282557817190906],[24.511517721976553,56.27625101716181],[24.48363567392798,56.26928669081048],[24.483586053963236,56.26927693441416],[24.479687449250157,56.2687135263606],[24.46217625661741,56.26618289099671],[24.46183333333333,56.266133333333336],[24.46159458333214,56.26588223419415],[24.45395633238785,56.25784890130446],[24.453938404453414,56.257831862219],[24.45391370185919,56.257833096362205],[24.450230112593275,56.2582046879396],[24.422624778043087,56.26098944733311],[24.422603047819745,56.26099261502822],[24.4225829084169,56.26100136953285],[24.411248586383113,56.266536293911706],[24.386491516636404,56.278625990011896],[24.386174999999998,56.27878055555556],[24.385831486962633,56.278702631993205],[24.35827975272179,56.272452711182424],[24.35825607922784,56.27244856322872],[24.358241481532016,56.27246765634561],[24.344295257937038,56.292716226549075],[24.344099999999997,56.29299972222222],[24.343771614983673,56.29310296339485],[24.32330849409293,56.29953637689234],[24.317863136263135,56.30124834637871],[24.317699722222223,56.30129972222222],[24.317528525528758,56.30129377930937],[24.31344223836694,56.301151928155655],[24.286678857902473,56.30022286559939],[24.285300000000003,56.300174999999996],[24.285774569906934,56.29887949869385],[24.29059710721211,56.285714729317306],[24.29060400826499,56.285692579269075],[24.29058128439678,56.285687902198994],[24.263260860244987,56.281450492097655],[24.240731763607375,56.27795621905358],[24.240691666666667,56.27795],[24.24065220540705,56.277940552763965],[24.20099573302974,56.26844658175356],[24.2008,56.26839972222222],[24.200637634820463,56.268280790380054],[24.19848554927881,56.26670439636074],[24.176604502432692,56.250676617391406],[24.17658288862361,56.25066246489984],[24.176557092697976,56.25066104363952],[24.113949225969133,56.250500062291366],[24.11392574494188,56.250501140154235],[24.113915326728986,56.25052221101726],[24.107463586500337,56.265336198274255],[24.107405555555555,56.26546944444444],[24.107311995980517,56.265580659274136],[24.09789401562691,56.27677586917802],[24.097616666666667,56.27710555555556],[24.097186555019864,56.27713044580586],[24.04762475528219,56.2799985513549],[24.047601026439754,56.280001122740416],[24.04760201259237,56.28002497011953],[24.049296711514412,56.298500950809505],[24.04936388888889,56.29923333333333],[24.048684784211805,56.299515669654774],[24.03837679674564,56.30380119346403],[24.022681303850483,56.31032656116758],[24.022659400833696,56.310336973225546],[24.02265383248355,56.31036057717811],[24.01927682044956,56.328717600107176],[24.019127777777776,56.329527777777784],[24.018304052418035,56.32953661563287],[23.956510098719242,56.330199610891455],[23.956499722222222,56.330199722222225],[23.956489345649484,56.33019961819643],[23.91662484815785,56.3297999741113],[23.91660064104223,56.32980094822493],[23.91659291154518,56.32982390880463],[23.91450500000454,56.3372386554173],[23.914299999999997,56.33796666666667],[23.913543676988628,56.337967606636234],[23.86532945615674,56.33802752799193],[23.842800254377632,56.3380555276213],[23.84275539443496,56.33805760110863],[23.81648582845879,56.34045830558801],[23.80354471747726,56.341640958667604],[23.803172222222223,56.341675],[23.802868825847334,56.3414562257624],[23.77452037312747,56.32101461325727],[23.774499488297234,56.321001113671244],[23.77447533731952,56.3210070420127],[23.76621249971367,56.32348735701448],[23.766190447339707,56.323495180402325],[23.76619841584485,56.32351718075504],[23.779501769600802,56.35526595592451],[23.779599722222223,56.35549972222223],[23.779574502122195,56.355751923222506],[23.778090219747558,56.37059474696889],[23.777999722222223,56.371499722222225],[23.777090244437627,56.37149523105728],[23.759313598534852,56.3714074467813],[23.755563017363638,56.37138892573664],[23.755555555555556,56.37138888888889],[23.755548095128727,56.371388740692936],[23.74697418098912,56.37121842612534],[23.71640908942677,56.370611272814934],[23.71626111111111,56.37060833333334],[23.716120328585347,56.37056265507915],[23.699925912097246,56.365308219780864],[23.6998994965696,56.365301229745846],[23.699872192063296,56.36530017873445],[23.663769865996336,56.36589883685777],[23.66369972222222,56.3659],[23.663630103094697,56.365891358297084],[23.62108926914098,56.360610837527695],[23.620999722222223,56.360599722222226],[23.620913611503315,56.36057275660024],[23.58302781026683,56.348708795787594],[23.582999722222223,56.3487],[23.582972200126513,56.348689567436644],[23.57420574302491,56.34536654218152],[23.555325544904907,56.338209788381526],[23.55529942257652,56.33820150386383],[23.555272119874203,56.338199143413895],[23.51549980555435,56.336964885673325],[23.51342727307764,56.33690056859005],[23.513400197983056,56.33690120594026],[23.51337390307371,56.33690769012932],[23.477739747124044,56.34778750182908],[23.47769972222222,56.34779972222223],[23.4776588162371,56.34780855574643],[23.438822340151322,56.356195175711655],[23.438800312972113,56.35620099730298],[23.438779800880553,56.35621069353498],[23.413353292946407,56.36967163933731],[23.41329972222222,56.3697],[23.413243118146983,56.369721682443156],[23.4061796806898,56.37242736362432],[23.383957175527108,56.380939793214225],[23.3838,56.381],[23.383631775651516,56.381005438010355],[23.341309646793654,56.38237354064836],[23.340519433854734,56.382399085025156],[23.340499722222223,56.382399722222225],[23.340480000794,56.38239958172328],[23.306746557930904,56.382159258701705],[23.306616666666667,56.38215833333334],[23.306491322291127,56.38212425424373],[23.27332362714425,56.37310649935808],[23.27329951880824,56.37310121116478],[23.27327500563926,56.373098333423236],[23.271445098455203,56.37297494740342],[23.260308274453404,56.372224019488115],[23.260246704041577,56.37222367121411],[23.22510931633308,56.37419387049026],[23.224999999999998,56.3742],[23.224891947192045,56.37418233018788],[23.206131421755796,56.37111443249889],[23.206090596154322,56.37110947085186],[23.17322399030636,56.36848164399937],[23.17206388888889,56.36838888888889],[23.17233022939637,56.36725597161767],[23.174993918903866,56.35592558903049],[23.17499857097664,56.355899695962805],[23.17499487333379,56.355873649462644],[23.174741555545847,56.354585347569675],[23.17150488541895,56.33812456806717],[23.17149888982534,56.338100565908135],[23.171477369976515,56.33808836152848],[23.14682610320245,56.32571296596619],[23.146799722222223,56.325699722222225],[23.14677416837129,56.32568494543016],[23.126425993729633,56.31391839226781],[23.123821081135706,56.3124120732461],[23.12379927292828,56.312400859390316],[23.1237756893568,56.312394139001796],[23.094123056710988,56.30550535644407],[23.09410023678318,56.305501181881176],[23.09408078620239,56.30551382510034],[23.08614717938307,56.311222374374935],[23.07024314824457,56.32266596459644],[23.06993333333333,56.32288888888889],[23.06955377470554,56.32284869227892],[23.066049440238615,56.32247757078287],[23.0453018607139,56.320280328246454],[23.04527812356127,56.32027897174864],[23.04525878499434,56.32029280331863],[23.0356032302355,56.32793149055383],[23.01151936061099,56.34698468346401],[23.011501132039868,56.34700062815598],[23.01149724865485,56.347024532827575],[23.010378034685296,56.35700419072278],[23.009109132054935,56.368318572510184],[23.0091,56.3684],[23.009077734735317,56.36847885485726],[23.00436802469432,56.385158805366466],[23.0043,56.385399722222225],[23.00412649129597,56.385580174487544],[22.989703917996028,56.400579917804166],[22.9893,56.400999999999996],[22.963899722222223,56.40959972222222],[22.9322,56.4067],[22.907899999999998,56.399],[22.883399999999998,56.3881],[22.870599722222224,56.3731],[22.843407584816635,56.36370271722013],[22.843399554236793,56.363701055139025],[22.843376623712842,56.36370062243305],[22.80630030021773,56.36469971413229],[22.77000912272311,56.365699463257286],[22.769990338107263,56.36570033452223],[22.75468499049544,56.36669898644231],[22.72209694334686,56.36882530965182],[22.72176111111111,56.36884722222222],[22.721480365427027,56.36866162773907],[22.697433366051712,56.35276471222687],[22.69741065686189,56.352751382757646],[22.69738446706336,56.35274864843739],[22.691917978454704,56.352471351921736],[22.67717595289213,56.35172353872484],[22.677150360479743,56.35172357142292],[22.67712816214999,56.35173630746593],[22.66304783534736,56.36081800893432],[22.66283888888889,56.360952777777776],[22.662591157310835,56.36097399873232],[22.641981281336477,56.362739462968484],[22.64195601417035,56.362742948476395],[22.641934270760377,56.36275628273936],[22.612796496019577,56.38276492413363],[22.6113258964172,56.3860211149608],[22.461944444444445,56.719722222222224]]]]}},
{"type":"Feature","properties":{"id":"EV-TMA-AL","minFL":30,"maxFL":95},"geometry":{"type":"MultiPolygon","coordinates":[[[[23.40611111111111,57.59388888888889],[23.58222222222222,57.66972222222222],[23.648611111111112,57.782777777777774],[23.601111111111113,57.899166666666666],[24.209444444444443,57.899166666666666],[24.261111111111113,57.91722222222222],[24.35638888888889,57.87444444444444],[25.254166666666666,57.10583333333334],[25.546666666666667,56.85388888888889],[25.171666666666667,56.47944444444445],[25.365555555555556,56.154444444444444],[25.355049634325177,56.14769180059617],[25.320722440754555,56.142103420741535],[25.320699746520397,56.14210079118361],[25.320677195207075,56.14210444920245],[25.290225214124845,56.14849437310167],[25.290200346494842,56.14850095961249],[25.290180271996633,56.148517046740096],[25.271967862267463,56.16473902917646],[25.271897252183305,56.16479638146679],[25.271821722461024,56.16484707989126],[25.252474730972246,56.17659363405698],[25.25238606330306,56.17664152819618],[25.2522930254305,56.17668025491045],[25.252196562228974,56.17670942089886],[25.25209765335986,56.17672872995734],[25.223916637964006,56.180768665730874],[25.223809383797004,56.1807781850267],[25.223701727875316,56.180776117212034],[25.22359491836959,56.18076248626126],[25.22349019363707,56.18073745021263],[25.195425103086198,56.17240753321959],[25.19539946741413,56.172401379523514],[25.19537332497965,56.1723979694248],[25.164227565710473,56.17000212045814],[25.16420013671187,56.17000153085345],[25.16417324623399,56.170006971423334],[25.13353925030825,56.177989494484],[25.13346005029676,56.17800673753014],[25.099922992590006,56.18389596242059],[25.099900388105134,56.18390102936442],[25.099880065132105,56.18391214752171],[25.080722189786123,56.19558620064233],[25.08070118533251,56.19560054689668],[25.08069503663529,56.19562522878495],[25.077100651582757,56.214096651538334],[25.0738282594519,56.2315475388761],[25.073804267609187,56.23164705399749],[25.073770227823513,56.23174359497788],[25.073726496793295,56.23183615017708],[25.066509444711787,56.245282403343595],[25.066491989417585,56.245318294137526],[25.0592676192207,56.26181692245615],[25.05922350941514,56.261905460942884],[25.059170868093833,56.26198920835999],[25.059110210338357,56.26206734526088],[25.05904212966898,56.2621391070964],[25.058967292237263,56.26220379169576],[25.05888643030791,56.26226076613706],[25.058800335093757,56.26230947294029],[25.058709849013972,56.262349435522104],[25.033323309734996,56.27209105531584],[25.033300675809105,56.27210106346644],[25.03328200296046,56.272117304845715],[25.017808435120475,56.286995735461076],[25.017733370542857,56.28706104579448],[25.01765218724763,56.28711857320568],[25.01756568896002,56.2871677481658],[24.995122394848224,56.29848842598111],[24.99510067675667,56.2985007839351],[24.995080305374866,56.29851525464081],[24.97571964216788,56.313784289879486],[24.97570087321358,56.313800702372625],[24.975694860912093,56.313824899393346],[24.971605006188277,56.33477293578361],[24.97160125056336,56.3348000418921],[24.971603515698693,56.334827313030615],[24.97403329632121,56.35232173351274],[24.97404208055179,56.35242126941056],[24.974040887448496,56.35252118504581],[24.97402972892394,56.352620482805065],[24.97400871639105,56.35271817124411],[24.973978059650676,56.35281327498711],[24.97393806479681,56.35290484446525],[24.97388913116037,56.3529919653978],[24.973831747322077,56.353073767920776],[24.973766486234172,56.35314943527218],[24.959710147957487,56.36788908095173],[24.959689543551708,56.367910060518554],[24.94200549396576,56.38539429033518],[24.941994422763106,56.385405068574485],[24.927506053109386,56.399293653419065],[24.927493285871464,56.3993056790588],[24.911417415463845,56.414183882004586],[24.911401307802997,56.41420027494964],[24.91140945075456,56.41422176629024],[24.91794005329285,56.42926257486362],[24.917974969898484,56.4293553220738],[24.918000534895462,56.42945106989506],[24.918016497204476,56.42954887796751],[24.9195060602311,56.442768749828794],[24.91951226788605,56.44286803063926],[24.919508581123058,56.44296743698758],[24.91949503642343,56.44306598522663],[24.919471767814876,56.44316270020046],[24.919439005545264,56.443256624893685],[24.91939707380427,56.44334682990133],[24.919346387515457,56.44343242262552],[24.91928744823052,56.4435125561079],[24.91922083916631,56.44358643741049],[24.919147219433796,56.44365333546197],[24.919067317516003,56.44371258829178],[24.918981924059537,56.44376360958047],[24.918891884050947,56.44380589446146],[24.918798088455414,56.44383902451679],[24.892446942972015,56.45169619081502],[24.892350513744898,56.45171980086607],[24.89225221866417,56.45173373311135],[24.892153026529137,56.45173785023421],[24.892053914980487,56.451732111656185],[24.891955860864655,56.45171657393686],[24.891859830605984,56.45169139021646],[24.891766770681617,56.45165680870652],[24.870985115650765,56.44273665360751],[24.87090178067295,56.442696215057815],[24.870822544935052,56.44264823909853],[24.85478693246405,56.43189354963674],[24.85471090947273,56.43183716970953],[24.85464055724865,56.43177385497216],[24.854576506020504,56.431704172610154],[24.854519329571453,56.43162874685146],[24.854469540099068,56.431548253374444],[24.854427583626975,56.431463413255095],[24.854393836009283,56.431374986507436],[24.85436859956361,56.4312837652752],[24.854352100362863,56.43119056673564],[24.854344486210046,56.431096225779115],[24.85434582531419,56.43100158752996],[24.85435610567935,56.43090749977575],[24.854375235212046,56.43081480537257],[24.858293668252593,56.415523624837185],[24.8582982971424,56.415501032391504],[24.858275387220328,56.4154983902917],[24.83262206736851,56.413801478083606],[24.832599836359684,56.413801005132896],[24.83257827741826,56.41380645063384],[24.80854543615909,56.42103557053338],[24.80845410849242,56.42105841461976],[24.80836103733631,56.42107256929682],[24.808267047542724,56.421077909117386],[24.80817297210513,56.42107438675679],[24.808079644776036,56.4210620334323],[24.807987892677755,56.421040958626406],[24.807898528971975,56.42101134911659],[24.80781234565303,56.42097346731994],[24.807730106528762,56.420927648967485],[24.807652540451226,56.420874300128716],[24.80758033485715,56.42081389361279],[24.793018911622276,56.407417653892686],[24.792999134768543,56.407401277811566],[24.792973829072167,56.40739692790242],[24.763524022882542,56.403902850199344],[24.763475814138577,56.40389948363787],[24.730709649148732,56.40319993415963],[24.730689801461228,56.40319931321337],[24.702667955681203,56.40204404066733],[24.70257204766956,56.40203544657235],[24.702477410882686,56.402017667828424],[24.70238492281228,56.401990869283715],[24.70229544102671,56.40195529941983],[24.702209795219446,56.40191128804784],[24.70212877951599,56.40185924325022],[24.702053145110565,56.40179964759701],[24.701983593300895,56.40173305367133],[24.701920768985627,56.401660078945724],[24.701865254684705,56.40158140005683],[24.70181756513811,56.401497746531426],[24.70177814253311,56.40140989402218],[24.701747352404187,56.401318657115574],[24.701725480243727,56.40122488177893],[24.701712728854893,56.40112943751641],[24.70170921647118,56.40103320930679],[24.701714975660124,56.40093708939778],[24.703397147479212,56.38542346747176],[24.703398534900995,56.38540046765034],[24.70337721729166,56.38539172258008],[24.677821054044156,56.37630748390751],[24.677799836762475,56.37630099378192],[24.677777658221153,56.376300355757664],[24.64664022891919,56.376796170309404],[24.646545889047765,56.37679321759375],[24.64645224778525,56.37678138358239],[24.646360139356357,56.37676077370133],[24.6462703843302,56.37673157155843],[24.64618378231006,56.3766940373077],[24.630626430096473,56.36905997415977],[24.630545297449515,56.36901538870129],[24.630468635603076,56.36896349139105],[24.630397101577504,56.36890472700816],[24.63033130844584,56.36883959918511],[24.63027182007952,56.3687686660914],[24.630219146315838,56.368692535649856],[24.630173738588404,56.368611860326496],[24.630135986058228,56.368527331538644],[24.628408546727982,56.364122501771824],[24.628391995133466,56.36407709817186],[24.622908228079925,56.34782410890631],[24.622898897181038,56.34780053339715],[24.62287917064334,56.34778460436655],[24.604319592133773,56.33431414371685],[24.604299112763634,56.33430076325592],[24.604277420347113,56.33428945483393],[24.58451506350286,56.32519121576918],[24.58443052329362,56.32514729929268],[24.58435054573482,56.32509553739574],[24.584275856679106,56.325036399854],[24.58420713398223,56.324970423382275],[24.58414500135104,56.3248982067635],[24.584090022682894,56.32482040541431],[24.584042696947908,56.32473772543672],[24.58400345366044,56.324650917209716],[24.583972648980943,56.32456076857907],[24.579540088066818,56.30923952541934],[24.57951784328012,56.30914601284912],[24.579504679482397,56.309050796538784],[24.57950071829966,56.308954756232886],[24.57964427849528,56.28802142022218],[24.579643314088045,56.28799821153868],[24.57962043778067,56.28799418070329],[24.53688397170675,56.28257969362951],[24.53676732869698,56.282557817190906],[24.48363567392798,56.26928669081048],[24.483586053963236,56.26927693441416],[24.46217625661741,56.26618289099671],[24.46208273077356,56.26616479059093],[24.461991351600073,56.26613787303513],[24.461902948336284,56.26610238259827],[24.461818323216008,56.26605864134571],[24.461738244187515,56.26600704621655],[24.461663437944615,56.265948065421526],[24.46159458333214,56.26588223419415],[24.45395633238785,56.25784890130446],[24.453938404453414,56.257831862219],[24.45391370185919,56.257833096362205],[24.422624778043087,56.26098944733311],[24.422603047819745,56.26099261502822],[24.4225829084169,56.26100136953285],[24.386491516636404,56.278625990011896],[24.386402650460838,56.27866418048292],[24.386310510340735,56.27869360678926],[24.386215958312274,56.27871399362696],[24.386119878976743,56.27872515026269],[24.386023171224462,56.278726972318196],[24.38592673982505,56.27871944274688],[24.385831486962633,56.278702631993205],[24.35827975272179,56.272452711182424],[24.35825607922784,56.27244856322872],[24.358241481532016,56.27246765634561],[24.344295257937038,56.292716226549075],[24.344237917451746,56.29279157645886],[24.3441737073889,56.29286116530845],[24.3441032034264,56.29292436919623],[24.344027037670347,56.29298062146519],[24.343945892987886,56.29302941778336],[24.343860496884933,56.29307032066539],[24.343771614983673,56.29310296339485],[24.317863136263135,56.30124834637871],[24.31775355442849,56.30127610032955],[24.317641540394735,56.3012913094227],[24.317528525528758,56.30129377930937],[24.286678857902473,56.30022286559939],[24.28657992359942,56.30021449923413],[24.286482306593786,56.3001963632864],[24.286386969193273,56.30016863654026],[24.28629485123325,56.30013159232574],[24.286206860811863,56.300085595824434],[24.286123865338016,56.3000311004695],[24.286046682980462,56.29996864347574],[24.28597607460229,56.299898840543705],[24.285912736260357,56.29982237979018],[24.285857292343554,56.29974001496469],[24.285810289417594,56.299652558019055],[24.285772190836962,56.29956087110318],[24.285743372177173,56.29946585806599],[24.285724117532357,56.29936845554528],[24.28571461671466,56.299269623734354],[24.285714963383068,56.29917033691645],[24.285725154120122,56.29907157386027],[24.28574508846562,56.29897430817126],[24.285774569906934,56.29887949869385],[24.29059710721211,56.285714729317306],[24.29060400826499,56.285692579269075],[24.29058128439678,56.285687902198994],[24.240731763607375,56.27795621905358],[24.24065220540705,56.277940552763965],[24.20099573302974,56.26844658175356],[24.200900462457664,56.2684187075227],[24.20080842477116,56.26838152528349],[24.2007205268594,56.268335401409445],[24.200637634820463,56.268280790380054],[24.176604502432692,56.250676617391406],[24.17658288862361,56.25066246489984],[24.176557092697976,56.25066104363952],[24.113949225969133,56.250500062291366],[24.11392574494188,56.250501140154235],[24.113915326728986,56.25052221101726],[24.107463586500337,56.265336198274255],[24.107420986950356,56.26542242858457],[24.107370300487265,56.26550416762381],[24.107311995980517,56.265580659274136],[24.09789401562691,56.27677586917802],[24.097824704893142,56.27685023293716],[24.097748202533538,56.276917175714686],[24.097665299119395,56.27697600572754],[24.097576851370157,56.27702611502951],[24.097483773300134,56.27706698579374],[24.097387026773113,56.277098195663946],[24.097287611562535,56.27711942211901],[24.097186555019864,56.27713044580586],[24.04762475528219,56.2799985513549],[24.047601026439754,56.280001122740416],[24.04760201259237,56.28002497011953],[24.049296711514412,56.298500950809505],[24.04930087329866,56.2985983814983],[24.04929552519968,56.29869575427379],[24.049280718078208,56.29879214311506],[24.049256592750854,56.29888663135849],[24.049223378650918,56.29897832041527],[24.04918139164647,56.299066338317004],[24.04913103103642,56.2991498480082],[24.049072775753174,56.29922805530672],[24.049007179807944,56.2993002164565],[24.048934867022076,56.2993656452007],[24.04885652509447,56.29942371930807],[24.04877289906153,56.2994738864904],[24.048684784211805,56.299515669654774],[24.022681303850483,56.31032656116758],[24.022659400833696,56.310336973225546],[24.02265383248355,56.31036057717811],[24.01927682044956,56.328717600107176],[24.019254277767192,56.328813381838586],[24.01922243082916,56.32890648439031],[24.019181587987468,56.32899600631434],[24.01913214469528,56.32908108083142],[24.01907457967801,56.3291608842235],[24.019009450298142,56.329234643809166],[24.0189373871587,56.32930164542506],[24.018859087997523,56.3293612403406],[24.018775310931563,56.32941285153919],[24.018686867116568,56.32945597930505],[24.018594612893196,56.329490206061685],[24.018499441495678,56.32951520041493],[24.018402274403236,56.32953072036165],[24.018304052418035,56.32953661563287],[23.956510098719242,56.330199610891455],[23.956489345649484,56.33019961819643],[23.91662484815785,56.3297999741113],[23.91660064104223,56.32980094822493],[23.91659291154518,56.32982390880463],[23.91450500000454,56.3372386554173],[23.914473270134998,56.33733304470117],[23.91443230998295,56.33742381026443],[23.91438252571424,56.33751005206473],[23.91432441099573,56.3375909149179],[23.914258542100026,56.33766559697805],[23.914185572191105,56.337733357688805],[23.91410622484745,56.33779352512671],[23.914021286886967,56.33784550266416],[23.913931600564794,56.33788877488556],[23.9138380552214,56.33792291269831],[23.91374157846378,56.33794757758771],[23.91364312696719,56.33796252497371],[23.913543676988628,56.337967606636234],[23.842800254377632,56.3380555276213],[23.84275539443496,56.33805760110863],[23.80354471747726,56.341640958667604],[23.803442576567825,56.341645046538424],[23.803340551990956,56.341638685580754],[23.803239709850025,56.341621942263274],[23.803141103892575,56.341594991544866],[23.803045764499192,56.341558115046425],[23.80295468791659,56.34151169810804],[23.802868825847334,56.3414562257624],[23.77452037312747,56.32101461325727],[23.774499488297234,56.321001113671244],[23.77447533731952,56.3210070420127],[23.76621249971367,56.32348735701448],[23.766190447339707,56.323495180402325],[23.76619841584485,56.32351718075504],[23.779501769600802,56.35526595592451],[23.7795355367654,56.35535928702602],[23.77955988574676,56.35545550575091],[23.779574576685114,56.355553664256625],[23.77957946486126,56.35565279559197],[23.779574502122195,56.355751923222506],[23.778090219747558,56.37059474696889],[23.778075630143206,56.37069202366399],[23.778051554108465,56.37078739638816],[23.7780182245937,56.37087994235193],[23.777975964082366,56.37096876611646],[23.777925181470767,56.37105300825748],[23.777866368111756,56.37113185368072],[23.777800093060563,56.37120453950846],[23.777726997568873,56.371270362460834],[23.7776477888803,56.371328685660494],[23.777563233387376,56.3713789447948],[23.777474149216243,56.37142065357586],[23.777381398310766,56.371453408445696],[23.777285878092727,56.3714768924809],[23.77718851277868,56.37149087845906],[23.777090244437627,56.37149523105728],[23.755563017363638,56.37138892573664],[23.755548095128727,56.371388740692936],[23.71640908942677,56.370611272814934],[23.71631140004544,56.37060453704775],[23.716214837799843,56.37058827917247],[23.716120328585347,56.37056265507915],[23.699925912097246,56.365308219780864],[23.6998994965696,56.365301229745846],[23.699872192063296,56.36530017873445],[23.663769865996336,56.36589883685777],[23.663630103094697,56.365891358297084],[23.62108926914098,56.360610837527695],[23.621000583013736,56.360595751609736],[23.620913611503315,56.36057275660024],[23.58302781026683,56.348708795787594],[23.582972200126513,56.348689567436644],[23.555325544904907,56.338209788381526],[23.55529942257652,56.33820150386383],[23.555272119874203,56.338199143413895],[23.51342727307764,56.33690056859005],[23.513400197983056,56.33690120594026],[23.51337390307371,56.33690769012932],[23.477739747124044,56.34778750182908],[23.4776588162371,56.34780855574643],[23.438822340151322,56.356195175711655],[23.438800312972113,56.35620099730298],[23.438779800880553,56.35621069353498],[23.413353292946407,56.36967163933731],[23.413243118146983,56.369721682443156],[23.383957175527108,56.380939793214225],[23.383851370516037,56.380973712330956],[23.383742455698858,56.38099568434602],[23.383631775651516,56.381005438010355],[23.340519433854734,56.382399085025156],[23.340480000794,56.38239958172328],[23.306746557930904,56.382159258701705],[23.3066605786942,56.38215494053852],[23.306575289452596,56.382143243489956],[23.306491322291127,56.38212425424373],[23.27332362714425,56.37310649935808],[23.27329951880824,56.37310121116478],[23.27327500563926,56.373098333423236],[23.260308274453404,56.372224019488115],[23.260246704041577,56.37222367121411],[23.22510931633308,56.37419387049026],[23.225000316822317,56.37419403244453],[23.224891947192045,56.37418233018788],[23.206131421755796,56.37111443249889],[23.206090596154322,56.37110947085186],[23.17322399030636,56.36848164399937],[23.173129142635126,56.368469473831496],[23.173035891061325,56.36844829984489],[23.172945088295418,56.368418315658595],[23.172857564655487,56.36837979545379],[23.172774120474646,56.36833309146672],[23.172695518782657,56.36827863076767],[23.172622478328613,56.36821691135583],[23.172555667008577,56.36814849760545],[23.172495695758204,56.36807401510514],[23.172443112966224,56.36799414493729],[23.172398399459873,56.367909617450195],[23.172361964108116,56.367821205579574],[23.17233414008287,56.36772971778069],[23.172315181812408,56.36763599063571],[23.17230526265483,56.36754088120381],[23.172304473312835,56.36744525918404],[23.172312821004315,56.36734999896269],[23.17233022939637,56.36725597161767],[23.174993918903866,56.35592558903049],[23.17499857097664,56.355899695962805],[23.17499487333379,56.355873649462644],[23.17150488541895,56.33812456806717],[23.17149888982534,56.338100565908135],[23.171477369976515,56.33808836152848],[23.14682610320245,56.32571296596619],[23.14677416837129,56.32568494543016],[23.123821081135706,56.3124120732461],[23.12379927292828,56.312400859390316],[23.1237756893568,56.312394139001796],[23.094123056710988,56.30550535644407],[23.09410023678318,56.305501181881176],[23.09408078620239,56.30551382510034],[23.07024314824457,56.32266596459644],[23.070155574044605,56.32272229879158],[23.070062616569107,56.32276922095895],[23.069965283735716,56.32280622233171],[23.06986463090313,56.32283290171203],[23.06976174942808,56.322848969821216],[23.06965775483197,56.32285425243626],[23.06955377470554,56.32284869227892],[23.0453018607139,56.320280328246454],[23.04527812356127,56.32027897174864],[23.04525878499434,56.32029280331863],[23.01151936061099,56.34698468346401],[23.011501132039868,56.34700062815598],[23.01149724865485,56.347024532827575],[23.009109132054935,56.368318572510184],[23.009096711205103,56.36839935576595],[23.009077734735317,56.36847885485726],[23.00436802469432,56.385158805366466],[23.0043367767731,56.385251773127344],[23.00429657195628,56.38534123267042],[23.004247796991567,56.385426323445245],[23.00419092106667,56.38550622692646],[23.00412649129597,56.385580174487544],[22.989703917996028,56.400579917804166],[22.98963421117854,56.4006457796501],[22.989558516011396,56.40070466143697],[22.98947752864966,56.40075602163939],[22.98939199391978,56.40079938790667],[22.98930269846954,56.40083436140692],[22.9892104635334,56.40086062049504],[22.989116137379757,56.40087792367084],[22.989020587509565,56.40088611180007],[22.988924692678086,56.400885109577956],[22.988829334813122,56.40087492622176],[22.988735390904097,56.400855655386],[22.843422109102754,56.36370572329715],[22.843399554236793,56.363701055139025],[22.843376623712842,56.36370062243305],[22.80630030021773,56.36469971413229],[22.77000912272311,56.365699463257286],[22.769990338107263,56.36570033452223],[22.72209694334686,56.36882530965182],[22.722004238803514,56.36882705076741],[22.72191177149403,56.36882019799295],[22.72182033637503,56.368804810242864],[22.721730719529194,56.36878101980816],[22.72164369140724,56.36874903121911],[22.72156000020419,56.368709119486844],[22.721480365427027,56.36866162773907],[22.697433366051712,56.35276471222687],[22.69741065686189,56.352751382757646],[22.69738446706336,56.35274864843739],[22.67717595289213,56.35172353872484],[22.677150360479743,56.35172357142292],[22.67712816214999,56.35173630746593],[22.66304783534736,56.36081800893432],[22.662963474387663,56.36086677197741],[22.66287476807353,56.36090709313471],[22.66278255863645,56.36093858957272],[22.66268772156869,56.36096096224515],[22.662591157310835,56.36097399873232],[22.641981281336477,56.362739462968484],[22.64195601417035,56.362742948476395],[22.641934270760377,56.36275628273936],[22.612796496019577,56.38276492413363],[22.305555555555557,57.06305555555555],[22.747500000000002,57.426944444444445],[23.180833333333336,57.58638888888889],[23.40611111111111,57.59388888888889]],[[23.22389685007827,56.942476356769646],[23.297080111298786,56.72513587910722],[23.297106548353447,56.7250426537127],[23.297123838220546,56.72494730722593],[23.2971318185501,56.72485073494014],[23.297130414407675,56.72475384365866],[23.297119638978014,56.724657543180165],[23.297099593441246,56.72456273775575],[23.297070466022788,56.72447031759812],[23.29703253022596,56.72438115052257],[23.296986142263794,56.724296073798314],[23.296931737714257,56.72421588628662],[23.296869827430186,56.72414134093955],[23.296800992742465,56.72407313772988],[23.296725880001386,56.72401191707838],[23.296645194507477,56.72395825384035],[23.296559693888813,56.72391265190781],[23.296470180986976,56.72387553947799],[23.29637749631845,56.72384726503258],[23.296282510182262,56.72382809406559],[23.296186114487984,56.72381820659032],[23.295892352121342,56.723802403235226],[23.295870746703482,56.72380019524983],[23.295885447586087,56.7237842092142],[23.302289755291685,56.71745936697818],[23.30229698172589,56.717452372371305],[23.308913366033224,56.71117589457588],[23.308920589127464,56.71116917667964],[23.315733946653424,56.704956573370666],[23.315741115007178,56.70495016223925],[23.322748681189438,56.69880310620355],[23.32275582114798,56.69879696106126],[23.329955647763114,56.6927174158123],[23.32996273970936,56.69271153840371],[23.337352611643517,56.686701179533685],[23.33735966136038,56.68669555073364],[23.34493735781051,56.680756335142014],[23.344944356426588,56.68075094889095],[23.352707391494512,56.67488482304259],[23.352714319537018,56.67487968117791],[23.360660191253793,56.66908804824094],[23.36066707267125,56.66908312111408],[23.368793557937273,56.66336793721387],[23.36880036992673,56.66336323030337],[23.377104699179394,56.65772616723113],[23.37711144845757,56.65772166530589],[23.3855911120405,56.65216440615701],[23.385597811229168,56.65216009167117],[23.3942508809962,56.646684301442974],[23.39425748427678,56.64668019435314],[23.40308034482261,56.64128727427684],[23.403086907586726,56.64128333152587],[23.412077046967894,56.63597551859372],[23.41208353684934,56.63597175232768],[23.42123875490525,56.63075015245958],[23.421245160356417,56.63074656124741],[23.430562105223736,56.62561258152744],[23.430568475328094,56.62560913128902],[23.440044648931718,56.62056499880663],[23.440050929921753,56.62056171238645],[23.449683573058692,56.61560825751222],[23.44968978211039,56.61560511902028],[23.459475268467784,56.61074402252087],[23.45948141875274,56.61074101957455],[23.46941723564356,56.605973681878865],[23.469423339334803,56.60597080375614],[23.479506998487903,56.60129889064634],[23.479513019649627,56.6012961491904],[23.489740359765296,56.5967210524177],[23.489746323981027,56.59671843088443],[23.500115117816986,56.59224126849206],[23.50012100928924,56.5922387692126],[23.510627916354448,56.587860659916544],[23.51063376544282,56.587858265939914],[23.521275164924564,56.58358116183306],[23.521280960439853,56.583578874277805],[23.532054371891963,56.5794038823588],[23.532060085845405,56.579401708130725],[23.542961614475285,56.5753296681874],[23.54296728697971,56.57532758830799],[23.553994137226482,56.57135989898411],[23.553999763516636,56.57135791236499],[23.565148615023073,56.56749596086447],[23.565154173845936,56.56749407177249],[23.57642141222097,56.563738695835845],[23.57642693158833,56.56373689176997],[23.587809216719606,56.560089485199335],[23.587814682004964,56.56008776833208],[23.599308958459737,56.55654916707563],[23.59931438414917,56.556547530340275],[23.610916766635217,56.55311912460327],[23.61092213092442,56.553117572020646],[23.6226292850055,56.54979992031628],[23.622634612053524,56.54979844246694],[23.634443186863535,56.546592662905304],[23.634448487524452,56.54659125505541],[23.646354885926584,56.543498734524576],[23.646360121255675,56.543497404866024],[23.658360722412443,56.540518425901844],[23.6583659510775,56.54051715778574],[23.67045742602272,56.53765338740397],[23.670462580282848,56.53765219541982],[23.682640763451616,56.53490363556602],[23.68264590918494,56.53490250265826],[23.694907734036377,56.53227054600495],[23.694912827063355,56.5322694804961],[23.707254688257358,56.52975440527067],[23.707259761393008,56.52975339874598],[23.71967775621452,56.527356320077416],[23.71968280420762,56.527355372517114],[23.73217333413879,56.52507712251521],[23.732178337031076,56.52507623623723],[23.744737510107793,56.522917094722686],[23.744742494090584,56.5229162637941],[23.757366684612816,56.52087706759493],[23.75737165072382,56.5208762910176],[23.77006464375591,56.51895680575194],[23.782812701096873,56.517158522000756],[23.795614889478884,56.51548218650594],[23.808466534615988,56.51392807080505],[23.821364851352918,56.51249645385967],[23.834305122356092,56.51118789104009],[23.847284260619052,56.510002940560724],[23.860298433881812,56.50894159804625],[23.873335679648527,56.50800519060239],[23.873340988896096,56.508004837648535],[24.572197717811814,56.46527927588842],[24.57222134316865,56.465278993081625],[24.57222847007401,56.46530151961456],[24.58888820561965,56.528608514687996],[24.588889586041667,56.52861370364799],[24.606667308405047,56.59472465753709],[24.617498579593583,56.63582794307308],[24.617501480409736,56.63583870742347],[24.65804778538276,56.783027348763916],[24.658053861797605,56.78305581467558],[24.65805657385457,56.783084795284495],[24.65999706292773,56.83880455295657],[24.66000352913543,56.83888846693023],[24.66001702861583,56.83897153997548],[24.682777582003236,56.94944349422166],[24.682777975396224,56.949445394287935],[24.691388690766708,56.99083238106867],[24.69138908886324,56.99083428521126],[24.705276825040706,57.05693990941597],[24.705278772503874,57.056948970448175],[24.721939305451475,57.132754395359775],[24.72194311169219,57.13277677435363],[24.721920552595083,57.13277930298402],[24.615605479567282,57.139566237326854],[24.615512923964484,57.13957649054501],[24.615421723429943,57.13959530890284],[24.615332668824426,57.13962252921378],[24.615246532399908,57.13965791543234],[24.61516406110288,57.13970116070096],[24.615085970097052,57.139751890011034],[24.615012936561712,57.13980966345483],[24.608190023082738,57.1457437836623],[24.608182694479083,57.14575003462967],[24.600908877945148,57.15183421086599],[24.600901621712875,57.15184016546175],[24.59343053021777,57.15785461334725],[24.593423306129413,57.15786032014196],[24.58575715929524,57.16380252749836],[24.585750014114886,57.16380796390247],[24.57789103174965,57.16967680704385],[24.57788392230117,57.16968201916888],[24.569834323528717,57.17547498824823],[24.56982730045396,57.175479951351676],[24.561589852796985,57.181195652060836],[24.561582884941917,57.18120040029508],[24.553159818545716,57.18683687163995],[24.55315292181764,57.1868414047709],[24.544546727642416,57.1923969755327],[24.544539904059754,57.192401302663725],[24.535753639553445,57.19787401715657],[24.535746883252315,57.197878151547165],[24.526782494177294,57.20326661095742],[24.526775808497362,57.20327055935111],[24.517636345032138,57.20857281383427],[24.51762973743042,57.20857658035251],[24.508318250701357,57.213790957404406],[24.508311722532152,57.21379454950651],[24.49883044141368,57.218919926440904],[24.498823977903665,57.21892335958596],[24.489176525553706,57.223957500932755],[24.48917011745399,57.2239607862528],[24.47935869417982,57.2289020304323],[24.479352395022694,57.22890514751669],[24.469380621418008,57.233752649275694],[24.469374357818104,57.233755640578956],[24.459244737480283,57.23850717067575],[24.459238576593137,57.23851000975227],[24.448954720746247,57.243164728761684],[24.44894859432606,57.24316745238408],[24.438513279425017,57.247723134033656],[24.438507259220966,57.2477257154199],[24.427924093926105,57.252181799629334],[24.427918112287752,57.252184272762925],[24.41718989348399,57.25653880299963],[24.417183980405582,57.25654115936073],[24.406314302848678,57.260792749116206],[24.406308460892326,57.26079499210311],[24.395300668614816,57.26494252189791],[24.395294873702593,57.26494466452036],[24.38415229141683,57.26898646730393],[24.384146585171617,57.26898849813309],[24.372872834203072,57.27292401061842],[24.37286715412122,57.27292595527891],[24.361465297221866,57.27675322772047],[24.361459691891632,57.27675507253426],[24.349933607514487,57.28047327174365],[24.349928048905998,57.28047502918332],[24.338281353683474,57.28408276155963],[24.3382758589634,57.284084429110024],[24.326512167517045,57.287580857309514],[24.326506712350927,57.28758244502942],[24.314629639387732,57.29096617666564],[24.31462424106489,57.290967681968866],[24.30263739456563,57.294237882053835],[24.302632041964713,57.29423931051475],[24.2905393208561,57.29739486295429],[24.290534005038165,57.297396218993214],[24.278338738496373,57.300436011764475],[24.27833347678657,57.300437293073635],[24.266040106257286,57.30336049137815],[24.266034887251884,57.30336170288113],[24.253647036353605,57.30616746850541],[24.25364184644118,57.306168615020546],[24.241163127380084,57.30885583506134],[24.241157978045695,57.30885691562268],[24.228592544260728,57.31142475783869],[24.228587450475498,57.311425771261206],[24.215939205785272,57.313873952975165],[24.2159341225996,57.31387490962086],[24.20320696881919,57.31620203842427],[24.20320191546529,57.31620293563935],[24.19040000274745,57.318408179990406],[24.190394993002084,57.31840901678611],[24.177521929847245,57.32049209781947],[24.177516955117547,57.32049287713028],[24.16457719810303,57.32245323601791],[24.16457224458196,57.322453961112004],[24.151562556724677,57.3242917591756],[24.13849621602653,57.32600475933562],[24.125375657085048,57.32759332188519],[24.112204584449458,57.329056325116895],[24.098987384830355,57.33039377536372],[24.085727940154193,57.3316053947053],[24.072430447740444,57.3326903469988],[24.059099380781735,57.333648075467345],[24.045738538081636,57.33447914092412],[24.03235243433851,57.33518270562091],[24.018945236999148,57.335758492389296],[24.005521050723697,57.3362067805481],[23.9920841351702,57.33652673461142],[23.978638574503712,57.33671891157694],[23.965189121416056,57.336783032794564],[23.95173940821011,57.33671882084437],[23.938293858027635,57.33652655345373],[23.924857163743788,57.336206506990415],[23.911432738395284,57.33575812880851],[23.89802549211373,57.3351822484357],[23.884639374062584,57.33447859074824],[23.8712785505583,57.33364743414094],[23.857947394976254,57.332689606098924],[23.844650168240083,57.33160455845894],[23.831390443993524,57.33039284416712],[23.81817320065727,57.32905529403005],[23.805002051618718,57.32759218534575],[23.791881498581017,57.32600352549546],[23.778815342200495,57.32429041388849],[23.765815258810754,57.32245396159338],[23.765810300382057,57.322453235780344],[23.752870821875092,57.32049287701942],[23.75286584871361,57.32049209794618],[23.739992784775694,57.31840901678611],[23.73998777503033,57.318408179990406],[23.72718586231249,57.31620293563935],[23.727180808958586,57.31620203842427],[23.714453655178175,57.31387490962086],[23.714448571992502,57.313873952975165],[23.701800326238427,57.31142577105529],[23.701795234575926,57.311424758066565],[23.689229524140792,57.308856916057856],[23.689224370443277,57.30885583458027],[23.67674592903457,57.30616861453725],[23.676740743715573,57.30616746903755],[23.664352613929474,57.30336170313544],[23.664347392567286,57.30336049109865],[23.652054024512633,57.30043729338257],[23.652048760211354,57.30043601142744],[23.6398537700786,57.29739621834502],[23.63984845956827,57.29739486366079],[23.627755459395814,57.294239310853705],[23.62775010408133,57.29423788168471],[23.61576325893511,57.290967681968866],[23.61575786061227,57.29096617666564],[23.603880787649075,57.28758244502942],[23.603875332482957,57.287580857309514],[23.5921116410366,57.284084429110024],[23.592106146316524,57.28408276155963],[23.580459451094,57.28047502918332],[23.58045389248551,57.28047327174365],[23.56892780985644,57.276755073098165],[23.568922201043684,57.276753227115385],[23.557520621907837,57.27292595471516],[23.55751494530933,57.27292401122395],[23.54624119260616,57.26898849813309],[23.54623548636095,57.26898646730393],[23.53509290211903,57.26494466381079],[23.535087111101507,57.264942522655765],[23.52407904309086,57.26079499357604],[23.5240731932059,57.26079274754383],[23.51320379534489,57.25654115859736],[23.513197886300862,57.256538803814294],[23.502469665490025,57.252184272762925],[23.502463683851673,57.252181799629334],[23.491880518556812,57.2477257154199],[23.49187449835276,57.247723134033656],[23.481439181128057,57.24316745136965],[23.4814330593278,57.24316472983832],[23.47114892813063,57.23851001185255],[23.471142757854437,57.23850716844786],[23.461013415081265,57.233755638330955],[23.461007161174134,57.23375265165824],[23.45103511001027,57.22890514992049],[23.451028800856452,57.22890202788767],[23.441217655132434,57.22396078368407],[23.44121125733956,57.22395750364992],[23.431563527446396,57.21892336232889],[23.43155705331892,57.21891992354243],[23.42207604973461,57.21379454657916],[23.42206953249783,57.213790960494535],[23.412757768240375,57.20857658347264],[23.412751149394353,57.20857281054275],[23.403611966404256,57.203270557741625],[23.40360528642513,57.2032666126553],[23.394640891487807,57.19787814972124],[23.394634141202975,57.19787401907797],[23.385847598978938,57.19240130448891],[23.385840769379918,57.19239697361053],[23.37723457818236,57.1868414047709],[23.377227681454286,57.18683687163995],[23.368804615058085,57.18120040029508],[23.368797647203017,57.181195652060836],[23.360560202903745,57.17547995368148],[23.360553173195196,57.17547498580388],[23.352503852117422,57.169682016840106],[23.352496749302713,57.16967680948921],[23.344637763662888,57.16380796390247],[23.344630618482533,57.16380252749836],[23.33696447164836,57.15786032014196],[23.336957247560004,57.15785461334725],[23.32948615240859,57.15184016251831],[23.329478903376536,57.15183421394505],[23.322204809179446,57.14575003757184],[23.322197473375702,57.14574378058208],[23.315123149517618,57.13959100020609],[23.315115803374418,57.139584483203315],[23.308243171657136,57.13336587251952],[23.308235785788202,57.13335905322799],[23.301566519431475,57.12707602496281],[23.301559109390308,57.1270688988516],[23.295095419889307,57.12072368442859],[23.295087991780353,57.12071623743401],[23.288831816273824,57.11431079489025],[23.288824378598243,57.11430301393295],[23.282777367193983,57.10783901509336],[23.282769944230115,57.10783090327975],[23.276933750781055,57.101310579344144],[23.276926344425796,57.10130211512573],[23.27130290944919,57.09472770905249],[23.271295525649503,57.094718872578476],[23.26588649518683,57.0880920543456],[23.265879168483156,57.08808285950588],[23.260697309200676,57.08142050853972],[23.260684889897753,57.08140281124668],[23.260706176428847,57.08140659500954],[23.261414374946725,57.08156872472641],[23.261511372846304,57.08158595247112],[23.261609595191743,57.08159355237688],[23.261708088697095,57.081591450683646],[23.261805897444702,57.08157966778918],[23.26190207216275,57.08155831805103],[23.261995679438314,57.08152760867668],[23.262085810776487,57.08148783771252],[23.26217159141769,57.081439391151186],[23.262252188827542,57.08138273918532],[23.26232682077693,57.081318431644235],[23.26239476293385,57.081247092657534],[23.262455355893334,57.081169414597746],[23.262508011577207,57.08108615136056],[23.26255221894165,57.080998111047975],[23.262587548937045,57.08090614812536],[23.262613658672095,57.08081115512853],[23.262630294741694,57.080714054001355],[23.26263729568634,57.08061578714791],[23.262634593559145,57.080517308286126],[23.262622214585306,57.08041957319152],[23.262600278907563,57.08032353042108],[23.223895635028228,56.94252401816985],[23.223890172188455,56.942500032715635],[23.22389685007827,56.942476356769646]]]]}},
{"type":"Feature","properties":{"id":"EV-TMA-AH","minFL":95,"maxFL":285},"geometry":{"type":"MultiPolygon","coordinates":[[[[23.180833333333336,57.58638888888889],[23.40611111111111,57.59388888888889],[23.58222222222222,57.66972222222222],[23.648611111111112,57.782777777777774],[23.601111111111113,57.899166666666666],[24.209444444444443,57.899166666666666],[24.261111111111113,57.91722222222222],[24.35638888888889,57.87444444444444],[25.254166666666666,57.10583333333334],[25.546666666666667,56.85388888888889],[25.171666666666667,56.47944444444445],[25.365555555555556,56.154444444444444],[25.355049634325177,56.14769180059617],[25.320722440754555,56.142103420741535],[25.320699746520397,56.14210079118361],[25.320677195207075,56.14210444920245],[25.290225214124845,56.14849437310167],[25.290200346494842,56.14850095961249],[25.290180271996633,56.148517046740096],[25.271967862267463,56.16473902917646],[25.271897252183305,56.16479638146679],[25.271821722461024,56.16484707989126],[25.252474730972246,56.17659363405698],[25.25238606330306,56.17664152819618],[25.2522930254305,56.17668025491045],[25.252196562228974,56.17670942089886],[25.25209765335986,56.17672872995734],[25.223916637964006,56.180768665730874],[25.223809383797004,56.1807781850267],[25.223701727875316,56.180776117212034],[25.22359491836959,56.18076248626126],[25.22349019363707,56.18073745021263],[25.195425103086198,56.17240753321959],[25.19539946741413,56.172401379523514],[25.19537332497965,56.1723979694248],[25.164227565710473,56.17000212045814],[25.16420013671187,56.17000153085345],[25.16417324623399,56.170006971423334],[25.13353925030825,56.177989494484],[25.13346005029676,56.17800673753014],[25.099922992590006,56.18389596242059],[25.099900388105134,56.18390102936442],[25.099880065132105,56.18391214752171],[25.080722189786123,56.19558620064233],[25.08070118533251,56.19560054689668],[25.08069503663529,56.19562522878495],[25.077100651582757,56.214096651538334],[25.0738282594519,56.2315475388761],[25.073804267609187,56.23164705399749],[25.073770227823513,56.23174359497788],[25.073726496793295,56.23183615017708],[25.066509444711787,56.245282403343595],[25.066491989417585,56.245318294137526],[25.0592676192207,56.26181692245615],[25.05922350941514,56.261905460942884],[25.059170868093833,56.26198920835999],[25.059110210338357,56.26206734526088],[25.05904212966898,56.2621391070964],[25.058967292237263,56.26220379169576],[25.05888643030791,56.26226076613706],[25.058800335093757,56.26230947294029],[25.058709849013972,56.262349435522104],[25.033323309734996,56.27209105531584],[25.033300675809105,56.27210106346644],[25.03328200296046,56.272117304845715],[25.017808435120475,56.286995735461076],[25.017733370542857,56.28706104579448],[25.01765218724763,56.28711857320568],[25.01756568896002,56.2871677481658],[24.995122394848224,56.29848842598111],[24.99510067675667,56.2985007839351],[24.995080305374866,56.29851525464081],[24.97571964216788,56.313784289879486],[24.97570087321358,56.313800702372625],[24.975694860912093,56.313824899393346],[24.971605006188277,56.33477293578361],[24.97160125056336,56.3348000418921],[24.971603515698693,56.334827313030615],[24.97403329632121,56.35232173351274],[24.97404208055179,56.35242126941056],[24.974040887448496,56.35252118504581],[24.97402972892394,56.352620482805065],[24.97400871639105,56.35271817124411],[24.973978059650676,56.35281327498711],[24.97393806479681,56.35290484446525],[24.97388913116037,56.3529919653978],[24.973831747322077,56.353073767920776],[24.973766486234172,56.35314943527218],[24.959710147957487,56.36788908095173],[24.959689543551708,56.367910060518554],[24.94200549396576,56.38539429033518],[24.941994422763106,56.385405068574485],[24.927506053109386,56.399293653419065],[24.927493285871464,56.3993056790588],[24.911417415463845,56.414183882004586],[24.911401307802997,56.41420027494964],[24.91140945075456,56.41422176629024],[24.91794005329285,56.42926257486362],[24.917974969898484,56.4293553220738],[24.918000534895462,56.42945106989506],[24.918016497204476,56.42954887796751],[24.9195060602311,56.442768749828794],[24.91951226788605,56.44286803063926],[24.919508581123058,56.44296743698758],[24.91949503642343,56.44306598522663],[24.919471767814876,56.44316270020046],[24.919439005545264,56.443256624893685],[24.91939707380427,56.44334682990133],[24.919346387515457,56.44343242262552],[24.91928744823052,56.4435125561079],[24.91922083916631,56.44358643741049],[24.919147219433796,56.44365333546197],[24.919067317516003,56.44371258829178],[24.918981924059537,56.44376360958047],[24.918891884050947,56.44380589446146],[24.918798088455414,56.44383902451679],[24.892446942972015,56.45169619081502],[24.892350513744898,56.45171980086607],[24.89225221866417,56.45173373311135],[24.892153026529137,56.45173785023421],[24.892053914980487,56.451732111656185],[24.891955860864655,56.45171657393686],[24.891859830605984,56.45169139021646],[24.891766770681617,56.45165680870652],[24.870985115650765,56.44273665360751],[24.87090178067295,56.442696215057815],[24.870822544935052,56.44264823909853],[24.85478693246405,56.43189354963674],[24.85471090947273,56.43183716970953],[24.85464055724865,56.43177385497216],[24.854576506020504,56.431704172610154],[24.854519329571453,56.43162874685146],[24.854469540099068,56.431548253374444],[24.854427583626975,56.431463413255095],[24.854393836009283,56.431374986507436],[24.85436859956361,56.4312837652752],[24.854352100362863,56.43119056673564],[24.854344486210046,56.431096225779115],[24.85434582531419,56.43100158752996],[24.85435610567935,56.43090749977575],[24.854375235212046,56.43081480537257],[24.858293668252593,56.415523624837185],[24.8582982971424,56.415501032391504],[24.858275387220328,56.4154983902917],[24.83262206736851,56.413801478083606],[24.832599836359684,56.413801005132896],[24.83257827741826,56.41380645063384],[24.80854543615909,56.42103557053338],[24.80845410849242,56.42105841461976],[24.80836103733631,56.42107256929682],[24.808267047542724,56.421077909117386],[24.80817297210513,56.42107438675679],[24.808079644776036,56.4210620334323],[24.807987892677755,56.421040958626406],[24.807898528971975,56.42101134911659],[24.80781234565303,56.42097346731994],[24.807730106528762,56.420927648967485],[24.807652540451226,56.420874300128716],[24.80758033485715,56.42081389361279],[24.793018911622276,56.407417653892686],[24.792999134768543,56.407401277811566],[24.792973829072167,56.40739692790242],[24.763524022882542,56.403902850199344],[24.763475814138577,56.40389948363787],[24.730709649148732,56.40319993415963],[24.730689801461228,56.40319931321337],[24.702667955681203,56.40204404066733],[24.70257204766956,56.40203544657235],[24.702477410882686,56.402017667828424],[24.70238492281228,56.401990869283715],[24.70229544102671,56.40195529941983],[24.702209795219446,56.40191128804784],[24.70212877951599,56.40185924325022],[24.702053145110565,56.40179964759701],[24.701983593300895,56.40173305367133],[24.701920768985627,56.401660078945724],[24.701865254684705,56.40158140005683],[24.70181756513811,56.401497746531426],[24.70177814253311,56.40140989402218],[24.701747352404187,56.401318657115574],[24.701725480243727,56.40122488177893],[24.701712728854893,56.40112943751641],[24.70170921647118,56.40103320930679],[24.701714975660124,56.40093708939778],[24.703397147479212,56.38542346747176],[24.703398534900995,56.38540046765034],[24.70337721729166,56.38539172258008],[24.677821054044156,56.37630748390751],[24.677799836762475,56.37630099378192],[24.677777658221153,56.376300355757664],[24.64664022891919,56.376796170309404],[24.646545889047765,56.37679321759375],[24.64645224778525,56.37678138358239],[24.646360139356357,56.37676077370133],[24.6462703843302,56.37673157155843],[24.64618378231006,56.3766940373077],[24.630626430096473,56.36905997415977],[24.630545297449515,56.36901538870129],[24.630468635603076,56.36896349139105],[24.630397101577504,56.36890472700816],[24.63033130844584,56.36883959918511],[24.63027182007952,56.3687686660914],[24.630219146315838,56.368692535649856],[24.630173738588404,56.368611860326496],[24.630135986058228,56.368527331538644],[24.628408546727982,56.364122501771824],[24.628391995133466,56.36407709817186],[24.622908228079925,56.34782410890631],[24.622898897181038,56.34780053339715],[24.62287917064334,56.34778460436655],[24.604319592133773,56.33431414371685],[24.604299112763634,56.33430076325592],[24.604277420347113,56.33428945483393],[24.58451506350286,56.32519121576918],[24.58443052329362,56.32514729929268],[24.58435054573482,56.32509553739574],[24.584275856679106,56.325036399854],[24.58420713398223,56.324970423382275],[24.58414500135104,56.3248982067635],[24.584090022682894,56.32482040541431],[24.584042696947908,56.32473772543672],[24.58400345366044,56.324650917209716],[24.583972648980943,56.32456076857907],[24.579540088066818,56.30923952541934],[24.57951784328012,56.30914601284912],[24.579504679482397,56.309050796538784],[24.57950071829966,56.308954756232886],[24.57964427849528,56.28802142022218],[24.579643314088045,56.28799821153868],[24.57962043778067,56.28799418070329],[24.53688397170675,56.28257969362951],[24.53676732869698,56.282557817190906],[24.48363567392798,56.26928669081048],[24.483586053963236,56.26927693441416],[24.46217625661741,56.26618289099671],[24.46208273077356,56.26616479059093],[24.461991351600073,56.26613787303513],[24.461902948336284,56.26610238259827],[24.461818323216008,56.26605864134571],[24.461738244187515,56.26600704621655],[24.461663437944615,56.265948065421526],[24.46159458333214,56.26588223419415],[24.45395633238785,56.25784890130446],[24.453938404453414,56.257831862219],[24.45391370185919,56.257833096362205],[24.422624778043087,56.26098944733311],[24.422603047819745,56.26099261502822],[24.4225829084169,56.26100136953285],[24.386491516636404,56.278625990011896],[24.386402650460838,56.27866418048292],[24.386310510340735,56.27869360678926],[24.386215958312274,56.27871399362696],[24.386119878976743,56.27872515026269],[24.386023171224462,56.278726972318196],[24.38592673982505,56.27871944274688],[24.385831486962633,56.278702631993205],[24.35827975272179,56.272452711182424],[24.35825607922784,56.27244856322872],[24.358241481532016,56.27246765634561],[24.344295257937038,56.292716226549075],[24.344237917451746,56.29279157645886],[24.3441737073889,56.29286116530845],[24.3441032034264,56.29292436919623],[24.344027037670347,56.29298062146519],[24.343945892987886,56.29302941778336],[24.343860496884933,56.29307032066539],[24.343771614983673,56.29310296339485],[24.317863136263135,56.30124834637871],[24.31775355442849,56.30127610032955],[24.317641540394735,56.3012913094227],[24.317528525528758,56.30129377930937],[24.286678857902473,56.30022286559939],[24.28657992359942,56.30021449923413],[24.286482306593786,56.3001963632864],[24.286386969193273,56.30016863654026],[24.28629485123325,56.30013159232574],[24.286206860811863,56.300085595824434],[24.286123865338016,56.3000311004695],[24.286046682980462,56.29996864347574],[24.28597607460229,56.299898840543705],[24.285912736260357,56.29982237979018],[24.285857292343554,56.29974001496469],[24.285810289417594,56.299652558019055],[24.285772190836962,56.29956087110318],[24.285743372177173,56.29946585806599],[24.285724117532357,56.29936845554528],[24.28571461671466,56.299269623734354],[24.285714963383068,56.29917033691645],[24.285725154120122,56.29907157386027],[24.28574508846562,56.29897430817126],[24.285774569906934,56.29887949869385],[24.29059710721211,56.285714729317306],[24.29060400826499,56.285692579269075],[24.29058128439678,56.285687902198994],[24.240731763607375,56.27795621905358],[24.24065220540705,56.277940552763965],[24.20099573302974,56.26844658175356],[24.200900462457664,56.2684187075227],[24.20080842477116,56.26838152528349],[24.2007205268594,56.268335401409445],[24.200637634820463,56.268280790380054],[24.176604502432692,56.250676617391406],[24.17658288862361,56.25066246489984],[24.176557092697976,56.25066104363952],[24.113949225969133,56.250500062291366],[24.11392574494188,56.250501140154235],[24.113915326728986,56.25052221101726],[24.107463586500337,56.265336198274255],[24.107420986950356,56.26542242858457],[24.107370300487265,56.26550416762381],[24.107311995980517,56.265580659274136],[24.09789401562691,56.27677586917802],[24.097824704893142,56.27685023293716],[24.097748202533538,56.276917175714686],[24.097665299119395,56.27697600572754],[24.097576851370157,56.27702611502951],[24.097483773300134,56.27706698579374],[24.097387026773113,56.277098195663946],[24.097287611562535,56.27711942211901],[24.097186555019864,56.27713044580586],[24.04762475528219,56.2799985513549],[24.047601026439754,56.280001122740416],[24.04760201259237,56.28002497011953],[24.049296711514412,56.298500950809505],[24.04930087329866,56.2985983814983],[24.04929552519968,56.29869575427379],[24.049280718078208,56.29879214311506],[24.049256592750854,56.29888663135849],[24.049223378650918,56.29897832041527],[24.04918139164647,56.299066338317004],[24.04913103103642,56.2991498480082],[24.049072775753174,56.29922805530672],[24.049007179807944,56.2993002164565],[24.048934867022076,56.2993656452007],[24.04885652509447,56.29942371930807],[24.04877289906153,56.2994738864904],[24.048684784211805,56.299515669654774],[24.022681303850483,56.31032656116758],[24.022659400833696,56.310336973225546],[24.02265383248355,56.31036057717811],[24.01927682044956,56.328717600107176],[24.019254277767192,56.328813381838586],[24.01922243082916,56.32890648439031],[24.019181587987468,56.32899600631434],[24.01913214469528,56.32908108083142],[24.01907457967801,56.3291608842235],[24.019009450298142,56.329234643809166],[24.0189373871587,56.32930164542506],[24.018859087997523,56.3293612403406],[24.018775310931563,56.32941285153919],[24.018686867116568,56.32945597930505],[24.018594612893196,56.329490206061685],[24.018499441495678,56.32951520041493],[24.018402274403236,56.32953072036165],[24.018304052418035,56.32953661563287],[23.956510098719242,56.330199610891455],[23.956489345649484,56.33019961819643],[23.91662484815785,56.3297999741113],[23.91660064104223,56.32980094822493],[23.91659291154518,56.32982390880463],[23.91450500000454,56.3372386554173],[23.914473270134998,56.33733304470117],[23.91443230998295,56.33742381026443],[23.91438252571424,56.33751005206473],[23.91432441099573,56.3375909149179],[23.914258542100026,56.33766559697805],[23.914185572191105,56.337733357688805],[23.91410622484745,56.33779352512671],[23.914021286886967,56.33784550266416],[23.913931600564794,56.33788877488556],[23.9138380552214,56.33792291269831],[23.91374157846378,56.33794757758771],[23.91364312696719,56.33796252497371],[23.913543676988628,56.337967606636234],[23.842800254377632,56.3380555276213],[23.84275539443496,56.33805760110863],[23.80354471747726,56.341640958667604],[23.803442576567825,56.341645046538424],[23.803340551990956,56.341638685580754],[23.803239709850025,56.341621942263274],[23.803141103892575,56.341594991544866],[23.803045764499192,56.341558115046425],[23.80295468791659,56.34151169810804],[23.802868825847334,56.3414562257624],[23.77452037312747,56.32101461325727],[23.774499488297234,56.321001113671244],[23.77447533731952,56.3210070420127],[23.76621249971367,56.32348735701448],[23.766190447339707,56.323495180402325],[23.76619841584485,56.32351718075504],[23.779501769600802,56.35526595592451],[23.7795355367654,56.35535928702602],[23.77955988574676,56.35545550575091],[23.779574576685114,56.355553664256625],[23.77957946486126,56.35565279559197],[23.779574502122195,56.355751923222506],[23.778090219747558,56.37059474696889],[23.778075630143206,56.37069202366399],[23.778051554108465,56.37078739638816],[23.7780182245937,56.37087994235193],[23.777975964082366,56.37096876611646],[23.777925181470767,56.37105300825748],[23.777866368111756,56.37113185368072],[23.777800093060563,56.37120453950846],[23.777726997568873,56.371270362460834],[23.7776477888803,56.371328685660494],[23.777563233387376,56.3713789447948],[23.777474149216243,56.37142065357586],[23.777381398310766,56.371453408445696],[23.777285878092727,56.3714768924809],[23.77718851277868,56.37149087845906],[23.777090244437627,56.37149523105728],[23.755563017363638,56.37138892573664],[23.755548095128727,56.371388740692936],[23.71640908942677,56.370611272814934],[23.71631140004544,56.37060453704775],[23.716214837799843,56.37058827917247],[23.716120328585347,56.37056265507915],[23.699925912097246,56.365308219780864],[23.6998994965696,56.365301229745846],[23.699872192063296,56.36530017873445],[23.663769865996336,56.36589883685777],[23.663630103094697,56.365891358297084],[23.62108926914098,56.360610837527695],[23.621000583013736,56.360595751609736],[23.620913611503315,56.36057275660024],[23.58302781026683,56.348708795787594],[23.582972200126513,56.348689567436644],[23.555325544904907,56.338209788381526],[23.55529942257652,56.33820150386383],[23.555272119874203,56.338199143413895],[23.51342727307764,56.33690056859005],[23.513400197983056,56.33690120594026],[23.51337390307371,56.33690769012932],[23.477739747124044,56.34778750182908],[23.4776588162371,56.34780855574643],[23.438822340151322,56.356195175711655],[23.438800312972113,56.35620099730298],[23.438779800880553,56.35621069353498],[23.413353292946407,56.36967163933731],[23.413243118146983,56.369721682443156],[23.383957175527108,56.380939793214225],[23.383851370516037,56.380973712330956],[23.383742455698858,56.38099568434602],[23.383631775651516,56.381005438010355],[23.340519433854734,56.382399085025156],[23.340480000794,56.38239958172328],[23.306746557930904,56.382159258701705],[23.3066605786942,56.38215494053852],[23.306575289452596,56.382143243489956],[23.306491322291127,56.38212425424373],[23.27332362714425,56.37310649935808],[23.27329951880824,56.37310121116478],[23.27327500563926,56.373098333423236],[23.260308274453404,56.372224019488115],[23.260246704041577,56.37222367121411],[23.22510931633308,56.37419387049026],[23.225000316822317,56.37419403244453],[23.224891947192045,56.37418233018788],[23.206131421755796,56.37111443249889],[23.206090596154322,56.37110947085186],[23.17322399030636,56.36848164399937],[23.173129142635126,56.368469473831496],[23.173035891061325,56.36844829984489],[23.172945088295418,56.368418315658595],[23.172857564655487,56.36837979545379],[23.172774120474646,56.36833309146672],[23.172695518782657,56.36827863076767],[23.172622478328613,56.36821691135583],[23.172555667008577,56.36814849760545],[23.172495695758204,56.36807401510514],[23.172443112966224,56.36799414493729],[23.172398399459873,56.367909617450195],[23.172361964108116,56.367821205579574],[23.17233414008287,56.36772971778069],[23.172315181812408,56.36763599063571],[23.17230526265483,56.36754088120381],[23.172304473312835,56.36744525918404],[23.172312821004315,56.36734999896269],[23.17233022939637,56.36725597161767],[23.174993918903866,56.35592558903049],[23.17499857097664,56.355899695962805],[23.17499487333379,56.355873649462644],[23.17150488541895,56.33812456806717],[23.17149888982534,56.338100565908135],[23.171477369976515,56.33808836152848],[23.14682610320245,56.32571296596619],[23.14677416837129,56.32568494543016],[23.123821081135706,56.3124120732461],[23.12379927292828,56.312400859390316],[23.1237756893568,56.312394139001796],[23.094123056710988,56.30550535644407],[23.09410023678318,56.305501181881176],[23.09408078620239,56.30551382510034],[23.07024314824457,56.32266596459644],[23.070155574044605,56.32272229879158],[23.070062616569107,56.32276922095895],[23.069965283735716,56.32280622233171],[23.06986463090313,56.32283290171203],[23.06976174942808,56.322848969821216],[23.06965775483197,56.32285425243626],[23.06955377470554,56.32284869227892],[23.0453018607139,56.320280328246454],[23.04527812356127,56.32027897174864],[23.04525878499434,56.32029280331863],[23.01151936061099,56.34698468346401],[23.011501132039868,56.34700062815598],[23.01149724865485,56.347024532827575],[23.009109132054935,56.368318572510184],[23.009096711205103,56.36839935576595],[23.009077734735317,56.36847885485726],[23.00436802469432,56.385158805366466],[23.0043367767731,56.385251773127344],[23.00429657195628,56.38534123267042],[23.004247796991567,56.385426323445245],[23.00419092106667,56.38550622692646],[23.00412649129597,56.385580174487544],[22.989703917996028,56.400579917804166],[22.98963421117854,56.4006457796501],[22.989558516011396,56.40070466143697],[22.98947752864966,56.40075602163939],[22.98939199391978,56.40079938790667],[22.98930269846954,56.40083436140692],[22.9892104635334,56.40086062049504],[22.989116137379757,56.40087792367084],[22.989020587509565,56.40088611180007],[22.988924692678086,56.400885109577956],[22.988829334813122,56.40087492622176],[22.988735390904097,56.400855655386],[22.843422109102754,56.36370572329715],[22.843399554236793,56.363701055139025],[22.843376623712842,56.36370062243305],[22.80630030021773,56.36469971413229],[22.77000912272311,56.365699463257286],[22.769990338107263,56.36570033452223],[22.72209694334686,56.36882530965182],[22.722004238803514,56.36882705076741],[22.72191177149403,56.36882019799295],[22.72182033637503,56.368804810242864],[22.721730719529194,56.36878101980816],[22.72164369140724,56.36874903121911],[22.72156000020419,56.368709119486844],[22.721480365427027,56.36866162773907],[22.697433366051712,56.35276471222687],[22.69741065686189,56.352751382757646],[22.69738446706336,56.35274864843739],[22.67717595289213,56.35172353872484],[22.677150360479743,56.35172357142292],[22.67712816214999,56.35173630746593],[22.66304783534736,56.36081800893432],[22.662963474387663,56.36086677197741],[22.66287476807353,56.36090709313471],[22.66278255863645,56.36093858957272],[22.66268772156869,56.36096096224515],[22.662591157310835,56.36097399873232],[22.641981281336477,56.362739462968484],[22.64195601417035,56.362742948476395],[22.641934270760377,56.36275628273936],[22.612796496019577,56.38276492413363],[22.305555555555557,57.06305555555555],[22.747500000000002,57.426944444444445],[23.180833333333336,57.58638888888889]]]]}},
{"type":"Feature","properties":{"id":"EV-TMA-B","minFL":15,"maxFL":95},"geometry":{"type":"MultiPolygon","coordinates":[[[[23.223890172188455,56.942500032715635],[23.223895635028228,56.94252401816985],[23.262600278907563,57.08032353042108],[23.262622214585306,57.08041957319152],[23.262634593559145,57.080517308286126],[23.26263729568634,57.08061578714791],[23.262630294741694,57.080714054001355],[23.262613658672095,57.08081115512853],[23.262587548937045,57.08090614812536],[23.26255221894165,57.080998111047975],[23.262508011577207,57.08108615136056],[23.262455355893334,57.081169414597746],[23.26239476293385,57.081247092657534],[23.26232682077693,57.081318431644235],[23.262252188827542,57.08138273918532],[23.26217159141769,57.081439391151186],[23.262085810776487,57.08148783771252],[23.261995679438314,57.08152760867668],[23.26190207216275,57.08155831805103],[23.261805897444702,57.08157966778918],[23.261708088697095,57.081591450683646],[23.261609595191743,57.08159355237688],[23.261511372846304,57.08158595247112],[23.261414374946725,57.08156872472641],[23.260706176428847,57.08140659500954],[23.260684889897753,57.08140281124668],[23.260697309200676,57.08142050853972],[23.265879168483156,57.08808285950588],[23.26588649518683,57.0880920543456],[23.271295525649503,57.094718872578476],[23.27130290944919,57.09472770905249],[23.276926344425796,57.10130211512573],[23.276933750781055,57.101310579344144],[23.282769944230115,57.10783090327975],[23.282777367193983,57.10783901509336],[23.288824378598243,57.11430301393295],[23.288831816273824,57.11431079489025],[23.295087991780353,57.12071623743401],[23.295095419889307,57.12072368442859],[23.301559109390308,57.1270688988516],[23.301566519431475,57.12707602496281],[23.308235785788202,57.13335905322799],[23.308243171657136,57.13336587251952],[23.315115803374418,57.139584483203315],[23.315123149517618,57.13959100020609],[23.322197473375702,57.14574378058208],[23.322204809179446,57.14575003757184],[23.329478903376536,57.15183421394505],[23.32948615240859,57.15184016251831],[23.336957247560004,57.15785461334725],[23.33696447164836,57.15786032014196],[23.344630618482533,57.16380252749836],[23.344637763662888,57.16380796390247],[23.352496749302713,57.16967680948921],[23.352503852117422,57.169682016840106],[23.360553173195196,57.17547498580388],[23.360560202903745,57.17547995368148],[23.368797647203017,57.181195652060836],[23.368804615058085,57.18120040029508],[23.377227681454286,57.18683687163995],[23.37723457818236,57.1868414047709],[23.385840769379918,57.19239697361053],[23.385847598978938,57.19240130448891],[23.394634141202975,57.19787401907797],[23.394640891487807,57.19787814972124],[23.40360528642513,57.2032666126553],[23.403611966404256,57.203270557741625],[23.412751149394353,57.20857281054275],[23.412757768240375,57.20857658347264],[23.42206953249783,57.213790960494535],[23.42207604973461,57.21379454657916],[23.43155705331892,57.21891992354243],[23.431563527446396,57.21892336232889],[23.44121125733956,57.22395750364992],[23.441217655132434,57.22396078368407],[23.451028800856452,57.22890202788767],[23.45103511001027,57.22890514992049],[23.461007161174134,57.23375265165824],[23.461013415081265,57.233755638330955],[23.471142757854437,57.23850716844786],[23.47114892813063,57.23851001185255],[23.4814330593278,57.24316472983832],[23.481439181128057,57.24316745136965],[23.49187449835276,57.247723134033656],[23.491880518556812,57.2477257154199],[23.502463683851673,57.252181799629334],[23.502469665490025,57.252184272762925],[23.513197886300862,57.256538803814294],[23.51320379534489,57.25654115859736],[23.5240731932059,57.26079274754383],[23.52407904309086,57.26079499357604],[23.535087111101507,57.264942522655765],[23.53509290211903,57.26494466381079],[23.54623548636095,57.26898646730393],[23.54624119260616,57.26898849813309],[23.55751494530933,57.27292401122395],[23.557520621907837,57.27292595471516],[23.568922201043684,57.276753227115385],[23.56892780985644,57.276755073098165],[23.58045389248551,57.28047327174365],[23.580459451094,57.28047502918332],[23.592106146316524,57.28408276155963],[23.5921116410366,57.284084429110024],[23.603875332482957,57.287580857309514],[23.603880787649075,57.28758244502942],[23.61575786061227,57.29096617666564],[23.61576325893511,57.290967681968866],[23.62775010408133,57.29423788168471],[23.627755459395814,57.294239310853705],[23.63984845956827,57.29739486366079],[23.6398537700786,57.29739621834502],[23.652048760211354,57.30043601142744],[23.652054024512633,57.30043729338257],[23.664347392567286,57.30336049109865],[23.664352613929474,57.30336170313544],[23.676740743715573,57.30616746903755],[23.67674592903457,57.30616861453725],[23.689224370443277,57.30885583458027],[23.689229524140792,57.308856916057856],[23.701795234575926,57.311424758066565],[23.701800326238427,57.31142577105529],[23.714448571992502,57.313873952975165],[23.714453655178175,57.31387490962086],[23.727180808958586,57.31620203842427],[23.72718586231249,57.31620293563935],[23.73998777503033,57.318408179990406],[23.739992784775694,57.31840901678611],[23.75286584871361,57.32049209794618],[23.752870821875092,57.32049287701942],[23.765810300382057,57.322453235780344],[23.765815258810754,57.32245396159338],[23.778815342200495,57.32429041388849],[23.791881498581017,57.32600352549546],[23.805002051618718,57.32759218534575],[23.81817320065727,57.32905529403005],[23.831390443993524,57.33039284416712],[23.844650168240083,57.33160455845894],[23.857947394976254,57.332689606098924],[23.8712785505583,57.33364743414094],[23.884639374062584,57.33447859074824],[23.89802549211373,57.3351822484357],[23.911432738395284,57.33575812880851],[23.924857163743788,57.336206506990415],[23.938293858027635,57.33652655345373],[23.95173940821011,57.33671882084437],[23.965189121416056,57.336783032794564],[23.978638574503712,57.33671891157694],[23.9920841351702,57.33652673461142],[24.005521050723697,57.3362067805481],[24.018945236999148,57.335758492389296],[24.03235243433851,57.33518270562091],[24.045738538081636,57.33447914092412],[24.059099380781735,57.333648075467345],[24.072430447740444,57.3326903469988],[24.085727940154193,57.3316053947053],[24.098987384830355,57.33039377536372],[24.112204584449458,57.329056325116895],[24.125375657085048,57.32759332188519],[24.13849621602653,57.32600475933562],[24.151562556724677,57.3242917591756],[24.16457224458196,57.322453961112004],[24.16457719810303,57.32245323601791],[24.177516955117547,57.32049287713028],[24.177521929847245,57.32049209781947],[24.190394993002084,57.31840901678611],[24.19040000274745,57.318408179990406],[24.20320191546529,57.31620293563935],[24.20320696881919,57.31620203842427],[24.2159341225996,57.31387490962086],[24.215939205785272,57.313873952975165],[24.228587450475498,57.311425771261206],[24.228592544260728,57.31142475783869],[24.241157978045695,57.30885691562268],[24.241163127380084,57.30885583506134],[24.25364184644118,57.306168615020546],[24.253647036353605,57.30616746850541],[24.266034887251884,57.30336170288113],[24.266040106257286,57.30336049137815],[24.27833347678657,57.300437293073635],[24.278338738496373,57.300436011764475],[24.290534005038165,57.297396218993214],[24.2905393208561,57.29739486295429],[24.302632041964713,57.29423931051475],[24.30263739456563,57.294237882053835],[24.31462424106489,57.290967681968866],[24.314629639387732,57.29096617666564],[24.326506712350927,57.28758244502942],[24.326512167517045,57.287580857309514],[24.3382758589634,57.284084429110024],[24.338281353683474,57.28408276155963],[24.349928048905998,57.28047502918332],[24.349933607514487,57.28047327174365],[24.361459691891632,57.27675507253426],[24.361465297221866,57.27675322772047],[24.37286715412122,57.27292595527891],[24.372872834203072,57.27292401061842],[24.384146585171617,57.26898849813309],[24.38415229141683,57.26898646730393],[24.395294873702593,57.26494466452036],[24.395300668614816,57.26494252189791],[24.406308460892326,57.26079499210311],[24.406314302848678,57.260792749116206],[24.417183980405582,57.25654115936073],[24.41718989348399,57.25653880299963],[24.427918112287752,57.252184272762925],[24.427924093926105,57.252181799629334],[24.438507259220966,57.2477257154199],[24.438513279425017,57.247723134033656],[24.44894859432606,57.24316745238408],[24.448954720746247,57.243164728761684],[24.459238576593137,57.23851000975227],[24.459244737480283,57.23850717067575],[24.469374357818104,57.233755640578956],[24.469380621418008,57.233752649275694],[24.479352395022694,57.22890514751669],[24.47935869417982,57.2289020304323],[24.48917011745399,57.2239607862528],[24.489176525553706,57.223957500932755],[24.498823977903665,57.21892335958596],[24.49883044141368,57.218919926440904],[24.508311722532152,57.21379454950651],[24.508318250701357,57.213790957404406],[24.51762973743042,57.20857658035251],[24.517636345032138,57.20857281383427],[24.526775808497362,57.20327055935111],[24.526782494177294,57.20326661095742],[24.535746883252315,57.197878151547165],[24.535753639553445,57.19787401715657],[24.544539904059754,57.192401302663725],[24.544546727642416,57.1923969755327],[24.55315292181764,57.1868414047709],[24.553159818545716,57.18683687163995],[24.561582884941917,57.18120040029508],[24.561589852796985,57.181195652060836],[24.56982730045396,57.175479951351676],[24.569834323528717,57.17547498824823],[24.57788392230117,57.16968201916888],[24.57789103174965,57.16967680704385],[24.585750014114886,57.16380796390247],[24.58575715929524,57.16380252749836],[24.593423306129413,57.15786032014196],[24.59343053021777,57.15785461334725],[24.600901621712875,57.15184016546175],[24.600908877945148,57.15183421086599],[24.608182694479083,57.14575003462967],[24.608190023082738,57.1457437836623],[24.615012936561712,57.13980966345483],[24.615085970097052,57.139751890011034],[24.61516406110288,57.13970116070096],[24.615246532399908,57.13965791543234],[24.615332668824426,57.13962252921378],[24.615421723429943,57.13959530890284],[24.615512923964484,57.13957649054501],[24.615605479567282,57.139566237326854],[24.721920552595083,57.13277930298402],[24.72194311169219,57.13277677435363],[24.721939305451475,57.132754395359775],[24.705278772503874,57.056948970448175],[24.705276825040706,57.05693990941597],[24.69138908886324,56.99083428521126],[24.691388690766708,56.99083238106867],[24.682777975396224,56.949445394287935],[24.682777582003236,56.94944349422166],[24.66001702861583,56.83897153997548],[24.66000352913543,56.83888846693023],[24.65999706292773,56.83880455295657],[24.65805657385457,56.783084795284495],[24.658053861797605,56.78305581467558],[24.65804778538276,56.783027348763916],[24.617501480409736,56.63583870742347],[24.617498579593583,56.63582794307308],[24.606667308405047,56.59472465753709],[24.588889586041667,56.52861370364799],[24.58888820561965,56.528608514687996],[24.57222847007401,56.46530151961456],[24.57222134316865,56.465278993081625],[24.572197717811814,56.46527927588842],[23.873340988896096,56.508004837648535],[23.873335679648527,56.50800519060239],[23.860298433881812,56.50894159804625],[23.847284260619052,56.510002940560724],[23.834305122356092,56.51118789104009],[23.821364851352918,56.51249645385967],[23.808466534615988,56.51392807080505],[23.795614889478884,56.51548218650594],[23.782812701096873,56.517158522000756],[23.77006464375591,56.51895680575194],[23.75737165072382,56.5208762910176],[23.757366684612816,56.52087706759493],[23.744742494090584,56.5229162637941],[23.744737510107793,56.522917094722686],[23.732178337031076,56.52507623623723],[23.73217333413879,56.52507712251521],[23.71968280420762,56.527355372517114],[23.71967775621452,56.527356320077416],[23.707259761393008,56.52975339874598],[23.707254688257358,56.52975440527067],[23.694912827063355,56.5322694804961],[23.694907734036377,56.53227054600495],[23.68264590918494,56.53490250265826],[23.682640763451616,56.53490363556602],[23.670462580282848,56.53765219541982],[23.67045742602272,56.53765338740397],[23.6583659510775,56.54051715778574],[23.658360722412443,56.540518425901844],[23.646360121255675,56.543497404866024],[23.646354885926584,56.543498734524576],[23.634448487524452,56.54659125505541],[23.634443186863535,56.546592662905304],[23.622634612053524,56.54979844246694],[23.6226292850055,56.54979992031628],[23.61092213092442,56.553117572020646],[23.610916766635217,56.55311912460327],[23.59931438414917,56.556547530340275],[23.599308958459737,56.55654916707563],[23.587814682004964,56.56008776833208],[23.587809216719606,56.560089485199335],[23.57642693158833,56.56373689176997],[23.57642141222097,56.563738695835845],[23.565154173845936,56.56749407177249],[23.565148615023073,56.56749596086447],[23.553999763516636,56.57135791236499],[23.553994137226482,56.57135989898411],[23.54296728697971,56.57532758830799],[23.542961614475285,56.5753296681874],[23.532060085845405,56.579401708130725],[23.532054371891963,56.5794038823588],[23.521280960439853,56.583578874277805],[23.521275164924564,56.58358116183306],[23.51063376544282,56.587858265939914],[23.510627916354448,56.587860659916544],[23.50012100928924,56.5922387692126],[23.500115117816986,56.59224126849206],[23.489746323981027,56.59671843088443],[23.489740359765296,56.5967210524177],[23.479513019649627,56.6012961491904],[23.479506998487903,56.60129889064634],[23.469423339334803,56.60597080375614],[23.46941723564356,56.605973681878865],[23.45948141875274,56.61074101957455],[23.459475268467784,56.61074402252087],[23.44968978211039,56.61560511902028],[23.449683573058692,56.61560825751222],[23.440050929921753,56.62056171238645],[23.440044648931718,56.62056499880663],[23.430568475328094,56.62560913128902],[23.430562105223736,56.62561258152744],[23.421245160356417,56.63074656124741],[23.42123875490525,56.63075015245958],[23.41208353684934,56.63597175232768],[23.412077046967894,56.63597551859372],[23.403086907586726,56.64128333152587],[23.40308034482261,56.64128727427684],[23.39425748427678,56.64668019435314],[23.3942508809962,56.646684301442974],[23.385597811229168,56.65216009167117],[23.3855911120405,56.65216440615701],[23.37711144845757,56.65772166530589],[23.377104699179394,56.65772616723113],[23.36880036992673,56.66336323030337],[23.368793557937273,56.66336793721387],[23.36066707267125,56.66908312111408],[23.360660191253793,56.66908804824094],[23.352714319537018,56.67487968117791],[23.352707391494512,56.67488482304259],[23.344944356426588,56.68075094889095],[23.34493735781051,56.680756335142014],[23.33735966136038,56.68669555073364],[23.337352611643517,56.686701179533685],[23.32996273970936,56.69271153840371],[23.329955647763114,56.6927174158123],[23.32275582114798,56.69879696106126],[23.322748681189438,56.69880310620355],[23.315741115007178,56.70495016223925],[23.315733946653424,56.704956573370666],[23.308920589127464,56.71116917667964],[23.308913366033224,56.71117589457588],[23.30229698172589,56.717452372371305],[23.302289755291685,56.71745936697818],[23.295885447586087,56.7237842092142],[23.295870746703482,56.72380019524983],[23.295892352121342,56.723802403235226],[23.296186114487984,56.72381820659032],[23.296282510182262,56.72382809406559],[23.29637749631845,56.72384726503258],[23.296470180986976,56.72387553947799],[23.296559693888813,56.72391265190781],[23.296645194507477,56.72395825384035],[23.296725880001386,56.72401191707838],[23.296800992742465,56.72407313772988],[23.296869827430186,56.72414134093955],[23.296931737714257,56.72421588628662],[23.296986142263794,56.724296073798314],[23.29703253022596,56.72438115052257],[23.297070466022788,56.72447031759812],[23.297099593441246,56.72456273775575],[23.297119638978014,56.724657543180165],[23.297130414407675,56.72475384365866],[23.2971318185501,56.72485073494014],[23.297123838220546,56.72494730722593],[23.297106548353447,56.7250426537127],[23.297080111298786,56.72513587910722],[23.22389685007827,56.942476356769646],[23.223890172188455,56.942500032715635]]]]}}
]
}
