{
"type": "FeatureCollection",
"name": "CDM Airspace Data",
"crs": { "type": "name", "properties": { "name": "urn:ogc:def:crs:OGC:1.3:CRS84" } },
"features": [
{ "type": "Feature", "properties": { "id": "ED-ALB/1", "minFL": 105, "maxFL": 314 }, "geometry": { "type": "MultiPolygon", "coordinates": [ [ [ [ 11.966666666666667, 49.166666666666664 ], [ 11.794166666666667, 48.6675 ], [ 11.794166666666667, 48.6675 ], [ 11.511666666666667, 48.667777777777772 ], [ 11.511666666666667, 48.667777777777772 ], [ 11.320833333333333, 48.667777777777772 ], [ 11.320833333333333, 48.667777777777772 ], [ 10.673611111111111, 49.119444444444447 ], [ 10.673611111111111, 49.119444444444447 ], [ 11.1325, 49.138055555555553 ], [ 11.1325, 49.138055555555553 ], [ 11.966666666666667, 49.166666666666664 ] ] ] ] } },
{ "type": "Feature", "properties": { "id": "ED-ALB/2", "minFL": 135, "maxFL": 314 }, "geometry": { "type": "MultiPolygon", "coordinates": [ [ [ [ 10.966666666666667, 49.441666666666663 ], [ 11.818888888888889, 49.434444444444438 ], [ 11.818888888888889, 49.434444444444438 ], [ 11.966666666666667, 49.166666666666664 ], [ 11.966666666666667, 49.166666666666664 ], [ 11.1325, 49.138055555555553 ], [ 11.1325, 49.138055555555553 ], [ 10.673611111111111, 49.119444444444447 ], [ 10.673611111111111, 49.119444444444447 ], [ 10.587777777777779, 49.17861111111111 ], [ 10.587777777777779, 49.17861111111111 ], [ 10.966666666666667, 49.441666666666663 ] ] ] ] } },
{ "type": "Feature", "properties": { "id": "ED-ALB/3", "minFL": 245, "maxFL": 304 }, "geometry": { "type": "MultiPolygon", "coordinates": [ [ [ [ 10.7725, 49.658333333333331 ], [ 10.966666666666667, 49.441666666666663 ], [ 10.587777777777779, 49.17861111111111 ], [ 10.458333333333332, 49.283333333333331 ], [ 10.35611111111111, 49.398333333333333 ], [ 10.503333333333334, 49.511111111111113 ], [ 10.7725, 49.658333333333331 ] ] ] ] } },
{ "type": "Feature", "properties": { "id": "ED-BBG/1", "minFL": 195, "maxFL": 314 }, "geometry": { "type": "MultiPolygon", "coordinates": [ [ [ [ 11.340277777777779, 50.674722222222222 ], [ 11.328888888888889, 50.037777777777777 ], [ 12.033055555555556, 49.523055555555551 ], [ 11.818888888888889, 49.434444444444438 ], [ 10.966666666666667, 49.441666666666663 ], [ 10.7725, 49.658333333333331 ], [ 10.454166666666666, 50.008611111111108 ], [ 10.280555555555557, 50.197222222222216 ], [ 10.324722222222222, 50.245833333333337 ], [ 10.702777777777778, 50.6575 ], [ 11.340277777777779, 50.674722222222222 ] ] ] ] } },
{ "type": "Feature", "properties": { "id": "ED-EGG/1", "minFL": 35, "maxFL": 314 }, "geometry": { "type": "MultiPolygon", "coordinates": [ [ [ [ 13.158611111111112, 49.253055555555555 ], [ 13.220555555555556, 49.211666666666666 ], [ 13.220555555555556, 49.211666666666666 ], [ 13.786388888888888, 48.83 ], [ 13.786388888888888, 48.83 ], [ 13.259166666666667, 48.36611111111111 ], [ 13.259166666666667, 48.36611111111111 ], [ 13.181388888888888, 48.296388888888885 ], [ 13.181388888888888, 48.296388888888885 ], [ 13.095833333333333, 48.263611111111111 ], [ 13.095833333333333, 48.263611111111111 ], [ 12.882777777777779, 48.265277777777776 ], [ 12.882777777777779, 48.265277777777776 ], [ 12.697222222222223, 48.266388888888891 ], [ 12.697222222222223, 48.266388888888891 ], [ 12.666666666666666, 48.273611111111109 ], [ 12.666666666666666, 48.273611111111109 ], [ 12.614444444444445, 48.414166666666667 ], [ 12.614444444444445, 48.414166666666667 ], [ 12.57861111111111, 48.5625 ], [ 12.57861111111111, 48.5625 ], [ 12.573888888888888, 48.581944444444446 ], [ 12.573888888888888, 48.581944444444446 ], [ 12.59888888888889, 48.583055555555561 ], [ 12.59888888888889, 48.583055555555561 ], [ 12.758888888888889, 48.701111111111111 ], [ 12.758888888888889, 48.701111111111111 ], [ 13.158611111111112, 49.253055555555555 ] ] ] ] } },
{ "type": "Feature", "properties": { "id": "ED-EGG/2", "minFL": 195, "maxFL": 314 }, "geometry": { "type": "MultiPolygon", "coordinates": [ [ [ [ 12.144722222222221, 48.667222222222222 ], [ 12.24, 48.666666666666664 ], [ 12.24, 48.666666666666664 ], [ 12.573888888888888, 48.581944444444446 ], [ 12.573888888888888, 48.581944444444446 ], [ 12.57861111111111, 48.5625 ], [ 12.57861111111111, 48.5625 ], [ 12.614444444444445, 48.414166666666667 ], [ 12.614444444444445, 48.414166666666667 ], [ 12.666666666666666, 48.273611111111109 ], [ 12.666666666666666, 48.273611111111109 ], [ 11.951666666666666, 48.43666666666666 ], [ 11.951666666666666, 48.43666666666666 ], [ 12.144722222222221, 48.667222222222222 ] ] ] ] } },
{ "type": "Feature", "properties": { "id": "ED-FRK/1", "minFL": 135, "maxFL": 194 }, "geometry": { "type": "MultiPolygon", "coordinates": [ [ [ [ 12.114444444444445, 50.69083333333333 ], [ 12.314444444444446, 50.610277777777782 ], [ 12.493333333333332, 50.537777777777777 ], [ 12.750555555555556, 50.4325 ], [ 12.44, 50.32555555555556 ], [ 12.372222222222224, 50.301944444444445 ], [ 12.351666666666667, 50.240277777777777 ], [ 12.338611111111112, 50.190555555555555 ], [ 12.4725, 49.703333333333333 ], [ 12.580555555555556, 49.636111111111113 ], [ 12.46, 49.652222222222221 ], [ 12.37, 49.661388888888887 ], [ 12.033055555555556, 49.523055555555551 ], [ 11.818888888888889, 49.434444444444438 ], [ 10.966666666666667, 49.441666666666663 ], [ 10.7725, 49.658333333333331 ], [ 10.454166666666666, 50.008611111111108 ], [ 10.280555555555557, 50.197222222222216 ], [ 10.324722222222222, 50.245833333333337 ], [ 10.48, 50.415833333333332 ], [ 10.526944444444446, 50.467222222222226 ], [ 10.564166666666667, 50.5075 ], [ 10.702777777777778, 50.6575 ], [ 11.340277777777779, 50.674722222222222 ], [ 11.887222222222222, 50.68666666666666 ], [ 12.114444444444445, 50.69083333333333 ] ] ] ] } },
{ "type": "Feature", "properties": { "id": "ED-FRK/2", "minFL": 35, "maxFL": 134 }, "geometry": { "type": "MultiPolygon", "coordinates": [ [ [ [ 10.702777777777778, 50.6575 ], [ 11.340277777777779, 50.674722222222222 ], [ 11.887222222222222, 50.68666666666666 ], [ 12.114444444444445, 50.69083333333333 ], [ 12.314444444444446, 50.610277777777782 ], [ 12.493333333333332, 50.537777777777777 ], [ 12.750555555555556, 50.4325 ], [ 12.633333333333333, 50.392222222222223 ], [ 12.4875, 50.341944444444444 ], [ 12.44, 50.32555555555556 ], [ 12.372222222222224, 50.301944444444445 ], [ 12.351666666666667, 50.240277777777777 ], [ 12.338611111111112, 50.190555555555555 ], [ 12.344166666666668, 50.169722222222219 ], [ 12.354722222222222, 50.132222222222225 ], [ 12.4725, 49.703333333333333 ], [ 12.580555555555556, 49.636111111111113 ], [ 12.033333333333333, 49.25 ], [ 12.016666666666667, 49.2 ], [ 11.966666666666667, 49.166666666666664 ], [ 11.1325, 49.138055555555553 ], [ 10.673611111111111, 49.119444444444447 ], [ 10.587777777777779, 49.17861111111111 ], [ 10.372222222222224, 49.322222222222223 ], [ 10.35611111111111, 49.398333333333333 ], [ 10.305555555555557, 49.638888888888886 ], [ 10.304444444444446, 49.677777777777777 ], [ 10.3, 49.833333333333336 ], [ 10.294444444444444, 49.940277777777773 ], [ 10.292222222222222, 49.981111111111112 ], [ 10.280555555555557, 50.197222222222216 ], [ 10.324722222222222, 50.245833333333337 ], [ 10.48, 50.415833333333332 ], [ 10.526944444444446, 50.467222222222226 ], [ 10.564166666666667, 50.5075 ] ] ] ] } },
{ "type": "Feature", "properties": { "id": "ED-FUE/1", "minFL": 35, "maxFL": 314 }, "geometry": { "type": "MultiPolygon", "coordinates": [ [ [ [ 11.0, 48.030555555555551 ], [ 11.103333333333333, 47.915833333333332 ], [ 11.103333333333333, 47.915833333333332 ], [ 11.262777777777778, 47.92861111111111 ], [ 11.262777777777778, 47.92861111111111 ], [ 11.0, 47.583333333333336 ], [ 11.0, 47.583333333333336 ], [ 10.729166666666666, 47.523333333333333 ], [ 10.729166666666666, 47.523333333333333 ], [ 10.6075, 47.496111111111112 ], [ 10.6075, 47.496111111111112 ], [ 10.451111111111111, 47.476944444444449 ], [ 10.451111111111111, 47.476944444444449 ], [ 9.947777777777778, 47.5175 ], [ 9.947777777777778, 47.5175 ], [ 9.965833333333332, 47.659444444444446 ], [ 9.965833333333332, 47.659444444444446 ], [ 9.9725, 47.81805555555556 ], [ 9.9725, 47.81805555555556 ], [ 10.383333333333333, 47.841666666666669 ], [ 10.383333333333333, 47.841666666666669 ], [ 10.466666666666667, 47.8675 ], [ 10.466666666666667, 47.8675 ], [ 10.843888888888889, 47.983055555555559 ], [ 10.843888888888889, 47.983055555555559 ], [ 11.0, 48.030555555555551 ] ] ] ] } },
{ "type": "Feature", "properties": { "id": "ED-FUE/2", "minFL": 105, "maxFL": 314 }, "geometry": { "type": "MultiPolygon", "coordinates": [ [ [ [ 11.0, 48.305833333333332 ], [ 11.0, 48.290833333333332 ], [ 11.0, 48.290833333333332 ], [ 11.0, 48.221666666666671 ], [ 11.0, 48.221666666666671 ], [ 11.0, 48.139722222222218 ], [ 11.0, 48.139722222222218 ], [ 11.0, 48.030555555555551 ], [ 11.0, 48.030555555555551 ], [ 10.843888888888889, 47.983055555555559 ], [ 10.843888888888889, 47.983055555555559 ], [ 10.466666666666667, 47.8675 ], [ 10.466666666666667, 47.8675 ], [ 10.383333333333333, 47.841666666666669 ], [ 10.383333333333333, 47.841666666666669 ], [ 9.9725, 47.81805555555556 ], [ 9.9725, 47.81805555555556 ], [ 9.905, 47.815277777777773 ], [ 9.905, 47.815277777777773 ], [ 9.835555555555556, 47.898055555555558 ], [ 9.835555555555556, 47.898055555555558 ], [ 9.55, 47.89 ], [ 9.55, 47.89 ], [ 9.55, 47.956944444444446 ], [ 9.55, 47.956944444444446 ], [ 9.55, 47.973333333333336 ], [ 9.55, 47.973333333333336 ], [ 9.55, 48.035277777777779 ], [ 9.55, 48.035277777777779 ], [ 9.55, 48.166666666666664 ], [ 9.55, 48.166666666666664 ], [ 9.570833333333333, 48.17444444444444 ], [ 9.570833333333333, 48.17444444444444 ], [ 9.923611111111111, 48.3025 ], [ 9.923611111111111, 48.3025 ], [ 9.965277777777777, 48.363611111111112 ], [ 9.965277777777777, 48.363611111111112 ], [ 11.0, 48.305833333333332 ] ] ] ] } },
{ "type": "Feature", "properties": { "id": "ED-FUE/3", "minFL": 105, "maxFL": 314 }, "geometry": { "type": "MultiPolygon", "coordinates": [ [ [ [ 9.965833333333332, 47.659444444444446 ], [ 9.947777777777778, 47.5175 ], [ 9.947777777777778, 47.5175 ], [ 9.733055555555556, 47.533611111111107 ], [ 9.733055555555556, 47.533611111111107 ], [ 9.965833333333332, 47.659444444444446 ] ] ] ] } },
{ "type": "Feature", "properties": { "id": "ED-FUE/4", "minFL": 145, "maxFL": 314 }, "geometry": { "type": "MultiPolygon", "coordinates": [ [ [ [ 9.55, 48.417777777777772 ], [ 9.965277777777777, 48.363611111111112 ], [ 9.965277777777777, 48.363611111111112 ], [ 9.923611111111111, 48.3025 ], [ 9.923611111111111, 48.3025 ], [ 9.570833333333333, 48.17444444444444 ], [ 9.570833333333333, 48.17444444444444 ], [ 9.55, 48.166666666666664 ], [ 9.55, 48.166666666666664 ], [ 9.55, 48.417777777777772 ] ] ] ] } },
{ "type": "Feature", "properties": { "id": "ED-FUE/5", "minFL": 195, "maxFL": 314 }, "geometry": { "type": "MultiPolygon", "coordinates": [ [ [ [ 11.0, 48.221666666666671 ], [ 11.241666666666665, 48.183611111111105 ], [ 11.241666666666665, 48.183611111111105 ], [ 11.2375, 48.125 ], [ 11.2375, 48.125 ], [ 11.246111111111111, 48.05833333333333 ], [ 11.246111111111111, 48.05833333333333 ], [ 11.262777777777778, 47.92861111111111 ], [ 11.262777777777778, 47.92861111111111 ], [ 11.103333333333333, 47.915833333333332 ], [ 11.103333333333333, 47.915833333333332 ], [ 11.0, 48.030555555555551 ], [ 11.0, 48.030555555555551 ], [ 11.0, 48.139722222222218 ], [ 11.0, 48.139722222222218 ], [ 11.0, 48.221666666666671 ] ] ] ] } },
{ "type": "Feature", "properties": { "id": "ED-FUE/6", "minFL": 195, "maxFL": 314 }, "geometry": { "type": "MultiPolygon", "coordinates": [ [ [ [ 9.835555555555556, 47.898055555555558 ], [ 9.905, 47.815277777777773 ], [ 9.905, 47.815277777777773 ], [ 9.9725, 47.81805555555556 ], [ 9.9725, 47.81805555555556 ], [ 9.965833333333332, 47.659444444444446 ], [ 9.965833333333332, 47.659444444444446 ], [ 9.733055555555556, 47.533611111111107 ], [ 9.733055555555556, 47.533611111111107 ], [ 9.55, 47.8 ], [ 9.55, 47.8 ], [ 9.55, 47.833333333333336 ], [ 9.55, 47.833333333333336 ], [ 9.55, 47.89 ], [ 9.55, 47.89 ], [ 9.835555555555556, 47.898055555555558 ] ] ] ] } },
{ "type": "Feature", "properties": { "id": "ED-GER/1", "minFL": 195, "maxFL": 314 }, "geometry": { "type": "MultiPolygon", "coordinates": [ [ [ [ 12.523055555555556, 51.592777777777783 ], [ 12.826944444444445, 51.457222222222228 ], [ 12.826944444444445, 51.457222222222228 ], [ 13.1, 51.508333333333333 ], [ 13.1, 51.508333333333333 ], [ 13.12638888888889, 51.508333333333333 ], [ 13.12638888888889, 51.508333333333333 ], [ 13.106388888888889, 51.408055555555556 ], [ 13.106388888888889, 51.408055555555556 ], [ 13.098055555555556, 51.366666666666667 ], [ 13.098055555555556, 51.366666666666667 ], [ 12.314444444444446, 50.610277777777782 ], [ 12.314444444444446, 50.610277777777782 ], [ 12.114444444444445, 50.69083333333333 ], [ 12.114444444444445, 50.69083333333333 ], [ 11.887222222222222, 50.68666666666666 ], [ 11.887222222222222, 50.68666666666666 ], [ 11.340277777777779, 50.674722222222222 ], [ 11.340277777777779, 50.674722222222222 ], [ 10.702777777777778, 50.6575 ], [ 10.702777777777778, 50.6575 ], [ 10.635277777777777, 50.877222222222223 ], [ 10.635277777777777, 50.877222222222223 ], [ 12.018333333333334, 51.346388888888889 ], [ 12.018333333333334, 51.346388888888889 ], [ 12.443055555555556, 51.650277777777774 ], [ 12.443055555555556, 51.650277777777774 ], [ 12.523055555555556, 51.592777777777783 ] ] ] ] } },
{ "type": "Feature", "properties": { "id": "ED-GER/2", "minFL": 245, "maxFL": 314 }, "geometry": { "type": "MultiPolygon", "coordinates": [ [ [ [ 10.635277777777777, 50.877222222222223 ], [ 10.702777777777778, 50.6575 ], [ 10.702777777777778, 50.6575 ], [ 10.514444444444445, 50.876944444444447 ], [ 10.514444444444445, 50.876944444444447 ], [ 10.635277777777777, 50.877222222222223 ] ] ] ] } },
{ "type": "Feature", "properties": { "id": "ED-GER/3", "minFL": 285, "maxFL": 314 }, "geometry": { "type": "MultiPolygon", "coordinates": [ [ [ [ 12.851388888888888, 51.603888888888889 ], [ 12.826944444444445, 51.457222222222228 ], [ 12.523055555555556, 51.592777777777783 ], [ 12.443055555555556, 51.650277777777774 ], [ 12.543333333333333, 51.721111111111114 ], [ 12.851388888888888, 51.603888888888889 ] ] ] ] } },
{ "type": "Feature", "properties": { "id": "ED-HAL/1", "minFL": 195, "maxFL": 314 }, "geometry": { "type": "MultiPolygon", "coordinates": [ [ [ [ 11.208333333333332, 51.841111111111111 ], [ 11.407222222222222, 51.721388888888889 ], [ 11.407222222222222, 51.721388888888889 ], [ 12.098055555555556, 51.769444444444446 ], [ 12.098055555555556, 51.769444444444446 ], [ 12.260833333333334, 51.780277777777776 ], [ 12.260833333333334, 51.780277777777776 ], [ 12.443055555555556, 51.650277777777774 ], [ 12.443055555555556, 51.650277777777774 ], [ 12.018333333333334, 51.346388888888889 ], [ 12.018333333333334, 51.346388888888889 ], [ 10.635277777777777, 50.877222222222223 ], [ 10.635277777777777, 50.877222222222223 ], [ 10.583611111111111, 51.043888888888887 ], [ 10.583611111111111, 51.043888888888887 ], [ 10.529166666666667, 51.218333333333334 ], [ 10.529166666666667, 51.218333333333334 ], [ 10.492777777777777, 51.333333333333336 ], [ 10.492777777777777, 51.333333333333336 ], [ 10.3875, 51.333888888888893 ], [ 10.3875, 51.333888888888893 ], [ 10.5925, 51.486944444444447 ], [ 10.5925, 51.486944444444447 ], [ 10.7, 51.56666666666667 ], [ 10.7, 51.56666666666667 ], [ 10.984722222222221, 51.721111111111114 ], [ 10.984722222222221, 51.721111111111114 ], [ 11.140277777777778, 51.804444444444442 ], [ 11.140277777777778, 51.804444444444442 ], [ 11.208333333333332, 51.841111111111111 ] ] ] ] } },
{ "type": "Feature", "properties": { "id": "ED-HAL/2", "minFL": 245, "maxFL": 314 }, "geometry": { "type": "MultiPolygon", "coordinates": [ [ [ [ 10.492777777777777, 51.333333333333336 ], [ 10.529166666666667, 51.218333333333334 ], [ 10.529166666666667, 51.218333333333334 ], [ 10.583611111111111, 51.043888888888887 ], [ 10.583611111111111, 51.043888888888887 ], [ 10.635277777777777, 50.877222222222223 ], [ 10.635277777777777, 50.877222222222223 ], [ 10.514444444444445, 50.876944444444447 ], [ 10.514444444444445, 50.876944444444447 ], [ 10.424722222222222, 50.980833333333337 ], [ 10.424722222222222, 50.980833333333337 ], [ 10.338055555555556, 51.080555555555556 ], [ 10.338055555555556, 51.080555555555556 ], [ 10.28361111111111, 51.104722222222222 ], [ 10.28361111111111, 51.104722222222222 ], [ 10.3875, 51.333888888888893 ], [ 10.3875, 51.333888888888893 ], [ 10.492777777777777, 51.333333333333336 ] ] ] ] } },
{ "type": "Feature", "properties": { "id": "ED-HAL/3", "minFL": 285, "maxFL": 314 }, "geometry": { "type": "MultiPolygon", "coordinates": [ [ [ [ 11.680833333333332, 51.922777777777775 ], [ 12.339722222222223, 51.797777777777775 ], [ 12.339722222222223, 51.797777777777775 ], [ 12.543333333333333, 51.721111111111114 ], [ 12.543333333333333, 51.721111111111114 ], [ 12.443055555555556, 51.650277777777774 ], [ 12.443055555555556, 51.650277777777774 ], [ 12.260833333333334, 51.780277777777776 ], [ 12.260833333333334, 51.780277777777776 ], [ 12.098055555555556, 51.769444444444446 ], [ 12.098055555555556, 51.769444444444446 ], [ 11.407222222222222, 51.721388888888889 ], [ 11.407222222222222, 51.721388888888889 ], [ 11.208333333333332, 51.841111111111111 ], [ 11.208333333333332, 51.841111111111111 ], [ 11.680833333333332, 51.922777777777775 ] ] ] ] } },
{ "type": "Feature", "properties": { "id": "ED-HOF/1", "minFL": 195, "maxFL": 314 }, "geometry": { "type": "MultiPolygon", "coordinates": [ [ [ [ 12.114444444444445, 50.69083333333333 ], [ 12.314444444444446, 50.610277777777782 ], [ 12.314444444444446, 50.610277777777782 ], [ 12.493333333333332, 50.537777777777777 ], [ 12.493333333333332, 50.537777777777777 ], [ 12.750555555555556, 50.4325 ], [ 12.750555555555556, 50.4325 ], [ 12.633333333333333, 50.392222222222223 ], [ 12.633333333333333, 50.392222222222223 ], [ 12.4875, 50.341944444444444 ], [ 12.4875, 50.341944444444444 ], [ 12.44, 50.32555555555556 ], [ 12.44, 50.32555555555556 ], [ 12.372222222222224, 50.301944444444445 ], [ 12.372222222222224, 50.301944444444445 ], [ 12.351666666666667, 50.240277777777777 ], [ 12.351666666666667, 50.240277777777777 ], [ 12.338611111111112, 50.190555555555555 ], [ 12.338611111111112, 50.190555555555555 ], [ 12.344166666666668, 50.169722222222219 ], [ 12.344166666666668, 50.169722222222219 ], [ 12.354722222222222, 50.132222222222225 ], [ 12.354722222222222, 50.132222222222225 ], [ 12.4725, 49.703333333333333 ], [ 12.4725, 49.703333333333333 ], [ 12.580555555555556, 49.636111111111113 ], [ 12.580555555555556, 49.636111111111113 ], [ 12.46, 49.652222222222221 ], [ 12.46, 49.652222222222221 ], [ 12.37, 49.661388888888887 ], [ 12.37, 49.661388888888887 ], [ 12.033055555555556, 49.523055555555551 ], [ 12.033055555555556, 49.523055555555551 ], [ 11.328888888888889, 50.037777777777777 ], [ 11.328888888888889, 50.037777777777777 ], [ 11.340277777777779, 50.674722222222222 ], [ 11.340277777777779, 50.674722222222222 ], [ 11.887222222222222, 50.68666666666666 ], [ 11.887222222222222, 50.68666666666666 ], [ 12.114444444444445, 50.69083333333333 ] ] ] ] } },
{ "type": "Feature", "properties": { "id": "ED-ILR/1", "minFL": 35, "maxFL": 104 }, "geometry": { "type": "MultiPolygon", "coordinates": [ [ [ [ 9.923611111111111, 48.3025 ], [ 10.428333333333333, 48.236666666666665 ], [ 10.428333333333333, 48.236666666666665 ], [ 10.843888888888889, 47.983055555555559 ], [ 10.843888888888889, 47.983055555555559 ], [ 10.466666666666667, 47.8675 ], [ 10.466666666666667, 47.8675 ], [ 10.383333333333333, 47.841666666666669 ], [ 10.383333333333333, 47.841666666666669 ], [ 9.9725, 47.81805555555556 ], [ 9.9725, 47.81805555555556 ], [ 9.905, 47.815277777777773 ], [ 9.905, 47.815277777777773 ], [ 9.835555555555556, 47.898055555555558 ], [ 9.835555555555556, 47.898055555555558 ], [ 9.751666666666667, 48.105277777777779 ], [ 9.751666666666667, 48.105277777777779 ], [ 9.570833333333333, 48.17444444444444 ], [ 9.570833333333333, 48.17444444444444 ], [ 9.923611111111111, 48.3025 ] ] ] ] } },
{ "type": "Feature", "properties": { "id": "ED-ILR/2", "minFL": 95, "maxFL": 104 }, "geometry": { "type": "MultiPolygon", "coordinates": [ [ [ [ 9.570833333333333, 48.17444444444444 ], [ 9.751666666666667, 48.105277777777779 ], [ 9.751666666666667, 48.105277777777779 ], [ 9.835555555555556, 47.898055555555558 ], [ 9.835555555555556, 47.898055555555558 ], [ 9.55, 47.89 ], [ 9.55, 47.89 ], [ 9.55, 47.956944444444446 ], [ 9.55, 47.956944444444446 ], [ 9.55, 47.973333333333336 ], [ 9.55, 47.973333333333336 ], [ 9.55, 48.035277777777779 ], [ 9.55, 48.035277777777779 ], [ 9.55, 48.166666666666664 ], [ 9.55, 48.166666666666664 ], [ 9.570833333333333, 48.17444444444444 ] ] ] ] } },
{ "type": "Feature", "properties": { "id": "ED-MEI/1", "minFL": 165, "maxFL": 314 }, "geometry": { "type": "MultiPolygon", "coordinates": [ [ [ [ 14.712222222222222, 51.698333333333331 ], [ 14.738055555555555, 51.583055555555561 ], [ 14.738055555555555, 51.583055555555561 ], [ 14.807222222222222, 51.511666666666663 ], [ 14.807222222222222, 51.511666666666663 ], [ 14.94888888888889, 51.471666666666671 ], [ 14.94888888888889, 51.471666666666671 ], [ 14.961666666666666, 51.406944444444441 ], [ 14.961666666666666, 51.406944444444441 ], [ 15.010555555555555, 51.203055555555558 ], [ 15.010555555555555, 51.203055555555558 ], [ 14.916944444444443, 50.990555555555559 ], [ 14.916944444444443, 50.990555555555559 ], [ 14.725277777777778, 50.999166666666667 ], [ 14.725277777777778, 50.999166666666667 ], [ 13.7675, 50.734166666666667 ], [ 13.7675, 50.734166666666667 ], [ 13.009166666666667, 50.520555555555553 ], [ 13.009166666666667, 50.520555555555553 ], [ 12.750555555555556, 50.4325 ], [ 12.750555555555556, 50.4325 ], [ 12.493333333333332, 50.537777777777777 ], [ 12.493333333333332, 50.537777777777777 ], [ 12.314444444444446, 50.610277777777782 ], [ 12.314444444444446, 50.610277777777782 ], [ 13.098055555555556, 51.366666666666667 ], [ 13.098055555555556, 51.366666666666667 ], [ 13.106388888888889, 51.408055555555556 ], [ 13.106388888888889, 51.408055555555556 ], [ 13.12638888888889, 51.508333333333333 ], [ 13.12638888888889, 51.508333333333333 ], [ 13.24861111111111, 51.508333333333333 ], [ 13.24861111111111, 51.508333333333333 ], [ 13.75, 51.508333333333333 ], [ 13.75, 51.508333333333333 ], [ 14.712222222222222, 51.698333333333331 ] ] ] ] } },
{ "type": "Feature", "properties": { "id": "ED-MEI/2", "minFL": 285, "maxFL": 314 }, "geometry": { "type": "MultiPolygon", "coordinates": [ [ [ [ 14.680277777777777, 52.138611111111111 ], [ 14.755555555555556, 52.05833333333333 ], [ 14.755555555555556, 52.05833333333333 ], [ 14.675277777777778, 51.903055555555554 ], [ 14.675277777777778, 51.903055555555554 ], [ 14.633333333333333, 51.833333333333336 ], [ 14.633333333333333, 51.833333333333336 ], [ 14.616666666666667, 51.8 ], [ 14.616666666666667, 51.8 ], [ 14.666666666666666, 51.75 ], [ 14.666666666666666, 51.75 ], [ 14.712222222222222, 51.698333333333331 ], [ 14.712222222222222, 51.698333333333331 ], [ 13.75, 51.508333333333333 ], [ 13.24861111111111, 51.508333333333333 ], [ 13.12638888888889, 51.508333333333333 ], [ 13.1, 51.508333333333333 ], [ 12.826944444444445, 51.457222222222228 ], [ 12.851388888888888, 51.603888888888889 ], [ 14.465555555555556, 52.145 ], [ 14.680277777777777, 52.138611111111111 ] ] ] ] } },
{ "type": "Feature", "properties": { "id": "ED-NDG/1", "minFL": 105, "maxFL": 314 }, "geometry": { "type": "MultiPolygon", "coordinates": [ [ [ [ 10.2575, 49.017222222222223 ], [ 10.904444444444445, 48.624444444444443 ], [ 10.904444444444445, 48.624444444444443 ], [ 10.85, 48.585 ], [ 10.85, 48.585 ], [ 10.7875, 48.505555555555553 ], [ 10.7875, 48.505555555555553 ], [ 10.896944444444443, 48.43333333333333 ], [ 10.896944444444443, 48.43333333333333 ], [ 10.953888888888889, 48.395277777777778 ], [ 10.953888888888889, 48.395277777777778 ], [ 11.0, 48.363888888888887 ], [ 11.0, 48.363888888888887 ], [ 11.0, 48.305833333333332 ], [ 11.0, 48.305833333333332 ], [ 9.965277777777777, 48.363611111111112 ], [ 9.965277777777777, 48.363611111111112 ], [ 10.072777777777777, 48.52 ], [ 10.072777777777777, 48.52 ], [ 10.106388888888889, 48.569166666666668 ], [ 10.106388888888889, 48.569166666666668 ], [ 10.159722222222223, 48.645833333333336 ], [ 10.159722222222223, 48.645833333333336 ], [ 10.16861111111111, 48.903055555555554 ], [ 10.16861111111111, 48.903055555555554 ], [ 10.096944444444444, 48.948611111111106 ], [ 10.096944444444444, 48.948611111111106 ], [ 10.2575, 49.017222222222223 ] ] ] ] } },
{ "type": "Feature", "properties": { "id": "ED-NDG/2", "minFL": 145, "maxFL": 314 }, "geometry": { "type": "MultiPolygon", "coordinates": [ [ [ [ 10.096944444444444, 48.948611111111106 ], [ 10.16861111111111, 48.903055555555554 ], [ 10.16861111111111, 48.903055555555554 ], [ 10.159722222222223, 48.645833333333336 ], [ 10.159722222222223, 48.645833333333336 ], [ 10.106388888888889, 48.569166666666668 ], [ 10.106388888888889, 48.569166666666668 ], [ 10.072777777777777, 48.52 ], [ 10.072777777777777, 48.52 ], [ 9.965277777777777, 48.363611111111112 ], [ 9.965277777777777, 48.363611111111112 ], [ 9.55, 48.417777777777772 ], [ 9.55, 48.417777777777772 ], [ 9.55, 48.527777777777779 ], [ 9.55, 48.527777777777779 ], [ 9.603333333333333, 48.594444444444449 ], [ 9.603333333333333, 48.594444444444449 ], [ 9.624444444444444, 48.621388888888887 ], [ 9.624444444444444, 48.621388888888887 ], [ 9.686388888888889, 48.698611111111106 ], [ 9.686388888888889, 48.698611111111106 ], [ 9.77638888888889, 48.810555555555553 ], [ 9.77638888888889, 48.810555555555553 ], [ 10.096944444444444, 48.948611111111106 ] ] ] ] } },
{ "type": "Feature", "properties": { "id": "ED-NDG/3", "minFL": 195, "maxFL": 314 }, "geometry": { "type": "MultiPolygon", "coordinates": [ [ [ [ 11.794166666666667, 48.6675 ], [ 12.144722222222221, 48.667222222222222 ], [ 12.144722222222221, 48.667222222222222 ], [ 11.951666666666666, 48.43666666666666 ], [ 11.951666666666666, 48.43666666666666 ], [ 11.938055555555556, 48.365555555555559 ], [ 11.938055555555556, 48.365555555555559 ], [ 11.897222222222222, 48.16 ], [ 11.897222222222222, 48.16 ], [ 11.801666666666668, 48.091944444444444 ], [ 11.801666666666668, 48.091944444444444 ], [ 11.596388888888889, 47.963611111111113 ], [ 11.596388888888889, 47.963611111111113 ], [ 11.262777777777778, 47.92861111111111 ], [ 11.262777777777778, 47.92861111111111 ], [ 11.246111111111111, 48.05833333333333 ], [ 11.246111111111111, 48.05833333333333 ], [ 11.2375, 48.125 ], [ 11.2375, 48.125 ], [ 11.241666666666665, 48.183611111111105 ], [ 11.241666666666665, 48.183611111111105 ], [ 11.0, 48.221666666666671 ], [ 11.0, 48.221666666666671 ], [ 11.0, 48.290833333333332 ], [ 11.0, 48.290833333333332 ], [ 11.0, 48.319722222222225 ], [ 11.0, 48.319722222222225 ], [ 11.0, 48.363888888888887 ], [ 11.0, 48.363888888888887 ], [ 10.953888888888889, 48.395277777777778 ], [ 10.953888888888889, 48.395277777777778 ], [ 10.896944444444443, 48.43333333333333 ], [ 10.896944444444443, 48.43333333333333 ], [ 10.7875, 48.505555555555553 ], [ 10.7875, 48.505555555555553 ], [ 10.85, 48.585 ], [ 10.85, 48.585 ], [ 10.904444444444445, 48.624444444444443 ], [ 10.904444444444445, 48.624444444444443 ], [ 10.966666666666667, 48.666666666666664 ], [ 10.966666666666667, 48.666666666666664 ], [ 11.183333333333334, 48.669444444444444 ], [ 11.183333333333334, 48.669444444444444 ], [ 11.320833333333333, 48.667777777777772 ], [ 11.320833333333333, 48.667777777777772 ], [ 11.511666666666667, 48.667777777777772 ], [ 11.511666666666667, 48.667777777777772 ], [ 11.794166666666667, 48.6675 ] ] ] ] } },
{ "type": "Feature", "properties": { "id": "ED-RDG/1", "minFL": 35, "maxFL": 134 }, "geometry": { "type": "MultiPolygon", "coordinates": [ [ [ [ 12.580555555555556, 49.636111111111113 ], [ 12.872777777777777, 49.4425 ], [ 12.872777777777777, 49.4425 ], [ 13.158611111111112, 49.253055555555555 ], [ 13.158611111111112, 49.253055555555555 ], [ 12.758888888888889, 48.701111111111111 ], [ 12.758888888888889, 48.701111111111111 ], [ 12.59888888888889, 48.583055555555561 ], [ 12.59888888888889, 48.583055555555561 ], [ 12.573888888888888, 48.581944444444446 ], [ 12.573888888888888, 48.581944444444446 ], [ 12.24, 48.666666666666664 ], [ 12.24, 48.666666666666664 ], [ 12.144722222222221, 48.667222222222222 ], [ 12.144722222222221, 48.667222222222222 ], [ 11.794166666666667, 48.6675 ], [ 11.794166666666667, 48.6675 ], [ 11.966666666666667, 49.166666666666664 ], [ 11.966666666666667, 49.166666666666664 ], [ 12.016666666666667, 49.2 ], [ 12.016666666666667, 49.2 ], [ 12.033333333333333, 49.25 ], [ 12.033333333333333, 49.25 ], [ 12.580555555555556, 49.636111111111113 ] ] ] ] } },
{ "type": "Feature", "properties": { "id": "ED-RDG/2", "minFL": 135, "maxFL": 314 }, "geometry": { "type": "MultiPolygon", "coordinates": [ [ [ [ 12.37, 49.661388888888887 ], [ 12.46, 49.652222222222221 ], [ 12.46, 49.652222222222221 ], [ 12.580555555555556, 49.636111111111113 ], [ 12.580555555555556, 49.636111111111113 ], [ 12.872777777777777, 49.4425 ], [ 12.872777777777777, 49.4425 ], [ 13.158611111111112, 49.253055555555555 ], [ 13.158611111111112, 49.253055555555555 ], [ 12.758888888888889, 48.701111111111111 ], [ 12.758888888888889, 48.701111111111111 ], [ 12.59888888888889, 48.583055555555561 ], [ 12.59888888888889, 48.583055555555561 ], [ 12.573888888888888, 48.581944444444446 ], [ 12.573888888888888, 48.581944444444446 ], [ 12.24, 48.666666666666664 ], [ 12.24, 48.666666666666664 ], [ 12.144722222222221, 48.667222222222222 ], [ 12.144722222222221, 48.667222222222222 ], [ 11.794166666666667, 48.6675 ], [ 11.794166666666667, 48.6675 ], [ 11.966666666666667, 49.166666666666664 ], [ 11.966666666666667, 49.166666666666664 ], [ 11.818888888888889, 49.434444444444438 ], [ 11.818888888888889, 49.434444444444438 ], [ 12.033055555555556, 49.523055555555551 ], [ 12.033055555555556, 49.523055555555551 ], [ 12.37, 49.661388888888887 ] ] ] ] } },
{ "type": "Feature", "properties": { "id": "ED-SAS/1", "minFL": 35, "maxFL": 164 }, "geometry": { "type": "MultiPolygon", "coordinates": [ [ [ [ 14.712222222222222, 51.698333333333331 ], [ 14.738055555555555, 51.583055555555561 ], [ 14.738055555555555, 51.583055555555561 ], [ 14.807222222222222, 51.511666666666663 ], [ 14.807222222222222, 51.511666666666663 ], [ 14.94888888888889, 51.471666666666671 ], [ 14.94888888888889, 51.471666666666671 ], [ 14.961666666666666, 51.406944444444441 ], [ 14.961666666666666, 51.406944444444441 ], [ 15.010555555555555, 51.203055555555558 ], [ 15.010555555555555, 51.203055555555558 ], [ 14.916944444444443, 50.990555555555559 ], [ 14.916944444444443, 50.990555555555559 ], [ 14.725277777777778, 50.999166666666667 ], [ 14.725277777777778, 50.999166666666667 ], [ 13.7675, 50.734166666666667 ], [ 13.7675, 50.734166666666667 ], [ 13.009166666666667, 50.520555555555553 ], [ 13.009166666666667, 50.520555555555553 ], [ 12.750555555555556, 50.4325 ], [ 12.750555555555556, 50.4325 ], [ 12.493333333333332, 50.537777777777777 ], [ 12.493333333333332, 50.537777777777777 ], [ 12.314444444444446, 50.610277777777782 ], [ 12.314444444444446, 50.610277777777782 ], [ 13.098055555555556, 51.366666666666667 ], [ 13.098055555555556, 51.366666666666667 ], [ 13.106388888888889, 51.408055555555556 ], [ 13.106388888888889, 51.408055555555556 ], [ 13.12638888888889, 51.508333333333333 ], [ 13.12638888888889, 51.508333333333333 ], [ 13.24861111111111, 51.508333333333333 ], [ 13.24861111111111, 51.508333333333333 ], [ 13.75, 51.508333333333333 ], [ 13.75, 51.508333333333333 ], [ 14.712222222222222, 51.698333333333331 ] ] ] ] } },
{ "type": "Feature", "properties": { "id": "ED-STA/1", "minFL": 35, "maxFL": 314 }, "geometry": { "type": "MultiPolygon", "coordinates": [ [ [ [ 11.596388888888889, 47.963611111111113 ], [ 11.540555555555555, 47.696111111111108 ], [ 11.540555555555555, 47.696111111111108 ], [ 11.50611111111111, 47.534444444444439 ], [ 11.50611111111111, 47.534444444444439 ], [ 11.496111111111111, 47.486666666666665 ], [ 11.496111111111111, 47.486666666666665 ], [ 11.339444444444444, 47.351944444444449 ], [ 11.339444444444444, 47.351944444444449 ], [ 11.105833333333333, 47.351944444444449 ], [ 11.105833333333333, 47.351944444444449 ], [ 10.983611111111109, 47.422222222222217 ], [ 10.983611111111109, 47.422222222222217 ], [ 11.0, 47.583333333333336 ], [ 11.0, 47.583333333333336 ], [ 11.262777777777778, 47.92861111111111 ], [ 11.262777777777778, 47.92861111111111 ], [ 11.596388888888889, 47.963611111111113 ] ] ] ] } },
{ "type": "Feature", "properties": { "id": "ED-STA/2", "minFL": 165, "maxFL": 314 }, "geometry": { "type": "MultiPolygon", "coordinates": [ [ [ [ 11.496111111111111, 47.486666666666665 ], [ 11.483055555555556, 47.220277777777781 ], [ 11.44888888888889, 46.9875 ], [ 11.405555555555557, 46.964722222222228 ], [ 11.376666666666667, 46.979722222222222 ], [ 11.358611111111111, 46.990277777777777 ], [ 11.320277777777777, 46.992222222222225 ], [ 11.253333333333334, 46.975 ], [ 10.939722222222223, 46.984166666666667 ], [ 10.983611111111109, 47.422222222222217 ], [ 11.105833333333333, 47.351944444444449 ], [ 11.339444444444444, 47.351944444444449 ], [ 11.496111111111111, 47.486666666666665 ] ] ] ] } },
{ "type": "Feature", "properties": { "id": "ED-SWA/1", "minFL": 35, "maxFL": 104 }, "geometry": { "type": "MultiPolygon", "coordinates": [ [ [ [ 11.966666666666667, 49.166666666666664 ], [ 11.794166666666667, 48.6675 ], [ 11.794166666666667, 48.6675 ], [ 11.511666666666667, 48.667777777777772 ], [ 11.511666666666667, 48.667777777777772 ], [ 11.320833333333333, 48.667777777777772 ], [ 11.320833333333333, 48.667777777777772 ], [ 11.183333333333334, 48.669444444444444 ], [ 11.183333333333334, 48.669444444444444 ], [ 10.966666666666667, 48.666666666666664 ], [ 10.966666666666667, 48.666666666666664 ], [ 10.904444444444445, 48.624444444444443 ], [ 10.904444444444445, 48.624444444444443 ], [ 10.85, 48.585 ], [ 10.85, 48.585 ], [ 10.7875, 48.505555555555553 ], [ 10.7875, 48.505555555555553 ], [ 10.896944444444443, 48.43333333333333 ], [ 10.896944444444443, 48.43333333333333 ], [ 10.953888888888889, 48.395277777777778 ], [ 10.953888888888889, 48.395277777777778 ], [ 11.0, 48.363888888888887 ], [ 11.0, 48.363888888888887 ], [ 11.0, 48.319722222222225 ], [ 11.0, 48.319722222222225 ], [ 11.0, 48.290833333333332 ], [ 11.0, 48.290833333333332 ], [ 11.0, 48.221666666666671 ], [ 11.0, 48.221666666666671 ], [ 11.0, 48.139722222222218 ], [ 11.0, 48.139722222222218 ], [ 11.0, 48.030555555555551 ], [ 11.0, 48.030555555555551 ], [ 10.843888888888889, 47.983055555555559 ], [ 10.843888888888889, 47.983055555555559 ], [ 10.428333333333333, 48.236666666666665 ], [ 10.428333333333333, 48.236666666666665 ], [ 9.923611111111111, 48.3025 ], [ 9.923611111111111, 48.3025 ], [ 9.965277777777777, 48.363611111111112 ], [ 9.965277777777777, 48.363611111111112 ], [ 10.072777777777777, 48.52 ], [ 10.072777777777777, 48.52 ], [ 10.106388888888889, 48.569166666666668 ], [ 10.106388888888889, 48.569166666666668 ], [ 10.159722222222223, 48.645833333333336 ], [ 10.159722222222223, 48.645833333333336 ], [ 10.16861111111111, 48.903055555555554 ], [ 10.16861111111111, 48.903055555555554 ], [ 10.096944444444444, 48.948611111111106 ], [ 10.096944444444444, 48.948611111111106 ], [ 10.2575, 49.017222222222223 ], [ 10.2575, 49.017222222222223 ], [ 10.479166666666666, 49.111111111111114 ], [ 10.479166666666666, 49.111111111111114 ], [ 10.673611111111111, 49.119444444444447 ], [ 10.673611111111111, 49.119444444444447 ], [ 11.1325, 49.138055555555553 ], [ 11.1325, 49.138055555555553 ], [ 11.966666666666667, 49.166666666666664 ] ] ] ] } },
{ "type": "Feature", "properties": { "id": "ED-SWA/2", "minFL": 35, "maxFL": 104 }, "geometry": { "type": "MultiPolygon", "coordinates": [ [ [ [ 10.587777777777779, 49.17861111111111 ], [ 10.673611111111111, 49.119444444444447 ], [ 10.673611111111111, 49.119444444444447 ], [ 10.479166666666666, 49.111111111111114 ], [ 10.479166666666666, 49.111111111111114 ], [ 10.587777777777779, 49.17861111111111 ] ] ] ] } },
{ "type": "Feature", "properties": { "id": "ED-TEG/1", "minFL": 35, "maxFL": 314 }, "geometry": { "type": "MultiPolygon", "coordinates": [ [ [ [ 11.943888888888889, 47.998888888888892 ], [ 12.035277777777777, 47.939166666666665 ], [ 12.035277777777777, 47.939166666666665 ], [ 12.031666666666668, 47.80972222222222 ], [ 12.031666666666668, 47.80972222222222 ], [ 12.028055555555556, 47.685555555555553 ], [ 12.028055555555556, 47.685555555555553 ], [ 11.606666666666666, 47.581388888888895 ], [ 11.606666666666666, 47.581388888888895 ], [ 11.496111111111111, 47.486666666666665 ], [ 11.496111111111111, 47.486666666666665 ], [ 11.50611111111111, 47.534444444444439 ], [ 11.50611111111111, 47.534444444444439 ], [ 11.540555555555555, 47.696111111111108 ], [ 11.540555555555555, 47.696111111111108 ], [ 11.596388888888889, 47.963611111111113 ], [ 11.596388888888889, 47.963611111111113 ], [ 11.849722222222223, 47.989166666666669 ], [ 11.849722222222223, 47.989166666666669 ], [ 11.943888888888889, 47.998888888888892 ] ] ] ] } },
{ "type": "Feature", "properties": { "id": "ED-TEG/2", "minFL": 165, "maxFL": 314 }, "geometry": { "type": "MultiPolygon", "coordinates": [ [ [ [ 12.028055555555556, 47.685555555555553 ], [ 12.0925, 47.660555555555554 ], [ 12.0925, 47.660555555555554 ], [ 12.116388888888888, 47.651111111111106 ], [ 12.116388888888888, 47.651111111111106 ], [ 12.164722222222222, 47.632777777777775 ], [ 12.164722222222222, 47.632777777777775 ], [ 12.061388888888889, 47.619166666666665 ], [ 12.061388888888889, 47.619166666666665 ], [ 11.940277777777778, 47.430833333333332 ], [ 11.940277777777778, 47.430833333333332 ], [ 11.8575, 47.016111111111108 ], [ 11.8575, 47.016111111111108 ], [ 11.855, 47.00277777777778 ], [ 11.746944444444443, 46.968888888888891 ], [ 11.711388888888887, 46.993055555555557 ], [ 11.664444444444445, 46.991666666666667 ], [ 11.626944444444446, 47.013055555555553 ], [ 11.538333333333334, 46.983888888888892 ], [ 11.47861111111111, 47.010833333333331 ], [ 11.44888888888889, 46.9875 ], [ 11.44888888888889, 46.9875 ], [ 11.483055555555556, 47.220277777777781 ], [ 11.483055555555556, 47.220277777777781 ], [ 11.496111111111111, 47.486666666666665 ], [ 11.496111111111111, 47.486666666666665 ], [ 11.606666666666666, 47.581388888888895 ], [ 11.606666666666666, 47.581388888888895 ], [ 12.028055555555556, 47.685555555555553 ] ] ] ] } },
{ "type": "Feature", "properties": { "id": "ED-TEG/3", "minFL": 195, "maxFL": 314 }, "geometry": { "type": "MultiPolygon", "coordinates": [ [ [ [ 11.801666666666668, 48.091944444444444 ], [ 11.943888888888889, 47.998888888888892 ], [ 11.943888888888889, 47.998888888888892 ], [ 11.596388888888889, 47.963611111111113 ], [ 11.596388888888889, 47.963611111111113 ], [ 11.801666666666668, 48.091944444444444 ] ] ] ] } },
{ "type": "Feature", "properties": { "id": "ED-DMNH", "minFL": 95, "maxFL": 194 }, "geometry": { "type": "MultiPolygon", "coordinates": [ [ [ [ 11.183333333333334, 48.669444444444444 ], [ 11.320833333333333, 48.667777777777772 ], [ 11.320833333333333, 48.667777777777772 ], [ 11.511666666666667, 48.667777777777772 ], [ 11.511666666666667, 48.667777777777772 ], [ 11.794166666666667, 48.6675 ], [ 11.794166666666667, 48.6675 ], [ 12.144722222222221, 48.667222222222222 ], [ 12.144722222222221, 48.667222222222222 ], [ 12.24, 48.666666666666664 ], [ 12.24, 48.666666666666664 ], [ 12.573888888888888, 48.581944444444446 ], [ 12.573888888888888, 48.581944444444446 ], [ 12.57861111111111, 48.5625 ], [ 12.57861111111111, 48.5625 ], [ 12.614444444444445, 48.414166666666667 ], [ 12.614444444444445, 48.414166666666667 ], [ 11.786111111111111, 48.353888888888889 ], [ 11.786111111111111, 48.353888888888889 ], [ 11.0, 48.290833333333332 ], [ 11.0, 48.290833333333332 ], [ 11.0, 48.319722222222225 ], [ 11.0, 48.319722222222225 ], [ 11.0, 48.363888888888887 ], [ 11.0, 48.363888888888887 ], [ 10.953888888888889, 48.395277777777778 ], [ 10.953888888888889, 48.395277777777778 ], [ 10.896944444444443, 48.43333333333333 ], [ 10.896944444444443, 48.43333333333333 ], [ 10.7875, 48.505555555555553 ], [ 10.7875, 48.505555555555553 ], [ 10.85, 48.585 ], [ 10.85, 48.585 ], [ 10.904444444444445, 48.624444444444443 ], [ 10.904444444444445, 48.624444444444443 ], [ 10.966666666666667, 48.666666666666664 ], [ 10.966666666666667, 48.666666666666664 ], [ 11.183333333333334, 48.669444444444444 ] ] ] ] } },
{ "type": "Feature", "properties": { "id": "ED-DMNL", "minFL": 35, "maxFL": 94 }, "geometry": { "type": "MultiPolygon", "coordinates": [ [ [ [ 11.183333333333334, 48.669444444444444 ], [ 11.320833333333333, 48.667777777777772 ], [ 11.320833333333333, 48.667777777777772 ], [ 11.511666666666667, 48.667777777777772 ], [ 11.511666666666667, 48.667777777777772 ], [ 11.794166666666667, 48.6675 ], [ 11.794166666666667, 48.6675 ], [ 12.144722222222221, 48.667222222222222 ], [ 12.144722222222221, 48.667222222222222 ], [ 12.24, 48.666666666666664 ], [ 12.24, 48.666666666666664 ], [ 12.573888888888888, 48.581944444444446 ], [ 12.573888888888888, 48.581944444444446 ], [ 12.57861111111111, 48.5625 ], [ 12.57861111111111, 48.5625 ], [ 12.614444444444445, 48.414166666666667 ], [ 12.614444444444445, 48.414166666666667 ], [ 11.786111111111111, 48.353888888888889 ], [ 11.786111111111111, 48.353888888888889 ], [ 11.0, 48.290833333333332 ], [ 11.0, 48.290833333333332 ], [ 11.0, 48.319722222222225 ], [ 11.0, 48.319722222222225 ], [ 11.0, 48.363888888888887 ], [ 11.0, 48.363888888888887 ], [ 10.953888888888889, 48.395277777777778 ], [ 10.953888888888889, 48.395277777777778 ], [ 10.896944444444443, 48.43333333333333 ], [ 10.896944444444443, 48.43333333333333 ], [ 10.7875, 48.505555555555553 ], [ 10.7875, 48.505555555555553 ], [ 10.85, 48.585 ], [ 10.85, 48.585 ], [ 10.904444444444445, 48.624444444444443 ], [ 10.904444444444445, 48.624444444444443 ], [ 10.966666666666667, 48.666666666666664 ], [ 10.966666666666667, 48.666666666666664 ], [ 11.183333333333334, 48.669444444444444 ] ] ] ] } },
{ "type": "Feature", "properties": { "id": "ED-DMSH", "minFL": 95, "maxFL": 194 }, "geometry": { "type": "MultiPolygon", "coordinates": [ [ [ [ 12.614444444444445, 48.414166666666667 ], [ 12.666666666666666, 48.273611111111109 ], [ 12.666666666666666, 48.273611111111109 ], [ 12.697222222222223, 48.266388888888891 ], [ 12.697222222222223, 48.266388888888891 ], [ 12.67611111111111, 48.2475 ], [ 12.67611111111111, 48.2475 ], [ 12.7125, 48.147222222222219 ], [ 12.7125, 48.147222222222219 ], [ 12.5125, 48.0525 ], [ 12.5125, 48.0525 ], [ 12.4575, 48.047222222222217 ], [ 12.4575, 48.047222222222217 ], [ 12.380833333333333, 48.040833333333332 ], [ 12.380833333333333, 48.040833333333332 ], [ 11.943888888888889, 47.998888888888892 ], [ 11.943888888888889, 47.998888888888892 ], [ 11.849722222222223, 47.989166666666669 ], [ 11.849722222222223, 47.989166666666669 ], [ 11.596388888888889, 47.963611111111113 ], [ 11.596388888888889, 47.963611111111113 ], [ 11.262777777777778, 47.92861111111111 ], [ 11.262777777777778, 47.92861111111111 ], [ 11.103333333333333, 47.915833333333332 ], [ 11.103333333333333, 47.915833333333332 ], [ 11.0, 48.030555555555551 ], [ 11.0, 48.030555555555551 ], [ 11.0, 48.139722222222218 ], [ 11.0, 48.139722222222218 ], [ 11.0, 48.221666666666671 ], [ 11.0, 48.221666666666671 ], [ 11.0, 48.290833333333332 ], [ 11.0, 48.290833333333332 ], [ 11.786111111111111, 48.353888888888889 ], [ 11.786111111111111, 48.353888888888889 ], [ 12.614444444444445, 48.414166666666667 ] ] ] ] } },
{ "type": "Feature", "properties": { "id": "ED-DMSL", "minFL": 35, "maxFL": 94 }, "geometry": { "type": "MultiPolygon", "coordinates": [ [ [ [ 12.614444444444445, 48.414166666666667 ], [ 12.666666666666666, 48.273611111111109 ], [ 12.666666666666666, 48.273611111111109 ], [ 12.697222222222223, 48.266388888888891 ], [ 12.697222222222223, 48.266388888888891 ], [ 12.67611111111111, 48.2475 ], [ 12.67611111111111, 48.2475 ], [ 12.7125, 48.147222222222219 ], [ 12.7125, 48.147222222222219 ], [ 12.5125, 48.0525 ], [ 12.5125, 48.0525 ], [ 12.4575, 48.047222222222217 ], [ 12.4575, 48.047222222222217 ], [ 12.380833333333333, 48.040833333333332 ], [ 12.380833333333333, 48.040833333333332 ], [ 11.943888888888889, 47.998888888888892 ], [ 11.943888888888889, 47.998888888888892 ], [ 11.849722222222223, 47.989166666666669 ], [ 11.849722222222223, 47.989166666666669 ], [ 11.596388888888889, 47.963611111111113 ], [ 11.596388888888889, 47.963611111111113 ], [ 11.262777777777778, 47.92861111111111 ], [ 11.262777777777778, 47.92861111111111 ], [ 11.103333333333333, 47.915833333333332 ], [ 11.103333333333333, 47.915833333333332 ], [ 11.0, 48.030555555555551 ], [ 11.0, 48.030555555555551 ], [ 11.0, 48.139722222222218 ], [ 11.0, 48.139722222222218 ], [ 11.0, 48.221666666666671 ], [ 11.0, 48.221666666666671 ], [ 11.0, 48.290833333333332 ], [ 11.0, 48.290833333333332 ], [ 11.786111111111111, 48.353888888888889 ], [ 11.786111111111111, 48.353888888888889 ], [ 12.614444444444445, 48.414166666666667 ] ] ] ] } },
{ "type": "Feature", "properties": { "id": "ED-TRN/1", "minFL": 35, "maxFL": 194 }, "geometry": { "type": "MultiPolygon", "coordinates": [ [ [ [ 12.260833333333334, 51.780277777777776 ], [ 12.443055555555556, 51.650277777777774 ], [ 12.443055555555556, 51.650277777777774 ], [ 12.523055555555556, 51.592777777777783 ], [ 12.523055555555556, 51.592777777777783 ], [ 12.826944444444445, 51.457222222222228 ], [ 12.826944444444445, 51.457222222222228 ], [ 13.1, 51.508333333333333 ], [ 13.1, 51.508333333333333 ], [ 13.12638888888889, 51.508333333333333 ], [ 13.12638888888889, 51.508333333333333 ], [ 13.106388888888889, 51.408055555555556 ], [ 13.106388888888889, 51.408055555555556 ], [ 12.983888888888888, 51.455277777777781 ], [ 12.983888888888888, 51.455277777777781 ], [ 11.120277777777778, 51.365555555555559 ], [ 11.120277777777778, 51.365555555555559 ], [ 10.529166666666667, 51.218333333333334 ], [ 10.529166666666667, 51.218333333333334 ], [ 10.492777777777777, 51.333333333333336 ], [ 10.492777777777777, 51.333333333333336 ], [ 10.3875, 51.333888888888893 ], [ 10.3875, 51.333888888888893 ], [ 10.5925, 51.486944444444447 ], [ 10.5925, 51.486944444444447 ], [ 10.7, 51.56666666666667 ], [ 10.7, 51.56666666666667 ], [ 10.984722222222221, 51.721111111111114 ], [ 10.984722222222221, 51.721111111111114 ], [ 11.151388888888889, 51.670833333333334 ], [ 11.151388888888889, 51.670833333333334 ], [ 11.407222222222222, 51.721388888888889 ], [ 11.407222222222222, 51.721388888888889 ], [ 12.098055555555556, 51.769444444444446 ], [ 12.098055555555556, 51.769444444444446 ], [ 12.260833333333334, 51.780277777777776 ] ] ] ] } },
{ "type": "Feature", "properties": { "id": "ED-TRN/2", "minFL": 35, "maxFL": 164 }, "geometry": { "type": "MultiPolygon", "coordinates": [ [ [ [ 12.339722222222223, 51.797777777777775 ], [ 12.543333333333333, 51.721111111111114 ], [ 12.543333333333333, 51.721111111111114 ], [ 12.851388888888888, 51.603888888888889 ], [ 12.851388888888888, 51.603888888888889 ], [ 13.1, 51.508333333333333 ], [ 13.1, 51.508333333333333 ], [ 12.826944444444445, 51.457222222222228 ], [ 12.826944444444445, 51.457222222222228 ], [ 12.523055555555556, 51.592777777777783 ], [ 12.523055555555556, 51.592777777777783 ], [ 12.443055555555556, 51.650277777777774 ], [ 12.443055555555556, 51.650277777777774 ], [ 12.260833333333334, 51.780277777777776 ], [ 12.260833333333334, 51.780277777777776 ], [ 12.339722222222223, 51.797777777777775 ] ] ] ] } },
{ "type": "Feature", "properties": { "id": "ED-TRN/3", "minFL": 35, "maxFL": 144 }, "geometry": { "type": "MultiPolygon", "coordinates": [ [ [ [ 10.492777777777777, 51.333333333333336 ], [ 10.529166666666667, 51.218333333333334 ], [ 10.529166666666667, 51.218333333333334 ], [ 10.209166666666667, 51.136944444444445 ], [ 10.209166666666667, 51.136944444444445 ], [ 10.492777777777777, 51.333333333333336 ] ] ] ] } },
{ "type": "Feature", "properties": { "id": "ED-TRN/4", "minFL": 55, "maxFL": 194 }, "geometry": { "type": "MultiPolygon", "coordinates": [ [ [ [ 11.208333333333332, 51.841111111111111 ], [ 11.407222222222222, 51.721388888888889 ], [ 11.407222222222222, 51.721388888888889 ], [ 11.151388888888889, 51.670833333333334 ], [ 11.151388888888889, 51.670833333333334 ], [ 10.984722222222221, 51.721111111111114 ], [ 10.984722222222221, 51.721111111111114 ], [ 11.140277777777778, 51.804444444444442 ], [ 11.140277777777778, 51.804444444444442 ], [ 11.208333333333332, 51.841111111111111 ] ] ] ] } },
{ "type": "Feature", "properties": { "id": "ED-TRS/1", "minFL": 35, "maxFL": 194 }, "geometry": { "type": "MultiPolygon", "coordinates": [ [ [ [ 13.106388888888889, 51.408055555555556 ], [ 13.098055555555556, 51.366666666666667 ], [ 13.098055555555556, 51.366666666666667 ], [ 12.314444444444446, 50.610277777777782 ], [ 12.314444444444446, 50.610277777777782 ], [ 12.114444444444445, 50.69083333333333 ], [ 12.114444444444445, 50.69083333333333 ], [ 11.887222222222222, 50.68666666666666 ], [ 11.887222222222222, 50.68666666666666 ], [ 11.340277777777779, 50.674722222222222 ], [ 11.340277777777779, 50.674722222222222 ], [ 10.702777777777778, 50.6575 ], [ 10.702777777777778, 50.6575 ], [ 10.635277777777777, 50.877222222222223 ], [ 10.635277777777777, 50.877222222222223 ], [ 10.583611111111111, 51.043888888888887 ], [ 10.583611111111111, 51.043888888888887 ], [ 10.529166666666667, 51.218333333333334 ], [ 10.529166666666667, 51.218333333333334 ], [ 11.120277777777778, 51.365555555555559 ], [ 11.120277777777778, 51.365555555555559 ], [ 12.983888888888888, 51.455277777777781 ], [ 12.983888888888888, 51.455277777777781 ], [ 13.106388888888889, 51.408055555555556 ] ] ] ] } },
{ "type": "Feature", "properties": { "id": "ED-TRS/2", "minFL": 35, "maxFL": 144 }, "geometry": { "type": "MultiPolygon", "coordinates": [ [ [ [ 10.529166666666667, 51.218333333333334 ], [ 10.583611111111111, 51.043888888888887 ], [ 10.583611111111111, 51.043888888888887 ], [ 10.635277777777777, 50.877222222222223 ], [ 10.635277777777777, 50.877222222222223 ], [ 10.702777777777778, 50.6575 ], [ 10.702777777777778, 50.6575 ], [ 10.493611111111111, 50.725 ], [ 10.493611111111111, 50.725 ], [ 10.299166666666666, 50.93055555555555 ], [ 10.299166666666666, 50.93055555555555 ], [ 10.144722222222221, 51.091944444444444 ], [ 10.144722222222221, 51.091944444444444 ], [ 10.209166666666667, 51.136944444444445 ], [ 10.209166666666667, 51.136944444444445 ], [ 10.529166666666667, 51.218333333333334 ] ] ] ] } },
{ "type": "Feature", "properties": { "id": "ED-TRU/1", "minFL": 35, "maxFL": 314 }, "geometry": { "type": "MultiPolygon", "coordinates": [ [ [ [ 12.4575, 48.047222222222217 ], [ 12.630277777777778, 47.94361111111111 ], [ 12.630277777777778, 47.94361111111111 ], [ 12.116388888888888, 47.651111111111106 ], [ 12.116388888888888, 47.651111111111106 ], [ 12.0925, 47.660555555555554 ], [ 12.0925, 47.660555555555554 ], [ 12.028055555555556, 47.685555555555553 ], [ 12.028055555555556, 47.685555555555553 ], [ 12.031666666666668, 47.80972222222222 ], [ 12.031666666666668, 47.80972222222222 ], [ 12.035277777777777, 47.939166666666665 ], [ 12.035277777777777, 47.939166666666665 ], [ 11.943888888888889, 47.998888888888892 ], [ 11.943888888888889, 47.998888888888892 ], [ 12.380833333333333, 48.040833333333332 ], [ 12.380833333333333, 48.040833333333332 ], [ 12.4575, 48.047222222222217 ] ] ] ] } },
{ "type": "Feature", "properties": { "id": "ED-TRU/2", "minFL": 125, "maxFL": 314 }, "geometry": { "type": "MultiPolygon", "coordinates": [ [ [ [ 12.630277777777778, 47.94361111111111 ], [ 12.741388888888888, 47.840555555555561 ], [ 12.741388888888888, 47.840555555555561 ], [ 12.814722222222223, 47.772222222222219 ], [ 12.814722222222223, 47.772222222222219 ], [ 12.6625, 47.724722222222226 ], [ 12.6625, 47.724722222222226 ], [ 12.511944444444444, 47.6775 ], [ 12.511944444444444, 47.6775 ], [ 12.164722222222222, 47.632777777777775 ], [ 12.164722222222222, 47.632777777777775 ], [ 12.116388888888888, 47.651111111111106 ], [ 12.116388888888888, 47.651111111111106 ], [ 12.371666666666668, 47.797777777777775 ], [ 12.371666666666668, 47.797777777777775 ], [ 12.630277777777778, 47.94361111111111 ] ] ] ] } },
{ "type": "Feature", "properties": { "id": "ED-TRU/3", "minFL": 195, "maxFL": 314 }, "geometry": { "type": "MultiPolygon", "coordinates": [ [ [ [ 11.951666666666666, 48.43666666666666 ], [ 12.666666666666666, 48.273611111111109 ], [ 12.666666666666666, 48.273611111111109 ], [ 12.697222222222223, 48.266388888888891 ], [ 12.697222222222223, 48.266388888888891 ], [ 12.67611111111111, 48.2475 ], [ 12.67611111111111, 48.2475 ], [ 12.7125, 48.147222222222219 ], [ 12.7125, 48.147222222222219 ], [ 12.5125, 48.0525 ], [ 12.5125, 48.0525 ], [ 12.4575, 48.047222222222217 ], [ 12.4575, 48.047222222222217 ], [ 12.380833333333333, 48.040833333333332 ], [ 12.380833333333333, 48.040833333333332 ], [ 11.943888888888889, 47.998888888888892 ], [ 11.943888888888889, 47.998888888888892 ], [ 11.801666666666668, 48.091944444444444 ], [ 11.801666666666668, 48.091944444444444 ], [ 11.897222222222222, 48.16 ], [ 11.897222222222222, 48.16 ], [ 11.938055555555556, 48.365555555555559 ], [ 11.938055555555556, 48.365555555555559 ], [ 11.951666666666666, 48.43666666666666 ] ] ] ] } },
{ "type": "Feature", "properties": { "id": "ED-WLD/1", "minFL": 105, "maxFL": 314 }, "geometry": { "type": "MultiPolygon", "coordinates": [ [ [ [ 10.587777777777779, 49.17861111111111 ], [ 10.673611111111111, 49.119444444444447 ], [ 10.673611111111111, 49.119444444444447 ], [ 11.320833333333333, 48.667777777777772 ], [ 11.320833333333333, 48.667777777777772 ], [ 11.183333333333334, 48.669444444444444 ], [ 11.183333333333334, 48.669444444444444 ], [ 10.966666666666667, 48.666666666666664 ], [ 10.966666666666667, 48.666666666666664 ], [ 10.904444444444445, 48.624444444444443 ], [ 10.904444444444445, 48.624444444444443 ], [ 10.2575, 49.017222222222223 ], [ 10.2575, 49.017222222222223 ], [ 10.479166666666666, 49.111111111111114 ], [ 10.479166666666666, 49.111111111111114 ], [ 10.587777777777779, 49.17861111111111 ] ] ] ] } },
{ "type": "Feature", "properties": { "id": "ED-ZUG/1", "minFL": 35, "maxFL": 314 }, "geometry": { "type": "MultiPolygon", "coordinates": [ [ [ [ 11.0, 47.583333333333336 ], [ 10.983611111111109, 47.422222222222217 ], [ 10.983611111111109, 47.422222222222217 ], [ 10.845, 47.50138888888889 ], [ 10.845, 47.50138888888889 ], [ 10.245555555555555, 47.345 ], [ 10.245555555555555, 47.345 ], [ 9.9825, 47.276666666666664 ], [ 9.9825, 47.276666666666664 ], [ 9.924722222222222, 47.336666666666666 ], [ 9.924722222222222, 47.336666666666666 ], [ 9.947777777777778, 47.5175 ], [ 9.947777777777778, 47.5175 ], [ 10.451111111111111, 47.476944444444449 ], [ 10.451111111111111, 47.476944444444449 ], [ 10.6075, 47.496111111111112 ], [ 10.6075, 47.496111111111112 ], [ 10.729166666666666, 47.523333333333333 ], [ 10.729166666666666, 47.523333333333333 ], [ 11.0, 47.583333333333336 ] ] ] ] } },
{ "type": "Feature", "properties": { "id": "ED-ZUG/2", "minFL": 105, "maxFL": 314 }, "geometry": { "type": "MultiPolygon", "coordinates": [ [ [ [ 9.733055555555556, 47.533611111111107 ], [ 9.947777777777778, 47.5175 ], [ 9.947777777777778, 47.5175 ], [ 9.924722222222222, 47.336666666666666 ], [ 9.924722222222222, 47.336666666666666 ], [ 9.733055555555556, 47.533611111111107 ] ] ] ] } },
{ "type": "Feature", "properties": { "id": "ED-ZUG/3", "minFL": 165, "maxFL": 314 }, "geometry": { "type": "MultiPolygon", "coordinates": [ [ [ [ 10.845, 47.50138888888889 ], [ 10.983611111111109, 47.422222222222217 ], [ 10.983611111111109, 47.422222222222217 ], [ 10.939722222222223, 46.984166666666667 ], [ 10.939722222222223, 46.984166666666667 ], [ 10.389444444444443, 47.000555555555557 ], [ 10.389444444444443, 47.000555555555557 ], [ 10.1925, 47.0875 ], [ 10.1925, 47.0875 ], [ 10.141388888888889, 47.110277777777782 ], [ 10.141388888888889, 47.110277777777782 ], [ 9.9825, 47.276666666666664 ], [ 9.9825, 47.276666666666664 ], [ 10.245555555555555, 47.345 ], [ 10.245555555555555, 47.345 ], [ 10.845, 47.50138888888889 ] ] ] ] } },
{ "type": "Feature", "properties": { "id": "ED-ALP1", "minFL": 315, "maxFL": 354 }, "geometry": { "type": "MultiPolygon", "coordinates": [ [ [ [9.603333333333333,48.59444444444445],[11.114166666666666,47.901666666666664],[11.212499999999999,47.863055555555555],[11.5475,47.73027777777778],[11.75388888888889,47.6475],[12.061388888888889,47.619166666666665],[11.940277777777778,47.43083333333333],[11.8575,47.01611111111111],[11.855,47.00277777777778],[11.746955833333333,46.96893861111111],[11.711545277777777,46.993175],[11.664561944444445,46.991775000000004],[11.6272,47.01329916666667],[11.538527222222221,46.98408055555556],[11.4787675,47.01097861111111],[11.44888888888889,46.987500000000004],[11.40560138888889,46.96481277777778],[11.376666944444445,46.979999722222225],[11.358714166666667,46.9905375],[11.320501944444445,46.99237166666667],[11.253333333333334,46.975],[10.939733055555555,46.98421388888889],[10.590348333333335,46.99458555555556],[10.389444444444443,47.00055555555556],[10.1925,47.087500000000006],[10.141388888888889,47.11027777777778],[9.9825,47.276666666666664],[9.924722222222222,47.336666666666666],[9.733055555555556,47.53361111111111],[9.55,47.8],[9.55,47.833333333333336],[9.55,47.89],[9.55,47.973333333333336],[9.55,48.166666666666664],[9.55,48.41777777777777],[9.55,48.52777777777778] ] ] ] } },
{ "type": "Feature", "properties": { "id": "ED-ALP2", "minFL": 355, "maxFL": 364 }, "geometry": { "type": "MultiPolygon", "coordinates": [ [ [ [9.603333333333333,48.59444444444445],[11.114166666666666,47.901666666666664],[11.212499999999999,47.863055555555555],[11.5475,47.73027777777778],[11.75388888888889,47.6475],[12.061388888888889,47.619166666666665],[11.940277777777778,47.43083333333333],[11.8575,47.01611111111111],[11.855,47.00277777777778],[11.746955833333333,46.96893861111111],[11.711545277777777,46.993175],[11.664561944444445,46.991775000000004],[11.6272,47.01329916666667],[11.538527222222221,46.98408055555556],[11.4787675,47.01097861111111],[11.44888888888889,46.987500000000004],[11.40560138888889,46.96481277777778],[11.376666944444445,46.979999722222225],[11.358714166666667,46.9905375],[11.320501944444445,46.99237166666667],[11.253333333333334,46.975],[10.939733055555555,46.98421388888889],[10.590348333333335,46.99458555555556],[10.389444444444443,47.00055555555556],[10.1925,47.087500000000006],[10.141388888888889,47.11027777777778],[9.9825,47.276666666666664],[9.924722222222222,47.336666666666666],[9.733055555555556,47.53361111111111],[9.55,47.8],[9.55,47.833333333333336],[9.55,47.89],[9.55,47.973333333333336],[9.55,48.166666666666664],[9.55,48.41777777777777],[9.55,48.52777777777778] ] ] ] } },
{ "type": "Feature", "properties": { "id": "ED-ALP3", "minFL": 365, "maxFL": 374 }, "geometry": { "type": "MultiPolygon", "coordinates": [ [ [ [9.603333333333333,48.59444444444445],[11.114166666666666,47.901666666666664],[11.212499999999999,47.863055555555555],[11.5475,47.73027777777778],[11.75388888888889,47.6475],[12.061388888888889,47.619166666666665],[11.940277777777778,47.43083333333333],[11.8575,47.01611111111111],[11.855,47.00277777777778],[11.746955833333333,46.96893861111111],[11.711545277777777,46.993175],[11.664561944444445,46.991775000000004],[11.6272,47.01329916666667],[11.538527222222221,46.98408055555556],[11.4787675,47.01097861111111],[11.44888888888889,46.987500000000004],[11.40560138888889,46.96481277777778],[11.376666944444445,46.979999722222225],[11.358714166666667,46.9905375],[11.320501944444445,46.99237166666667],[11.253333333333334,46.975],[10.939733055555555,46.98421388888889],[10.590348333333335,46.99458555555556],[10.389444444444443,47.00055555555556],[10.1925,47.087500000000006],[10.141388888888889,47.11027777777778],[9.9825,47.276666666666664],[9.924722222222222,47.336666666666666],[9.733055555555556,47.53361111111111],[9.55,47.8],[9.55,47.833333333333336],[9.55,47.89],[9.55,47.973333333333336],[9.55,48.166666666666664],[9.55,48.41777777777777],[9.55,48.52777777777778] ] ] ] } },
{ "type": "Feature", "properties": { "id": "ED-ALP4", "minFL": 375, "maxFL": 660 }, "geometry": { "type": "MultiPolygon", "coordinates": [ [ [ [9.603333333333333,48.59444444444445],[11.114166666666666,47.901666666666664],[11.212499999999999,47.863055555555555],[11.5475,47.73027777777778],[11.75388888888889,47.6475],[12.061388888888889,47.619166666666665],[11.940277777777778,47.43083333333333],[11.8575,47.01611111111111],[11.855,47.00277777777778],[11.746955833333333,46.96893861111111],[11.711545277777777,46.993175],[11.664561944444445,46.991775000000004],[11.6272,47.01329916666667],[11.538527222222221,46.98408055555556],[11.4787675,47.01097861111111],[11.44888888888889,46.987500000000004],[11.40560138888889,46.96481277777778],[11.376666944444445,46.979999722222225],[11.358714166666667,46.9905375],[11.320501944444445,46.99237166666667],[11.253333333333334,46.975],[10.939733055555555,46.98421388888889],[10.590348333333335,46.99458555555556],[10.389444444444443,47.00055555555556],[10.1925,47.087500000000006],[10.141388888888889,47.11027777777778],[9.9825,47.276666666666664],[9.924722222222222,47.336666666666666],[9.733055555555556,47.53361111111111],[9.55,47.8],[9.55,47.833333333333336],[9.55,47.89],[9.55,47.973333333333336],[9.55,48.166666666666664],[9.55,48.41777777777777],[9.55,48.52777777777778] ] ] ] } },
{ "type": "Feature", "properties": { "id": "ED-AMM1", "minFL": 315, "maxFL": 354 }, "geometry": { "type": "MultiPolygon", "coordinates": [ [ [ [10.587777777777779,49.17861111111111],[10.67361111111111,49.11944444444445],[11.210833333333333,48.76722222222222],[12.013055555555555,48.566944444444445],[11.945555555555556,48.4525],[12.697222222222223,48.26638888888889],[12.882777777777779,48.265277777777776],[12.834444444444445,48.16444444444444],[12.77138888888889,48.024166666666666],[12.741388888888888,47.84055555555556],[12.814722222222223,47.77222222222222],[12.6625,47.724722222222226],[12.511944444444444,47.677499999999995],[12.164722222222222,47.632777777777775],[12.061388888888889,47.619166666666665],[11.75388888888889,47.6475],[11.5475,47.73027777777778],[11.212499999999999,47.863055555555555],[11.114166666666666,47.901666666666664],[9.603333333333333,48.59444444444445],[9.624444444444444,48.62138888888889],[9.686388888888889,48.698611111111106],[9.77638888888889,48.81055555555555],[10.096944444444444,48.948611111111106],[10.2575,49.01722222222222],[10.479166666666666,49.111111111111114] ] ] ] } },
{ "type": "Feature", "properties": { "id": "ED-AMM2", "minFL": 355, "maxFL": 364 }, "geometry": { "type": "MultiPolygon", "coordinates": [ [ [ [10.587777777777779,49.17861111111111],[10.67361111111111,49.11944444444445],[11.210833333333333,48.76722222222222],[12.013055555555555,48.566944444444445],[11.945555555555556,48.4525],[12.697222222222223,48.26638888888889],[12.882777777777779,48.265277777777776],[12.834444444444445,48.16444444444444],[12.77138888888889,48.024166666666666],[12.741388888888888,47.84055555555556],[12.814722222222223,47.77222222222222],[12.6625,47.724722222222226],[12.511944444444444,47.677499999999995],[12.164722222222222,47.632777777777775],[12.061388888888889,47.619166666666665],[11.75388888888889,47.6475],[11.5475,47.73027777777778],[11.212499999999999,47.863055555555555],[11.114166666666666,47.901666666666664],[9.603333333333333,48.59444444444445],[9.624444444444444,48.62138888888889],[9.686388888888889,48.698611111111106],[9.77638888888889,48.81055555555555],[10.096944444444444,48.948611111111106],[10.2575,49.01722222222222],[10.479166666666666,49.111111111111114] ] ] ] } },
{ "type": "Feature", "properties": { "id": "ED-AMM3", "minFL": 365, "maxFL": 374 }, "geometry": { "type": "MultiPolygon", "coordinates": [ [ [ [10.587777777777779,49.17861111111111],[10.67361111111111,49.11944444444445],[11.210833333333333,48.76722222222222],[12.013055555555555,48.566944444444445],[11.945555555555556,48.4525],[12.697222222222223,48.26638888888889],[12.882777777777779,48.265277777777776],[12.834444444444445,48.16444444444444],[12.77138888888889,48.024166666666666],[12.741388888888888,47.84055555555556],[12.814722222222223,47.77222222222222],[12.6625,47.724722222222226],[12.511944444444444,47.677499999999995],[12.164722222222222,47.632777777777775],[12.061388888888889,47.619166666666665],[11.75388888888889,47.6475],[11.5475,47.73027777777778],[11.212499999999999,47.863055555555555],[11.114166666666666,47.901666666666664],[9.603333333333333,48.59444444444445],[9.624444444444444,48.62138888888889],[9.686388888888889,48.698611111111106],[9.77638888888889,48.81055555555555],[10.096944444444444,48.948611111111106],[10.2575,49.01722222222222],[10.479166666666666,49.111111111111114] ] ] ] } },
{ "type": "Feature", "properties": { "id": "ED-AMM4", "minFL": 375, "maxFL": 660 }, "geometry": { "type": "MultiPolygon", "coordinates": [ [ [ [10.587777777777779,49.17861111111111],[10.67361111111111,49.11944444444445],[11.210833333333333,48.76722222222222],[12.013055555555555,48.566944444444445],[11.945555555555556,48.4525],[12.697222222222223,48.26638888888889],[12.882777777777779,48.265277777777776],[12.834444444444445,48.16444444444444],[12.77138888888889,48.024166666666666],[12.741388888888888,47.84055555555556],[12.814722222222223,47.77222222222222],[12.6625,47.724722222222226],[12.511944444444444,47.677499999999995],[12.164722222222222,47.632777777777775],[12.061388888888889,47.619166666666665],[11.75388888888889,47.6475],[11.5475,47.73027777777778],[11.212499999999999,47.863055555555555],[11.114166666666666,47.901666666666664],[9.603333333333333,48.59444444444445],[9.624444444444444,48.62138888888889],[9.686388888888889,48.698611111111106],[9.77638888888889,48.81055555555555],[10.096944444444444,48.948611111111106],[10.2575,49.01722222222222],[10.479166666666666,49.111111111111114] ] ] ] } },
{ "type": "Feature", "properties": { "id": "ED-DON1", "minFL": 315, "maxFL": 354 }, "geometry": { "type": "MultiPolygon", "coordinates": [ [ [ [ 12.37, 49.661388888888887 ], [ 12.46, 49.652222222222221 ], [ 12.46, 49.652222222222221 ], [ 12.580555555555556, 49.636111111111113 ], [ 12.580555555555556, 49.636111111111113 ], [ 12.872777777777777, 49.4425 ], [ 12.872777777777777, 49.4425 ], [ 13.158611111111112, 49.253055555555555 ], [ 13.158611111111112, 49.253055555555555 ], [ 13.786388888888888, 48.83 ], [ 13.786388888888888, 48.83 ], [ 13.259166666666667, 48.36611111111111 ], [ 13.259166666666667, 48.36611111111111 ], [ 13.181388888888888, 48.296388888888885 ], [ 13.181388888888888, 48.296388888888885 ], [ 13.095833333333333, 48.263611111111111 ], [ 13.095833333333333, 48.263611111111111 ], [ 12.882777777777779, 48.265277777777776 ], [ 12.882777777777779, 48.265277777777776 ], [ 12.697222222222223, 48.266388888888891 ], [ 12.697222222222223, 48.266388888888891 ], [ 11.945555555555556, 48.4525 ], [ 11.945555555555556, 48.4525 ], [ 12.013055555555555, 48.566944444444445 ], [ 12.013055555555555, 48.566944444444445 ], [ 11.210833333333333, 48.767222222222223 ], [ 11.210833333333333, 48.767222222222223 ], [ 10.673611111111111, 49.119444444444447 ], [ 10.673611111111111, 49.119444444444447 ], [ 10.587777777777779, 49.17861111111111 ], [ 10.587777777777779, 49.17861111111111 ], [ 10.966666666666667, 49.441666666666663 ], [ 10.966666666666667, 49.441666666666663 ], [ 11.818888888888889, 49.434444444444438 ], [ 11.818888888888889, 49.434444444444438 ], [ 12.033055555555556, 49.523055555555551 ], [ 12.033055555555556, 49.523055555555551 ], [ 12.37, 49.661388888888887 ] ] ] ] } },
{ "type": "Feature", "properties": { "id": "ED-DON2", "minFL": 355, "maxFL": 364 }, "geometry": { "type": "MultiPolygon", "coordinates": [ [ [ [ 12.37, 49.661388888888887 ], [ 12.46, 49.652222222222221 ], [ 12.46, 49.652222222222221 ], [ 12.580555555555556, 49.636111111111113 ], [ 12.580555555555556, 49.636111111111113 ], [ 12.872777777777777, 49.4425 ], [ 12.872777777777777, 49.4425 ], [ 13.158611111111112, 49.253055555555555 ], [ 13.158611111111112, 49.253055555555555 ], [ 13.786388888888888, 48.83 ], [ 13.786388888888888, 48.83 ], [ 13.259166666666667, 48.36611111111111 ], [ 13.259166666666667, 48.36611111111111 ], [ 13.181388888888888, 48.296388888888885 ], [ 13.181388888888888, 48.296388888888885 ], [ 13.095833333333333, 48.263611111111111 ], [ 13.095833333333333, 48.263611111111111 ], [ 12.882777777777779, 48.265277777777776 ], [ 12.882777777777779, 48.265277777777776 ], [ 12.697222222222223, 48.266388888888891 ], [ 12.697222222222223, 48.266388888888891 ], [ 11.945555555555556, 48.4525 ], [ 11.945555555555556, 48.4525 ], [ 12.013055555555555, 48.566944444444445 ], [ 12.013055555555555, 48.566944444444445 ], [ 11.210833333333333, 48.767222222222223 ], [ 11.210833333333333, 48.767222222222223 ], [ 10.673611111111111, 49.119444444444447 ], [ 10.673611111111111, 49.119444444444447 ], [ 10.587777777777779, 49.17861111111111 ], [ 10.587777777777779, 49.17861111111111 ], [ 10.966666666666667, 49.441666666666663 ], [ 10.966666666666667, 49.441666666666663 ], [ 11.818888888888889, 49.434444444444438 ], [ 11.818888888888889, 49.434444444444438 ], [ 12.033055555555556, 49.523055555555551 ], [ 12.033055555555556, 49.523055555555551 ], [ 12.37, 49.661388888888887 ] ] ] ] } },
{ "type": "Feature", "properties": { "id": "ED-DON3", "minFL": 365, "maxFL": 374 }, "geometry": { "type": "MultiPolygon", "coordinates": [ [ [ [ 12.37, 49.661388888888887 ], [ 12.46, 49.652222222222221 ], [ 12.46, 49.652222222222221 ], [ 12.580555555555556, 49.636111111111113 ], [ 12.580555555555556, 49.636111111111113 ], [ 12.872777777777777, 49.4425 ], [ 12.872777777777777, 49.4425 ], [ 13.158611111111112, 49.253055555555555 ], [ 13.158611111111112, 49.253055555555555 ], [ 13.786388888888888, 48.83 ], [ 13.786388888888888, 48.83 ], [ 13.259166666666667, 48.36611111111111 ], [ 13.259166666666667, 48.36611111111111 ], [ 13.181388888888888, 48.296388888888885 ], [ 13.181388888888888, 48.296388888888885 ], [ 13.095833333333333, 48.263611111111111 ], [ 13.095833333333333, 48.263611111111111 ], [ 12.882777777777779, 48.265277777777776 ], [ 12.882777777777779, 48.265277777777776 ], [ 12.697222222222223, 48.266388888888891 ], [ 12.697222222222223, 48.266388888888891 ], [ 11.945555555555556, 48.4525 ], [ 11.945555555555556, 48.4525 ], [ 12.013055555555555, 48.566944444444445 ], [ 12.013055555555555, 48.566944444444445 ], [ 11.210833333333333, 48.767222222222223 ], [ 11.210833333333333, 48.767222222222223 ], [ 10.673611111111111, 49.119444444444447 ], [ 10.673611111111111, 49.119444444444447 ], [ 10.587777777777779, 49.17861111111111 ], [ 10.587777777777779, 49.17861111111111 ], [ 10.966666666666667, 49.441666666666663 ], [ 10.966666666666667, 49.441666666666663 ], [ 11.818888888888889, 49.434444444444438 ], [ 11.818888888888889, 49.434444444444438 ], [ 12.033055555555556, 49.523055555555551 ], [ 12.033055555555556, 49.523055555555551 ], [ 12.37, 49.661388888888887 ] ] ] ] } },
{ "type": "Feature", "properties": { "id": "ED-DON4", "minFL": 375, "maxFL": 660 }, "geometry": { "type": "MultiPolygon", "coordinates": [ [ [ [ 12.37, 49.661388888888887 ], [ 12.46, 49.652222222222221 ], [ 12.46, 49.652222222222221 ], [ 12.580555555555556, 49.636111111111113 ], [ 12.580555555555556, 49.636111111111113 ], [ 12.872777777777777, 49.4425 ], [ 12.872777777777777, 49.4425 ], [ 13.158611111111112, 49.253055555555555 ], [ 13.158611111111112, 49.253055555555555 ], [ 13.786388888888888, 48.83 ], [ 13.786388888888888, 48.83 ], [ 13.259166666666667, 48.36611111111111 ], [ 13.259166666666667, 48.36611111111111 ], [ 13.181388888888888, 48.296388888888885 ], [ 13.181388888888888, 48.296388888888885 ], [ 13.095833333333333, 48.263611111111111 ], [ 13.095833333333333, 48.263611111111111 ], [ 12.882777777777779, 48.265277777777776 ], [ 12.882777777777779, 48.265277777777776 ], [ 12.697222222222223, 48.266388888888891 ], [ 12.697222222222223, 48.266388888888891 ], [ 11.945555555555556, 48.4525 ], [ 11.945555555555556, 48.4525 ], [ 12.013055555555555, 48.566944444444445 ], [ 12.013055555555555, 48.566944444444445 ], [ 11.210833333333333, 48.767222222222223 ], [ 11.210833333333333, 48.767222222222223 ], [ 10.673611111111111, 49.119444444444447 ], [ 10.673611111111111, 49.119444444444447 ], [ 10.587777777777779, 49.17861111111111 ], [ 10.587777777777779, 49.17861111111111 ], [ 10.966666666666667, 49.441666666666663 ], [ 10.966666666666667, 49.441666666666663 ], [ 11.818888888888889, 49.434444444444438 ], [ 11.818888888888889, 49.434444444444438 ], [ 12.033055555555556, 49.523055555555551 ], [ 12.033055555555556, 49.523055555555551 ], [ 12.37, 49.661388888888887 ] ] ] ] } },
{ "type": "Feature", "properties": { "id": "ED-ERL1", "minFL": 315, "maxFL": 364 }, "geometry": { "type": "MultiPolygon", "coordinates": [ [ [ [ 10.702777777777778, 50.6575 ], [ 11.331666666666667, 50.501944444444447 ], [ 12.351666666666667, 50.240277777777777 ], [ 12.338611111111112, 50.190555555555555 ], [ 12.4725, 49.703333333333333 ], [ 12.580555555555556, 49.636111111111113 ], [ 12.46, 49.652222222222221 ], [ 12.37, 49.661388888888887 ], [ 12.033055555555556, 49.523055555555551 ], [ 11.818888888888889, 49.434444444444438 ], [ 10.966666666666667, 49.441666666666663 ], [ 10.7725, 49.658333333333331 ], [ 10.454166666666666, 50.008611111111108 ], [ 10.280555555555557, 50.197222222222216 ], [ 10.324722222222222, 50.245833333333337 ], [ 10.48, 50.415833333333332 ], [ 10.526944444444446, 50.467222222222226 ], [ 10.564166666666667, 50.5075 ] ] ] ] } },
{ "type": "Feature", "properties": { "id": "ED-ERL2", "minFL": 365, "maxFL": 660 }, "geometry": { "type": "MultiPolygon", "coordinates": [ [ [ [ 10.702777777777778, 50.6575 ], [ 11.331666666666667, 50.501944444444447 ], [ 12.351666666666667, 50.240277777777777 ], [ 12.338611111111112, 50.190555555555555 ], [ 12.4725, 49.703333333333333 ], [ 12.580555555555556, 49.636111111111113 ], [ 12.46, 49.652222222222221 ], [ 12.37, 49.661388888888887 ], [ 12.033055555555556, 49.523055555555551 ], [ 11.818888888888889, 49.434444444444438 ], [ 10.966666666666667, 49.441666666666663 ], [ 10.7725, 49.658333333333331 ], [ 10.454166666666666, 50.008611111111108 ], [ 10.280555555555557, 50.197222222222216 ], [ 10.324722222222222, 50.245833333333337 ], [ 10.48, 50.415833333333332 ], [ 10.526944444444446, 50.467222222222226 ], [ 10.564166666666667, 50.5075 ] ] ] ] } },
{ "type": "Feature", "properties": { "id": "ED-SAL1", "minFL": 315, "maxFL": 364 }, "geometry": { "type": "MultiPolygon", "coordinates": [ [ [ [ 11.680833333333332, 51.922777777777775 ], [ 12.339722222222223, 51.797777777777775 ], [ 12.339722222222223, 51.797777777777775 ], [ 12.543333333333333, 51.721111111111114 ], [ 12.543333333333333, 51.721111111111114 ], [ 12.851388888888888, 51.603888888888889 ], [ 12.851388888888888, 51.603888888888889 ], [ 12.826944444444445, 51.457222222222228 ], [ 12.826944444444445, 51.457222222222228 ], [ 12.521111111111113, 51.261111111111113 ], [ 12.521111111111113, 51.261111111111113 ], [ 12.114444444444445, 50.69083333333333 ], [ 12.114444444444445, 50.69083333333333 ], [ 12.314444444444446, 50.610277777777782 ], [ 12.314444444444446, 50.610277777777782 ], [ 12.750555555555556, 50.4325 ], [ 12.750555555555556, 50.4325 ], [ 12.633333333333333, 50.392222222222223 ], [ 12.633333333333333, 50.392222222222223 ], [ 12.4875, 50.341944444444444 ], [ 12.4875, 50.341944444444444 ], [ 12.44, 50.32555555555556 ], [ 12.44, 50.32555555555556 ], [ 12.372222222222224, 50.301944444444445 ], [ 12.372222222222224, 50.301944444444445 ], [ 12.351666666666667, 50.240277777777777 ], [ 12.351666666666667, 50.240277777777777 ], [ 11.331666666666667, 50.501944444444447 ], [ 11.331666666666667, 50.501944444444447 ], [ 10.702777777777778, 50.6575 ], [ 10.702777777777778, 50.6575 ], [ 10.563611111111111, 50.82 ], [ 10.563611111111111, 50.82 ], [ 10.514444444444445, 50.876944444444447 ], [ 10.514444444444445, 50.876944444444447 ], [ 10.424722222222222, 50.980833333333337 ], [ 10.424722222222222, 50.980833333333337 ], [ 10.338055555555556, 51.080555555555556 ], [ 10.338055555555556, 51.080555555555556 ], [ 10.28361111111111, 51.104722222222222 ], [ 10.28361111111111, 51.104722222222222 ], [ 10.3875, 51.333888888888893 ], [ 10.3875, 51.333888888888893 ], [ 10.5925, 51.486944444444447 ], [ 10.5925, 51.486944444444447 ], [ 10.7, 51.56666666666667 ], [ 10.7, 51.56666666666667 ], [ 10.984722222222221, 51.721111111111114 ], [ 10.984722222222221, 51.721111111111114 ], [ 11.140277777777778, 51.804444444444442 ], [ 11.140277777777778, 51.804444444444442 ], [ 11.208333333333332, 51.841111111111111 ], [ 11.208333333333332, 51.841111111111111 ], [ 11.680833333333332, 51.922777777777775 ] ] ] ] } },
{ "type": "Feature", "properties": { "id": "ED-SAL2", "minFL": 365, "maxFL": 660 }, "geometry": { "type": "MultiPolygon", "coordinates": [ [ [ [ 11.680833333333332, 51.922777777777775 ], [ 12.339722222222223, 51.797777777777775 ], [ 12.339722222222223, 51.797777777777775 ], [ 12.543333333333333, 51.721111111111114 ], [ 12.543333333333333, 51.721111111111114 ], [ 12.851388888888888, 51.603888888888889 ], [ 12.851388888888888, 51.603888888888889 ], [ 12.826944444444445, 51.457222222222228 ], [ 12.826944444444445, 51.457222222222228 ], [ 12.521111111111113, 51.261111111111113 ], [ 12.521111111111113, 51.261111111111113 ], [ 12.114444444444445, 50.69083333333333 ], [ 12.114444444444445, 50.69083333333333 ], [ 12.314444444444446, 50.610277777777782 ], [ 12.314444444444446, 50.610277777777782 ], [ 12.750555555555556, 50.4325 ], [ 12.750555555555556, 50.4325 ], [ 12.633333333333333, 50.392222222222223 ], [ 12.633333333333333, 50.392222222222223 ], [ 12.4875, 50.341944444444444 ], [ 12.4875, 50.341944444444444 ], [ 12.44, 50.32555555555556 ], [ 12.44, 50.32555555555556 ], [ 12.372222222222224, 50.301944444444445 ], [ 12.372222222222224, 50.301944444444445 ], [ 12.351666666666667, 50.240277777777777 ], [ 12.351666666666667, 50.240277777777777 ], [ 11.331666666666667, 50.501944444444447 ], [ 11.331666666666667, 50.501944444444447 ], [ 10.702777777777778, 50.6575 ], [ 10.702777777777778, 50.6575 ], [ 10.563611111111111, 50.82 ], [ 10.563611111111111, 50.82 ], [ 10.514444444444445, 50.876944444444447 ], [ 10.514444444444445, 50.876944444444447 ], [ 10.424722222222222, 50.980833333333337 ], [ 10.424722222222222, 50.980833333333337 ], [ 10.338055555555556, 51.080555555555556 ], [ 10.338055555555556, 51.080555555555556 ], [ 10.28361111111111, 51.104722222222222 ], [ 10.28361111111111, 51.104722222222222 ], [ 10.3875, 51.333888888888893 ], [ 10.3875, 51.333888888888893 ], [ 10.5925, 51.486944444444447 ], [ 10.5925, 51.486944444444447 ], [ 10.7, 51.56666666666667 ], [ 10.7, 51.56666666666667 ], [ 10.984722222222221, 51.721111111111114 ], [ 10.984722222222221, 51.721111111111114 ], [ 11.140277777777778, 51.804444444444442 ], [ 11.140277777777778, 51.804444444444442 ], [ 11.208333333333332, 51.841111111111111 ], [ 11.208333333333332, 51.841111111111111 ], [ 11.680833333333332, 51.922777777777775 ] ] ] ] } },
{ "type": "Feature", "properties": { "id": "ED-SPE1", "minFL": 315, "maxFL": 364 }, "geometry": { "type": "MultiPolygon", "coordinates": [ [ [ [ 14.680277777777777, 52.138611111111111 ], [ 14.755555555555556, 52.05833333333333 ], [ 14.755555555555556, 52.05833333333333 ], [ 14.675277777777778, 51.903055555555554 ], [ 14.675277777777778, 51.903055555555554 ], [ 14.633333333333333, 51.833333333333336 ], [ 14.633333333333333, 51.833333333333336 ], [ 14.616666666666667, 51.8 ], [ 14.616666666666667, 51.8 ], [ 14.666666666666666, 51.75 ], [ 14.666666666666666, 51.75 ], [ 14.712222222222222, 51.698333333333331 ], [ 14.712222222222222, 51.698333333333331 ], [ 14.738055555555555, 51.583055555555561 ], [ 14.738055555555555, 51.583055555555561 ], [ 14.807222222222222, 51.511666666666663 ], [ 14.807222222222222, 51.511666666666663 ], [ 14.94888888888889, 51.471666666666671 ], [ 14.94888888888889, 51.471666666666671 ], [ 14.961666666666666, 51.406944444444441 ], [ 14.961666666666666, 51.406944444444441 ], [ 15.010555555555555, 51.203055555555558 ], [ 15.010555555555555, 51.203055555555558 ], [ 14.916944444444443, 50.990555555555559 ], [ 14.916944444444443, 50.990555555555559 ], [ 14.725277777777778, 50.999166666666667 ], [ 14.725277777777778, 50.999166666666667 ], [ 13.7675, 50.734166666666667 ], [ 13.7675, 50.734166666666667 ], [ 13.009166666666667, 50.520555555555553 ], [ 13.009166666666667, 50.520555555555553 ], [ 12.750555555555556, 50.4325 ], [ 12.750555555555556, 50.4325 ], [ 12.314444444444446, 50.610277777777782 ], [ 12.314444444444446, 50.610277777777782 ], [ 12.114444444444445, 50.69083333333333 ], [ 12.114444444444445, 50.69083333333333 ], [ 12.521111111111113, 51.261111111111113 ], [ 12.521111111111113, 51.261111111111113 ], [ 12.826944444444445, 51.457222222222228 ], [ 12.826944444444445, 51.457222222222228 ], [ 12.851388888888888, 51.603888888888889 ], [ 12.851388888888888, 51.603888888888889 ], [ 13.167222222222222, 51.7125 ], [ 13.167222222222222, 51.7125 ], [ 14.465555555555556, 52.145 ], [ 14.465555555555556, 52.145 ], [ 14.680277777777777, 52.138611111111111 ] ] ] ] } },
{ "type": "Feature", "properties": { "id": "ED-SPE2", "minFL": 365, "maxFL": 660 }, "geometry": { "type": "MultiPolygon", "coordinates": [ [ [ [ 14.680277777777777, 52.138611111111111 ], [ 14.755555555555556, 52.05833333333333 ], [ 14.755555555555556, 52.05833333333333 ], [ 14.675277777777778, 51.903055555555554 ], [ 14.675277777777778, 51.903055555555554 ], [ 14.633333333333333, 51.833333333333336 ], [ 14.633333333333333, 51.833333333333336 ], [ 14.616666666666667, 51.8 ], [ 14.616666666666667, 51.8 ], [ 14.666666666666666, 51.75 ], [ 14.666666666666666, 51.75 ], [ 14.712222222222222, 51.698333333333331 ], [ 14.712222222222222, 51.698333333333331 ], [ 14.738055555555555, 51.583055555555561 ], [ 14.738055555555555, 51.583055555555561 ], [ 14.807222222222222, 51.511666666666663 ], [ 14.807222222222222, 51.511666666666663 ], [ 14.94888888888889, 51.471666666666671 ], [ 14.94888888888889, 51.471666666666671 ], [ 14.961666666666666, 51.406944444444441 ], [ 14.961666666666666, 51.406944444444441 ], [ 15.010555555555555, 51.203055555555558 ], [ 15.010555555555555, 51.203055555555558 ], [ 14.916944444444443, 50.990555555555559 ], [ 14.916944444444443, 50.990555555555559 ], [ 14.725277777777778, 50.999166666666667 ], [ 14.725277777777778, 50.999166666666667 ], [ 13.7675, 50.734166666666667 ], [ 13.7675, 50.734166666666667 ], [ 13.009166666666667, 50.520555555555553 ], [ 13.009166666666667, 50.520555555555553 ], [ 12.750555555555556, 50.4325 ], [ 12.750555555555556, 50.4325 ], [ 12.314444444444446, 50.610277777777782 ], [ 12.314444444444446, 50.610277777777782 ], [ 12.114444444444445, 50.69083333333333 ], [ 12.114444444444445, 50.69083333333333 ], [ 12.521111111111113, 51.261111111111113 ], [ 12.521111111111113, 51.261111111111113 ], [ 12.826944444444445, 51.457222222222228 ], [ 12.826944444444445, 51.457222222222228 ], [ 12.851388888888888, 51.603888888888889 ], [ 12.851388888888888, 51.603888888888889 ], [ 13.167222222222222, 51.7125 ], [ 13.167222222222222, 51.7125 ], [ 14.465555555555556, 52.145 ], [ 14.465555555555556, 52.145 ], [ 14.680277777777777, 52.138611111111111 ] ] ] ] } },
{ "type": "Feature", "properties": { "id": "ED-BAD/1", "minFL": 145, "maxFL": 244 }, "geometry": { "type": "MultiPolygon", "coordinates": [ [ [ [ 8.22861111111111, 48.970277777777781 ], [ 8.291666666666666, 48.967777777777776 ], [ 8.291666666666666, 48.967777777777776 ], [ 8.436111111111112, 48.916666666666664 ], [ 8.436111111111112, 48.916666666666664 ], [ 8.647777777777778, 48.895 ], [ 8.647777777777778, 48.895 ], [ 8.8525, 48.921388888888885 ], [ 8.8525, 48.921388888888885 ], [ 8.900555555555556, 48.812222222222218 ], [ 8.900555555555556, 48.812222222222218 ], [ 8.975277777777778, 48.779722222222219 ], [ 8.975277777777778, 48.779722222222219 ], [ 9.190277777777778, 48.68611111111111 ], [ 9.190277777777778, 48.68611111111111 ], [ 9.1075, 48.166944444444439 ], [ 9.1075, 48.166944444444439 ], [ 8.882777777777779, 48.166666666666664 ], [ 8.882777777777779, 48.166666666666664 ], [ 8.680555555555555, 48.168888888888887 ], [ 8.680555555555555, 48.168888888888887 ], [ 8.321388888888889, 48.17 ], [ 8.321388888888889, 48.17 ], [ 8.2125, 48.148333333333333 ], [ 8.2125, 48.148333333333333 ], [ 7.966666666666667, 48.1 ], [ 7.966666666666667, 48.1 ], [ 7.57, 48.082777777777778 ], [ 7.57, 48.082777777777778 ], [ 7.578888888888889, 48.1 ], [ 7.578888888888889, 48.1 ], [ 7.576944444444444, 48.119722222222222 ], [ 7.576944444444444, 48.119722222222222 ], [ 7.589722222222222, 48.128611111111113 ], [ 7.589722222222222, 48.128611111111113 ], [ 7.599166666666666, 48.136111111111113 ], [ 7.599166666666666, 48.136111111111113 ], [ 7.600277777777777, 48.143333333333331 ], [ 7.600277777777777, 48.143333333333331 ], [ 7.598888888888888, 48.153055555555554 ], [ 7.598888888888888, 48.153055555555554 ], [ 7.609166666666666, 48.165555555555557 ], [ 7.609166666666666, 48.165555555555557 ], [ 7.630277777777779, 48.185277777777777 ], [ 7.630277777777779, 48.185277777777777 ], [ 7.644444444444444, 48.2075 ], [ 7.644444444444444, 48.2075 ], [ 7.664166666666667, 48.219166666666666 ], [ 7.664166666666667, 48.219166666666666 ], [ 7.673888888888889, 48.23972222222222 ], [ 7.673888888888889, 48.23972222222222 ], [ 7.689444444444445, 48.284166666666664 ], [ 7.689444444444445, 48.284166666666664 ], [ 7.689444444444445, 48.295 ], [ 7.689444444444445, 48.295 ], [ 7.695833333333334, 48.303888888888885 ], [ 7.695833333333334, 48.303888888888885 ], [ 7.733055555555556, 48.3175 ], [ 7.733055555555556, 48.3175 ], [ 7.745555555555556, 48.333333333333336 ], [ 7.745555555555556, 48.333333333333336 ], [ 7.731111111111111, 48.380555555555553 ], [ 7.731111111111111, 48.380555555555553 ], [ 7.734722222222222, 48.402222222222221 ], [ 7.734722222222222, 48.402222222222221 ], [ 7.764722222222222, 48.455277777777781 ], [ 7.764722222222222, 48.455277777777781 ], [ 7.766944444444444, 48.486388888888889 ], [ 7.766944444444444, 48.486388888888889 ], [ 7.777222222222222, 48.495555555555555 ], [ 7.777222222222222, 48.495555555555555 ], [ 7.797222222222222, 48.50333333333333 ], [ 7.797222222222222, 48.50333333333333 ], [ 7.806666666666667, 48.522777777777776 ], [ 7.806666666666667, 48.522777777777776 ], [ 7.802777777777778, 48.536388888888887 ], [ 7.802777777777778, 48.536388888888887 ], [ 7.805555555555555, 48.555 ], [ 7.805555555555555, 48.555 ], [ 7.800277777777778, 48.5775 ], [ 7.800277777777778, 48.5775 ], [ 7.805, 48.593055555555559 ], [ 7.805, 48.593055555555559 ], [ 7.830277777777778, 48.62 ], [ 7.830277777777778, 48.62 ], [ 7.839722222222222, 48.641388888888891 ], [ 7.839722222222222, 48.641388888888891 ], [ 7.89, 48.6625 ], [ 7.89, 48.6625 ], [ 7.966666666666667, 48.724722222222226 ], [ 7.966666666666667, 48.724722222222226 ], [ 7.968055555555556, 48.752222222222223 ], [ 7.968055555555556, 48.752222222222223 ], [ 7.974444444444445, 48.759166666666665 ], [ 7.974444444444445, 48.759166666666665 ], [ 7.988333333333333, 48.760555555555555 ], [ 7.988333333333333, 48.760555555555555 ], [ 8.007222222222222, 48.758611111111108 ], [ 8.007222222222222, 48.758611111111108 ], [ 8.02138888888889, 48.766388888888891 ], [ 8.02138888888889, 48.766388888888891 ], [ 8.026111111111112, 48.782777777777774 ], [ 8.026111111111112, 48.782777777777774 ], [ 8.035277777777777, 48.789722222222217 ], [ 8.035277777777777, 48.789722222222217 ], [ 8.051388888888889, 48.789722222222217 ], [ 8.051388888888889, 48.789722222222217 ], [ 8.065, 48.789444444444442 ], [ 8.065, 48.789444444444442 ], [ 8.086111111111112, 48.801388888888887 ], [ 8.086111111111112, 48.801388888888887 ], [ 8.104444444444445, 48.820555555555558 ], [ 8.104444444444445, 48.820555555555558 ], [ 8.117777777777778, 48.858055555555559 ], [ 8.117777777777778, 48.858055555555559 ], [ 8.143611111111111, 48.898333333333333 ], [ 8.143611111111111, 48.898333333333333 ], [ 8.174722222222222, 48.929722222222217 ], [ 8.174722222222222, 48.929722222222217 ], [ 8.194722222222222, 48.955 ], [ 8.194722222222222, 48.955 ], [ 8.233611111111109, 48.966666666666669 ], [ 8.233611111111109, 48.966666666666669 ], [ 8.22861111111111, 48.970277777777781 ] ] ] ] } },
{ "type": "Feature", "properties": { "id": "ED-BAD/2", "minFL": 145, "maxFL": 234 }, "geometry": { "type": "MultiPolygon", "coordinates": [ [ [ [ 9.190277777777778, 48.68611111111111 ], [ 9.55, 48.527777777777779 ], [ 9.55, 48.527777777777779 ], [ 9.55, 48.417777777777772 ], [ 9.55, 48.417777777777772 ], [ 9.55, 48.166666666666664 ], [ 9.55, 48.166666666666664 ], [ 9.1075, 48.166944444444439 ], [ 9.1075, 48.166944444444439 ], [ 9.190277777777778, 48.68611111111111 ] ] ] ] } },
{ "type": "Feature", "properties": { "id": "ED-BOT/1", "minFL": 0, "maxFL": 244 }, "geometry": { "type": "MultiPolygon", "coordinates": [ [ [ [ 6.133611111111112, 51.586111111111116 ], [ 6.360277777777777, 51.586388888888891 ], [ 6.360277777777777, 51.586388888888891 ], [ 6.498611111111111, 51.601111111111109 ], [ 6.498611111111111, 51.601111111111109 ], [ 6.681944444444444, 51.686388888888885 ], [ 6.681944444444444, 51.686388888888885 ], [ 6.968888888888889, 51.862222222222222 ], [ 6.968888888888889, 51.862222222222222 ], [ 7.171388888888889, 51.771388888888886 ], [ 7.171388888888889, 51.771388888888886 ], [ 6.800833333333333, 51.596666666666671 ], [ 6.800833333333333, 51.596666666666671 ], [ 6.733055555555556, 51.56444444444444 ], [ 6.733055555555556, 51.56444444444444 ], [ 6.631666666666667, 51.515833333333333 ], [ 6.631666666666667, 51.515833333333333 ], [ 6.595555555555555, 51.49861111111111 ], [ 6.595555555555555, 51.49861111111111 ], [ 6.4025, 51.405833333333334 ], [ 6.4025, 51.405833333333334 ], [ 6.219722222222222, 51.3175 ], [ 6.219722222222222, 51.3175 ], [ 6.236388888888889, 51.123333333333335 ], [ 6.236388888888889, 51.123333333333335 ], [ 6.243611111111111, 51.035277777777779 ], [ 6.243611111111111, 51.035277777777779 ], [ 6.070555555555555, 50.884166666666665 ], [ 6.070555555555555, 50.884166666666665 ], [ 6.058611111111111, 50.921666666666667 ], [ 6.058611111111111, 50.921666666666667 ], [ 6.042777777777777, 50.930833333333332 ], [ 6.042777777777777, 50.930833333333332 ], [ 6.008888888888889, 50.9525 ], [ 6.008888888888889, 50.9525 ], [ 5.970833333333333, 50.980555555555554 ], [ 5.970833333333333, 50.980555555555554 ], [ 5.910555555555556, 50.976666666666667 ], [ 5.910555555555556, 50.976666666666667 ], [ 5.878333333333334, 51.0225 ], [ 5.878333333333334, 51.0225 ], [ 5.960833333333333, 51.0675 ], [ 5.960833333333333, 51.0675 ], [ 6.005, 51.0875 ], [ 6.005, 51.0875 ], [ 6.175277777777778, 51.160277777777779 ], [ 6.175277777777778, 51.160277777777779 ], [ 6.122222222222222, 51.1825 ], [ 6.122222222222222, 51.1825 ], [ 6.075, 51.166111111111107 ], [ 6.075, 51.166111111111107 ], [ 6.066666666666666, 51.238333333333337 ], [ 6.066666666666666, 51.238333333333337 ], [ 6.081666666666666, 51.246111111111112 ], [ 6.081666666666666, 51.246111111111112 ], [ 6.225, 51.366666666666667 ], [ 6.225, 51.366666666666667 ], [ 6.225, 51.404722222222219 ], [ 6.225, 51.404722222222219 ], [ 6.225, 51.466666666666669 ], [ 6.225, 51.466666666666669 ], [ 6.133611111111112, 51.586111111111116 ] ] ] ] } },
{ "type": "Feature", "properties": { "id": "ED-BOT/2", "minFL": 0, "maxFL": 204 }, "geometry": { "type": "MultiPolygon", "coordinates": [ [ [ [ 6.790833333333333, 51.933611111111105 ], [ 6.876666666666667, 51.910833333333329 ], [ 6.876666666666667, 51.910833333333329 ], [ 6.968888888888889, 51.862222222222222 ], [ 6.968888888888889, 51.862222222222222 ], [ 6.681944444444444, 51.686388888888885 ], [ 6.681944444444444, 51.686388888888885 ], [ 6.498611111111111, 51.601111111111109 ], [ 6.498611111111111, 51.601111111111109 ], [ 6.360277777777777, 51.586388888888891 ], [ 6.360277777777777, 51.586388888888891 ], [ 6.133611111111112, 51.586111111111116 ], [ 6.133611111111112, 51.586111111111116 ], [ 6.101666666666667, 51.62777777777778 ], [ 6.101666666666667, 51.62777777777778 ], [ 6.036666666666666, 51.672777777777775 ], [ 6.036666666666666, 51.672777777777775 ], [ 6.028333333333333, 51.7 ], [ 6.028333333333333, 51.7 ], [ 6.4075, 51.828055555555558 ], [ 6.4075, 51.828055555555558 ], [ 6.376388888888888, 51.868333333333332 ], [ 6.376388888888888, 51.868333333333332 ], [ 6.496666666666667, 51.861666666666665 ], [ 6.496666666666667, 51.861666666666665 ], [ 6.790833333333333, 51.933611111111105 ] ] ] ] } },
{ "type": "Feature", "properties": { "id": "ED-BOT/3", "minFL": 30, "maxFL": 194 }, "geometry": { "type": "MultiPolygon", "coordinates": [ [ [ [ 6.036666666666666, 51.672777777777775 ], [ 6.101666666666667, 51.62777777777778 ], [ 6.101666666666667, 51.62777777777778 ], [ 6.133611111111112, 51.586111111111116 ], [ 6.133611111111112, 51.586111111111116 ], [ 6.225, 51.466666666666669 ], [ 6.225, 51.466666666666669 ], [ 6.225, 51.404722222222219 ], [ 6.225, 51.404722222222219 ], [ 6.225, 51.366666666666667 ], [ 6.225, 51.366666666666667 ], [ 6.081666666666666, 51.246111111111112 ], [ 6.081666666666666, 51.246111111111112 ], [ 5.952222222222223, 51.24861111111111 ], [ 5.952222222222223, 51.24861111111111 ], [ 6.035833333333334, 51.333333333333336 ], [ 6.035833333333334, 51.333333333333336 ], [ 6.036666666666666, 51.672777777777775 ] ] ] ] } },
{ "type": "Feature", "properties": { "id": "ED-BOT/4", "minFL": 15, "maxFL": 194 }, "geometry": { "type": "MultiPolygon", "coordinates": [ [ [ [ 5.952222222222223, 51.24861111111111 ], [ 6.081666666666666, 51.246111111111112 ], [ 6.081666666666666, 51.246111111111112 ], [ 6.066666666666666, 51.238333333333337 ], [ 6.066666666666666, 51.238333333333337 ], [ 6.075, 51.166111111111107 ], [ 6.075, 51.166111111111107 ], [ 6.122222222222222, 51.1825 ], [ 6.122222222222222, 51.1825 ], [ 6.175277777777778, 51.160277777777779 ], [ 6.175277777777778, 51.160277777777779 ], [ 6.005, 51.0875 ], [ 6.005, 51.0875 ], [ 5.973611111111111, 51.18333333333333 ], [ 5.973611111111111, 51.18333333333333 ], [ 5.952222222222223, 51.24861111111111 ] ] ] ] } },
{ "type": "Feature", "properties": { "id": "ED-BOT/5", "minFL": 0, "maxFL": 104 }, "geometry": { "type": "MultiPolygon", "coordinates": [ [ [ [ 6.243611111111111, 51.035277777777779 ], [ 6.386388888888889, 50.918333333333329 ], [ 6.386388888888889, 50.918333333333329 ], [ 6.076388888888888, 50.77 ], [ 6.076388888888888, 50.77 ], [ 6.0775, 50.846666666666671 ], [ 6.0775, 50.846666666666671 ], [ 6.078055555555555, 50.861111111111114 ], [ 6.078055555555555, 50.861111111111114 ], [ 6.070555555555555, 50.884166666666665 ], [ 6.070555555555555, 50.884166666666665 ], [ 6.243611111111111, 51.035277777777779 ] ] ] ] } },
{ "type": "Feature", "properties": { "id": "ED-BOT/6", "minFL": 75, "maxFL": 244 }, "geometry": { "type": "MultiPolygon", "coordinates": [ [ [ [ 6.219722222222222, 51.3175 ], [ 6.236388888888889, 51.123333333333335 ], [ 6.236388888888889, 51.123333333333335 ], [ 6.4025, 51.405833333333334 ], [ 6.4025, 51.405833333333334 ], [ 6.219722222222222, 51.3175 ] ] ] ] } },
{ "type": "Feature", "properties": { "id": "ED-BOT/7", "minFL": 155, "maxFL": 244 }, "geometry": { "type": "MultiPolygon", "coordinates": [ [ [ [ 6.4025, 51.405833333333334 ], [ 6.595555555555555, 51.49861111111111 ], [ 6.595555555555555, 51.49861111111111 ], [ 6.631666666666667, 51.515833333333333 ], [ 6.631666666666667, 51.515833333333333 ], [ 6.733055555555556, 51.56444444444444 ], [ 6.733055555555556, 51.56444444444444 ], [ 6.800833333333333, 51.596666666666671 ], [ 6.800833333333333, 51.596666666666671 ], [ 7.171388888888889, 51.771388888888886 ], [ 7.171388888888889, 51.771388888888886 ], [ 7.205, 51.755277777777778 ], [ 7.205, 51.755277777777778 ], [ 7.410277777777778, 51.6575 ], [ 7.410277777777778, 51.6575 ], [ 7.479444444444445, 51.624166666666667 ], [ 7.479444444444445, 51.624166666666667 ], [ 7.583611111111111, 51.48 ], [ 7.583611111111111, 51.48 ], [ 7.656111111111112, 51.3775 ], [ 7.656111111111112, 51.3775 ], [ 7.559444444444444, 51.369444444444447 ], [ 7.559444444444444, 51.369444444444447 ], [ 7.451111111111111, 51.318611111111117 ], [ 7.451111111111111, 51.318611111111117 ], [ 7.193333333333333, 51.200277777777778 ], [ 7.193333333333333, 51.200277777777778 ], [ 7.149444444444445, 51.179722222222217 ], [ 7.149444444444445, 51.179722222222217 ], [ 7.105555555555555, 51.159722222222221 ], [ 7.105555555555555, 51.159722222222221 ], [ 6.9775, 51.098333333333336 ], [ 6.9775, 51.098333333333336 ], [ 6.87, 51.187222222222218 ], [ 6.87, 51.187222222222218 ], [ 6.755, 51.281944444444441 ], [ 6.755, 51.281944444444441 ], [ 6.471111111111111, 51.145555555555553 ], [ 6.471111111111111, 51.145555555555553 ], [ 6.243611111111111, 51.035277777777779 ], [ 6.243611111111111, 51.035277777777779 ], [ 6.236388888888889, 51.123333333333335 ], [ 6.236388888888889, 51.123333333333335 ], [ 6.4025, 51.405833333333334 ] ] ] ] } },
{ "type": "Feature", "properties": { "id": "ED-DKA/1", "minFL": 0, "maxFL": 144 }, "geometry": { "type": "MultiPolygon", "coordinates": [ [ [ [ 7.829166666666667, 51.132222222222225 ], [ 8.01888888888889, 50.959166666666668 ], [ 8.01888888888889, 50.959166666666668 ], [ 8.068888888888889, 50.913055555555552 ], [ 8.068888888888889, 50.913055555555552 ], [ 8.135277777777777, 50.8775 ], [ 8.135277777777777, 50.8775 ], [ 7.975555555555555, 50.833055555555561 ], [ 7.975555555555555, 50.833055555555561 ], [ 8.037222222222223, 50.775 ], [ 8.037222222222223, 50.775 ], [ 7.842777777777777, 50.699444444444438 ], [ 7.842777777777777, 50.699444444444438 ], [ 7.721388888888889, 50.651944444444446 ], [ 7.721388888888889, 50.651944444444446 ], [ 7.716666666666667, 50.65 ], [ 7.716666666666667, 50.65 ], [ 7.58, 50.600277777777777 ], [ 7.58, 50.600277777777777 ], [ 7.441111111111112, 50.549722222222222 ], [ 7.441111111111112, 50.549722222222222 ], [ 7.466666666666667, 50.516666666666666 ], [ 7.466666666666667, 50.516666666666666 ], [ 7.2525, 50.515 ], [ 7.2525, 50.515 ], [ 6.918055555555556, 50.510833333333331 ], [ 6.918055555555556, 50.510833333333331 ], [ 6.898055555555555, 50.540555555555557 ], [ 6.898055555555555, 50.540555555555557 ], [ 6.865277777777777, 50.589166666666671 ], [ 6.865277777777777, 50.589166666666671 ], [ 6.770833333333333, 50.728055555555557 ], [ 6.770833333333333, 50.728055555555557 ], [ 7.099166666666666, 50.902222222222221 ], [ 7.099166666666666, 50.902222222222221 ], [ 6.990833333333334, 50.9775 ], [ 6.990833333333334, 50.9775 ], [ 7.106944444444444, 51.031944444444441 ], [ 7.106944444444444, 51.031944444444441 ], [ 7.270833333333333, 51.108888888888892 ], [ 7.270833333333333, 51.108888888888892 ], [ 7.356111111111111, 51.111666666666665 ], [ 7.356111111111111, 51.111666666666665 ], [ 7.515833333333333, 51.116944444444442 ], [ 7.515833333333333, 51.116944444444442 ], [ 7.766666666666667, 51.124722222222225 ], [ 7.766666666666667, 51.124722222222225 ], [ 7.829166666666667, 51.132222222222225 ], [ 7.766666666666667, 51.124722222222225 ] ] ] ] } },
{ "type": "Feature", "properties": { "id": "ED-DKA/2", "minFL": 0, "maxFL": 194 }, "geometry": { "type": "MultiPolygon", "coordinates": [ [ [ [ 6.770833333333333, 50.728055555555557 ], [ 6.865277777777777, 50.589166666666671 ], [ 6.898055555555555, 50.540555555555557 ], [ 6.918055555555556, 50.510833333333331 ], [ 6.848611111111111, 50.51027777777778 ], [ 6.815277777777777, 50.505833333333335 ], [ 6.624722222222223, 50.4725 ], [ 6.384166666666667, 50.4125 ], [ 6.120277777777777, 50.634722222222223 ], [ 6.158611111111111, 50.648055555555558 ], [ 6.263055555555556, 50.684166666666663 ], [ 6.581944444444444, 50.667777777777772 ], [ 6.679722222222223, 50.679166666666667 ], [ 6.770833333333333, 50.728055555555557 ] ] ] ] } },
{ "type": "Feature", "properties": { "id": "ED-DKA/3", "minFL": 0, "maxFL": 104 }, "geometry": { "type": "MultiPolygon", "coordinates": [ [ [ [ 7.270833333333333, 51.108888888888892 ], [ 7.106944444444444, 51.031944444444441 ], [ 6.990833333333334, 50.9775 ], [ 7.099166666666666, 50.902222222222221 ], [ 6.770833333333333, 50.728055555555557 ], [ 6.679722222222223, 50.679166666666667 ], [ 6.581944444444444, 50.667777777777772 ], [ 6.263055555555556, 50.684166666666663 ], [ 6.158611111111111, 50.648055555555558 ], [ 6.120277777777777, 50.634722222222223 ], [ 6.074722222222222, 50.666944444444439 ], [ 6.076388888888888, 50.77 ], [ 6.386388888888889, 50.918333333333329 ], [ 6.616111111111111, 51.026388888888889 ], [ 6.755833333333333, 51.09 ], [ 6.9775, 51.098333333333336 ], [ 7.270833333333333, 51.108888888888892 ] ] ] ] } },
{ "type": "Feature", "properties": { "id": "ED-DKB/1", "minFL": 0, "maxFL": 84 }, "geometry": { "type": "MultiPolygon", "coordinates": [ [ [ [ 10.292222222222222, 49.981111111111112 ], [ 10.294444444444444, 49.940277777777773 ], [ 10.3, 49.833333333333336 ], [ 10.304444444444446, 49.677777777777777 ], [ 10.305555555555557, 49.638888888888886 ], [ 10.372222222222224, 49.322222222222223 ], [ 10.127222222222223, 49.318611111111117 ], [ 9.8425, 49.267777777777773 ], [ 9.655833333333334, 49.289444444444442 ], [ 9.452777777777778, 49.272222222222219 ], [ 9.593055555555557, 49.449166666666663 ], [ 9.546944444444444, 49.611111111111114 ], [ 9.518055555555556, 49.7125 ], [ 9.573333333333332, 49.725555555555559 ], [ 9.671388888888888, 49.74861111111111 ], [ 9.697777777777778, 49.779166666666669 ], [ 9.704722222222221, 49.924166666666665 ], [ 9.6925, 49.9775 ], [ 9.757777777777777, 49.978055555555557 ], [ 10.292222222222222, 49.981111111111112 ] ] ] ] } },
{ "type": "Feature", "properties": { "id": "ED-DKB/2", "minFL": 105, "maxFL": 244 }, "geometry": { "type": "MultiPolygon", "coordinates": [ [ [ [ 10.372222222222224, 49.322222222222223 ], [ 10.587777777777779, 49.17861111111111 ], [ 10.479166666666666, 49.111111111111114 ], [ 10.2575, 49.017222222222223 ], [ 10.096944444444444, 48.948611111111106 ], [ 9.896388888888888, 49.056388888888883 ], [ 9.783333333333333, 49.116666666666667 ], [ 9.452777777777778, 49.272222222222219 ], [ 9.655833333333334, 49.289444444444442 ], [ 9.8425, 49.267777777777773 ], [ 10.127222222222223, 49.318611111111117 ], [ 10.372222222222224, 49.322222222222223 ] ] ] ] } },
{ "type": "Feature", "properties": { "id": "ED-DKB/3", "minFL": 85, "maxFL": 244 }, "geometry": { "type": "MultiPolygon", "coordinates": [ [ [ [ 9.743055555555555, 49.6375 ], [ 9.906111111111111, 49.556388888888883 ], [ 10.372222222222224, 49.322222222222223 ], [ 10.127222222222223, 49.318611111111117 ], [ 9.8425, 49.267777777777773 ], [ 9.655833333333334, 49.289444444444442 ], [ 9.452777777777778, 49.272222222222219 ], [ 9.593055555555557, 49.449166666666663 ], [ 9.668888888888889, 49.544444444444444 ], [ 9.743055555555555, 49.6375 ] ] ] ] } },
{ "type": "Feature", "properties": { "id": "ED-EIF/1", "minFL": 0, "maxFL": 164 }, "geometry": { "type": "MultiPolygon", "coordinates": [ [ [ [ 6.207777777777778, 50.030277777777776 ], [ 6.214444444444444, 50.13 ], [ 6.218055555555556, 50.18138888888889 ], [ 6.223333333333334, 50.258611111111108 ], [ 6.223611111111111, 50.260833333333331 ], [ 6.342777777777777, 50.334166666666668 ], [ 6.384166666666667, 50.4125 ], [ 6.624722222222223, 50.4725 ], [ 6.815277777777777, 50.505833333333335 ], [ 6.848611111111111, 50.51027777777778 ], [ 6.923888888888889, 50.278611111111111 ], [ 6.9675, 50.141944444444441 ], [ 7.0, 50.039166666666667 ], [ 7.121944444444444, 49.649722222222223 ], [ 6.784722222222222, 49.643333333333331 ], [ 6.573333333333333, 49.638888888888886 ], [ 6.556944444444444, 49.842222222222226 ], [ 6.539444444444444, 49.851666666666667 ], [ 6.207777777777778, 50.030277777777776 ] ] ] ] } },
{ "type": "Feature", "properties": { "id": "ED-EIF/2", "minFL": 0, "maxFL": 104 }, "geometry": { "type": "MultiPolygon", "coordinates": [ [ [ [ 7.121944444444444, 49.649722222222223 ], [ 7.0, 50.039166666666667 ], [ 6.9675, 50.141944444444441 ], [ 6.923888888888889, 50.278611111111111 ], [ 6.848611111111111, 50.51027777777778 ], [ 6.918055555555556, 50.510833333333331 ], [ 7.2525, 50.515 ], [ 7.466666666666667, 50.516666666666666 ], [ 7.508055555555556, 50.460277777777783 ], [ 7.566944444444444, 50.369722222222222 ], [ 7.638888888888888, 50.258611111111108 ], [ 7.680277777777778, 50.194166666666661 ], [ 7.686666666666667, 50.043611111111112 ], [ 7.691111111111112, 49.9425 ], [ 7.695833333333334, 49.832222222222228 ], [ 7.543333333333333, 49.656111111111109 ], [ 7.121944444444444, 49.649722222222223 ] ] ] ] } },
{ "type": "Feature", "properties": { "id": "ED-EIF/3", "minFL": 95, "maxFL": 164 }, "geometry": { "type": "MultiPolygon", "coordinates": [ [ [ [ 6.207777777777778, 50.030277777777776 ], [ 6.539444444444444, 49.851666666666667 ], [ 6.556944444444444, 49.842222222222226 ], [ 6.573333333333333, 49.638888888888886 ], [ 6.4275, 49.635555555555555 ], [ 6.502777777777778, 49.809166666666663 ], [ 6.340555555555556, 49.874444444444443 ], [ 6.201111111111111, 49.935555555555553 ], [ 6.2025, 49.954166666666673 ], [ 6.207777777777778, 50.030277777777776 ] ] ] ] } },
{ "type": "Feature", "properties": { "id": "ED-FFM1/1", "minFL": 245, "maxFL": 324 }, "geometry": { "type": "MultiPolygon", "coordinates": [ [ [ [ 8.7275, 50.85 ], [ 9.398333333333333, 50.400277777777774 ], [ 9.431111111111111, 50.298611111111107 ], [ 9.186944444444444, 49.55555555555555 ], [ 8.493333333333332, 49.904444444444444 ], [ 7.909444444444444, 50.611666666666665 ], [ 7.666111111111111, 50.7 ], [ 7.648888888888888, 50.752222222222223 ], [ 8.247222222222222, 50.981111111111112 ], [ 8.416666666666666, 51.044722222222219 ] ] ] ] } },
{ "type": "Feature", "properties": { "id": "ED-FFM1/2", "minFL": 245, "maxFL": 294 }, "geometry": { "type": "MultiPolygon", "coordinates": [ [ [ [ 8.070833333333333, 51.178888888888885 ], [ 8.247222222222222, 50.981111111111112 ], [ 7.648888888888888, 50.752222222222223 ], [ 7.554166666666666, 51.037777777777777 ] ] ] ] } },
{ "type": "Feature", "properties": { "id": "ED-FFM2", "minFL": 325, "maxFL": 354 }, "geometry": { "type": "MultiPolygon", "coordinates": [ [ [ [ 8.7275, 50.85 ], [ 9.398333333333333, 50.400277777777774 ], [ 9.431111111111111, 50.298611111111107 ], [ 9.186944444444444, 49.55555555555555 ], [ 8.493333333333332, 49.904444444444444 ], [ 7.909444444444444, 50.611666666666665 ], [ 7.666111111111111, 50.7 ], [ 7.648888888888888, 50.752222222222223 ], [ 8.247222222222222, 50.981111111111112 ] ] ] ] } },
{ "type": "Feature", "properties": { "id": "ED-FFM3", "minFL": 355, "maxFL": 374 }, "geometry": { "type": "MultiPolygon", "coordinates": [ [ [ [ 8.7275, 50.85 ], [ 9.398333333333333, 50.400277777777774 ], [ 9.431111111111111, 50.298611111111107 ], [ 9.186944444444444, 49.55555555555555 ], [ 8.493333333333332, 49.904444444444444 ], [ 7.909444444444444, 50.611666666666665 ], [ 7.666111111111111, 50.7 ], [ 7.648888888888888, 50.752222222222223 ], [ 8.247222222222222, 50.981111111111112 ] ] ] ] } },
{ "type": "Feature", "properties": { "id": "ED-FFM4", "minFL": 375, "maxFL": 660 }, "geometry": { "type": "MultiPolygon", "coordinates": [ [ [ [ 8.7275, 50.85 ], [ 9.398333333333333, 50.400277777777774 ], [ 9.431111111111111, 50.298611111111107 ], [ 9.186944444444444, 49.55555555555555 ], [ 8.493333333333332, 49.904444444444444 ], [ 7.909444444444444, 50.611666666666665 ], [ 7.666111111111111, 50.7 ], [ 7.648888888888888, 50.752222222222223 ], [ 8.247222222222222, 50.981111111111112 ] ] ] ] } },
{ "type": "Feature", "properties": { "id": "ED-FUL1/1", "minFL": 245, "maxFL": 254 }, "geometry": { "type": "MultiPolygon", "coordinates": [ [ [ [ 10.28361111111111, 51.104722222222222 ], [ 10.338055555555556, 51.080555555555556 ], [ 10.424722222222222, 50.980833333333337 ], [ 10.514444444444445, 50.876944444444447 ], [ 10.702777777777778, 50.6575 ], [ 10.564166666666667, 50.5075 ], [ 10.526944444444446, 50.467222222222226 ], [ 10.48, 50.415833333333332 ], [ 10.324722222222222, 50.245833333333337 ], [ 10.280555555555557, 50.197222222222216 ], [ 9.398333333333333, 50.400277777777774 ], [ 8.7275, 50.85 ], [ 8.416666666666666, 51.044722222222219 ], [ 8.586666666666668, 51.108611111111109 ], [ 8.741944444444444, 51.166388888888889 ], [ 8.817777777777778, 51.196388888888883 ], [ 9.166666666666666, 51.333333333333336 ], [ 9.517222222222223, 51.333333333333336 ], [ 9.435833333333333, 51.085555555555558 ], [ 9.878611111111111, 51.084166666666668 ], [ 10.206388888888888, 51.081944444444446 ] ] ] ] } },
{ "type": "Feature", "properties": { "id": "ED-FUL1/2", "minFL": 255, "maxFL": 324 }, "geometry": { "type": "MultiPolygon", "coordinates": [ [ [ [ 9.517222222222223, 51.333333333333336 ], [ 9.963055555555554, 51.201111111111111 ], [ 10.28361111111111, 51.104722222222222 ], [ 10.338055555555556, 51.080555555555556 ], [ 10.424722222222222, 50.980833333333337 ], [ 10.514444444444445, 50.876944444444447 ], [ 10.702777777777778, 50.6575 ], [ 10.564166666666667, 50.5075 ], [ 10.526944444444446, 50.467222222222226 ], [ 10.48, 50.415833333333332 ], [ 10.324722222222222, 50.245833333333337 ], [ 10.280555555555557, 50.197222222222216 ], [ 9.398333333333333, 50.400277777777774 ], [ 8.7275, 50.85 ], [ 8.416666666666666, 51.044722222222219 ], [ 8.586666666666668, 51.108611111111109 ], [ 8.741944444444444, 51.166388888888889 ], [ 8.817777777777778, 51.196388888888883 ], [ 9.166666666666666, 51.333333333333336 ] ] ] ] } },
{ "type": "Feature", "properties": { "id": "ED-FUL1/3", "minFL": 325, "maxFL": 354 }, "geometry": { "type": "MultiPolygon", "coordinates": [ [ [ [ 10.338055555555556, 51.080555555555556 ], [ 10.424722222222222, 50.980833333333337 ], [ 10.514444444444445, 50.876944444444447 ], [ 10.702777777777778, 50.6575 ], [ 10.564166666666667, 50.5075 ], [ 10.526944444444446, 50.467222222222226 ], [ 10.48, 50.415833333333332 ], [ 10.324722222222222, 50.245833333333337 ], [ 10.280555555555557, 50.197222222222216 ], [ 9.398333333333333, 50.400277777777774 ], [ 8.7275, 50.85 ], [ 8.247222222222222, 50.981111111111112 ], [ 8.416666666666666, 51.044722222222219 ], [ 8.586666666666668, 51.108611111111109 ], [ 8.741944444444444, 51.166388888888889 ], [ 8.817777777777778, 51.196388888888883 ], [ 9.166666666666666, 51.333333333333336 ], [ 9.517222222222223, 51.333333333333336 ], [ 9.963055555555554, 51.201111111111111 ], [ 10.28361111111111, 51.104722222222222 ] ] ] ] } },
{ "type": "Feature", "properties": { "id": "ED-FUL2", "minFL": 355, "maxFL": 374 }, "geometry": { "type": "MultiPolygon", "coordinates": [ [ [ [ 10.338055555555556, 51.080555555555556 ], [ 10.424722222222222, 50.980833333333337 ], [ 10.514444444444445, 50.876944444444447 ], [ 10.702777777777778, 50.6575 ], [ 10.564166666666667, 50.5075 ], [ 10.526944444444446, 50.467222222222226 ], [ 10.48, 50.415833333333332 ], [ 10.324722222222222, 50.245833333333337 ], [ 10.280555555555557, 50.197222222222216 ], [ 9.398333333333333, 50.400277777777774 ], [ 8.7275, 50.85 ], [ 8.247222222222222, 50.981111111111112 ], [ 8.416666666666666, 51.044722222222219 ], [ 8.586666666666668, 51.108611111111109 ], [ 8.741944444444444, 51.166388888888889 ], [ 8.817777777777778, 51.196388888888883 ], [ 9.166666666666666, 51.333333333333336 ], [ 9.517222222222223, 51.333333333333336 ], [ 9.963055555555554, 51.201111111111111 ], [ 10.28361111111111, 51.104722222222222 ] ] ] ] } },
{ "type": "Feature", "properties": { "id": "ED-FUL3", "minFL": 375, "maxFL": 660 }, "geometry": { "type": "MultiPolygon", "coordinates": [ [ [ [ 10.338055555555556, 51.080555555555556 ], [ 10.424722222222222, 50.980833333333337 ], [ 10.514444444444445, 50.876944444444447 ], [ 10.702777777777778, 50.6575 ], [ 10.564166666666667, 50.5075 ], [ 10.526944444444446, 50.467222222222226 ], [ 10.48, 50.415833333333332 ], [ 10.324722222222222, 50.245833333333337 ], [ 10.280555555555557, 50.197222222222216 ], [ 9.398333333333333, 50.400277777777774 ], [ 8.7275, 50.85 ], [ 8.247222222222222, 50.981111111111112 ], [ 8.416666666666666, 51.044722222222219 ], [ 8.586666666666668, 51.108611111111109 ], [ 8.741944444444444, 51.166388888888889 ], [ 8.817777777777778, 51.196388888888883 ], [ 9.166666666666666, 51.333333333333336 ], [ 9.517222222222223, 51.333333333333336 ], [ 9.963055555555554, 51.201111111111111 ], [ 10.28361111111111, 51.104722222222222 ] ] ] ] } },
{ "type": "Feature", "properties": { "id": "ED-GED/1", "minFL": 0, "maxFL": 214 }, "geometry": { "type": "MultiPolygon", "coordinates": [ [ [ [ 9.942777777777778, 50.786666666666662 ], [ 10.194444444444445, 50.478888888888889 ], [ 10.194444444444445, 50.478888888888889 ], [ 9.761388888888888, 50.292222222222222 ], [ 9.761388888888888, 50.292222222222222 ], [ 9.622222222222224, 50.286111111111111 ], [ 9.622222222222224, 50.286111111111111 ], [ 9.590555555555556, 50.423611111111107 ], [ 9.590555555555556, 50.423611111111107 ], [ 9.583611111111111, 50.453333333333333 ], [ 9.583611111111111, 50.453333333333333 ], [ 9.486111111111111, 50.510833333333331 ], [ 9.486111111111111, 50.510833333333331 ], [ 9.370833333333334, 50.520277777777778 ], [ 9.370833333333334, 50.520277777777778 ], [ 9.056666666666667, 50.461944444444448 ], [ 9.056666666666667, 50.461944444444448 ], [ 9.065, 50.548611111111107 ], [ 9.065, 50.548611111111107 ], [ 9.942777777777778, 50.786666666666662 ] ] ] ] } },
{ "type": "Feature", "properties": { "id": "ED-GED/2", "minFL": 105, "maxFL": 214 }, "geometry": { "type": "MultiPolygon", "coordinates": [ [ [ [ 9.370833333333334, 50.520277777777778 ], [ 9.486111111111111, 50.510833333333331 ], [ 9.486111111111111, 50.510833333333331 ], [ 9.583611111111111, 50.453333333333333 ], [ 9.583611111111111, 50.453333333333333 ], [ 9.590555555555556, 50.423611111111107 ], [ 9.590555555555556, 50.423611111111107 ], [ 9.404166666666667, 50.388055555555553 ], [ 9.404166666666667, 50.388055555555553 ], [ 9.370833333333334, 50.520277777777778 ] ] ] ] } },
{ "type": "Feature", "properties": { "id": "ED-GED/3", "minFL": 135, "maxFL": 214 }, "geometry": { "type": "MultiPolygon", "coordinates": [ [ [ [ 9.370833333333334, 50.520277777777778 ], [ 9.404166666666667, 50.388055555555553 ], [ 9.404166666666667, 50.388055555555553 ], [ 9.590555555555556, 50.423611111111107 ], [ 9.590555555555556, 50.423611111111107 ], [ 9.622222222222224, 50.286111111111111 ], [ 9.622222222222224, 50.286111111111111 ], [ 9.44, 50.244722222222222 ], [ 9.44, 50.244722222222222 ], [ 9.186944444444444, 50.263333333333335 ], [ 9.186944444444444, 50.263333333333335 ], [ 9.040555555555555, 50.291666666666664 ], [ 9.040555555555555, 50.291666666666664 ], [ 9.056666666666667, 50.461944444444448 ], [ 9.056666666666667, 50.461944444444448 ], [ 9.370833333333334, 50.520277777777778 ] ] ] ] } },
{ "type": "Feature", "properties": { "id": "ED-GED/4", "minFL": 175, "maxFL": 244 }, "geometry": { "type": "MultiPolygon", "coordinates": [ [ [ [ 10.583611111111111, 51.043888888888887 ], [ 10.635277777777777, 50.877222222222223 ], [ 10.702777777777778, 50.6575 ], [ 10.564166666666667, 50.5075 ], [ 10.526944444444446, 50.467222222222226 ], [ 10.194444444444445, 50.478888888888889 ], [ 9.942777777777778, 50.786666666666662 ], [ 10.051944444444445, 50.830833333333338 ], [ 10.299166666666666, 50.93055555555555 ], [ 10.583611111111111, 51.043888888888887 ] ] ] ] } },
{ "type": "Feature", "properties": { "id": "ED-GED/5", "minFL": 215, "maxFL": 244 }, "geometry": { "type": "MultiPolygon", "coordinates": [ [ [ [ 10.3875, 51.333888888888893 ], [ 10.492777777777777, 51.333333333333336 ], [ 10.492777777777777, 51.333333333333336 ], [ 10.529166666666667, 51.218333333333334 ], [ 10.529166666666667, 51.218333333333334 ], [ 10.583611111111111, 51.043888888888887 ], [ 10.583611111111111, 51.043888888888887 ], [ 10.299166666666666, 50.93055555555555 ], [ 10.299166666666666, 50.93055555555555 ], [ 10.051944444444445, 50.830833333333338 ], [ 10.051944444444445, 50.830833333333338 ], [ 10.055833333333334, 51.095 ], [ 10.055833333333334, 51.095 ], [ 10.058333333333334, 51.24805555555556 ], [ 10.058333333333334, 51.24805555555556 ], [ 10.059444444444445, 51.333611111111111 ], [ 10.059444444444445, 51.333611111111111 ], [ 10.3875, 51.333888888888893 ] ] ] ] } },
{ "type": "Feature", "properties": { "id": "ED-GED/6", "minFL": 235, "maxFL": 244 }, "geometry": { "type": "MultiPolygon", "coordinates": [ [ [ [ 10.5925, 51.486944444444447 ], [ 10.3875, 51.333888888888893 ], [ 10.3875, 51.333888888888893 ], [ 10.059444444444445, 51.333611111111111 ], [ 10.059444444444445, 51.333611111111111 ], [ 10.061666666666667, 51.478333333333332 ], [ 10.061666666666667, 51.478333333333332 ], [ 10.5925, 51.486944444444447 ] ] ] ] } },
{ "type": "Feature", "properties": { "id": "ED-GED/7", "minFL": 245, "maxFL": 254 }, "geometry": { "type": "MultiPolygon", "coordinates": [ [ [ [ 10.3875, 51.333888888888893 ], [ 10.28361111111111, 51.104722222222222 ], [ 10.28361111111111, 51.104722222222222 ], [ 10.206388888888888, 51.081944444444446 ], [ 10.206388888888888, 51.081944444444446 ], [ 9.878611111111111, 51.084166666666668 ], [ 9.878611111111111, 51.084166666666668 ], [ 9.963055555555554, 51.201111111111111 ], [ 9.963055555555554, 51.201111111111111 ], [ 10.059444444444445, 51.333611111111111 ], [ 10.059444444444445, 51.333611111111111 ], [ 10.3875, 51.333888888888893 ] ] ] ] } },
{ "type": "Feature", "properties": { "id": "ED-GIN/1", "minFL": 0, "maxFL": 244 }, "geometry": { "type": "MultiPolygon", "coordinates": [ [ [ [ 9.166666666666666, 51.333333333333336 ], [ 9.144166666666667, 51.243611111111115 ], [ 9.124444444444444, 51.165277777777774 ], [ 9.093611111111112, 50.848055555555561 ], [ 9.065, 50.548611111111107 ], [ 9.056666666666667, 50.461944444444448 ], [ 8.736944444444443, 50.401666666666664 ], [ 8.715833333333332, 50.453888888888891 ], [ 8.503055555555555, 50.706666666666671 ], [ 8.357222222222221, 50.87777777777778 ], [ 8.303055555555556, 50.923611111111107 ], [ 8.463055555555554, 50.930277777777775 ], [ 8.511666666666667, 50.961944444444448 ], [ 8.596111111111112, 51.016944444444441 ], [ 8.670555555555556, 51.093333333333334 ], [ 8.741944444444444, 51.166388888888889 ], [ 8.782222222222224, 51.206666666666671 ], [ 8.824722222222222, 51.249722222222225 ], [ 8.907777777777778, 51.333333333333336 ] ] ] ] } },
{ "type": "Feature", "properties": { "id": "ED-GIN/2", "minFL": 195, "maxFL": 244 }, "geometry": { "type": "MultiPolygon", "coordinates": [ [ [ [ 9.517222222222223, 51.333333333333336 ], [ 9.4675, 51.179722222222217 ], [ 9.463888888888889, 51.168888888888887 ], [ 9.439444444444444, 51.096944444444446 ], [ 9.279444444444445, 51.021666666666668 ], [ 9.093611111111112, 50.848055555555561 ], [ 9.124444444444444, 51.165277777777774 ], [ 9.144166666666667, 51.243611111111115 ], [ 9.166666666666666, 51.333333333333336 ] ] ] ] } },
{ "type": "Feature", "properties": { "id": "ED-GIN/3", "minFL": 135, "maxFL": 244 }, "geometry": { "type": "MultiPolygon", "coordinates": [ [ [ [ 9.056666666666667, 50.461944444444448 ], [ 9.040555555555555, 50.291666666666664 ], [ 9.186944444444444, 50.263333333333335 ], [ 9.131666666666668, 50.224722222222226 ], [ 9.044722222222221, 50.182222222222222 ], [ 8.830555555555556, 50.166666666666664 ], [ 8.736944444444443, 50.401666666666664 ] ] ] ] } },
{ "type": "Feature", "properties": { "id": "ED-GIN/4", "minFL": 135, "maxFL": 174 }, "geometry": { "type": "MultiPolygon", "coordinates": [ [ [ [ 8.736944444444443, 50.401666666666664 ], [ 8.830555555555556, 50.166666666666664 ], [ 8.783333333333333, 50.133333333333333 ], [ 8.656666666666666, 50.125833333333333 ], [ 8.448611111111111, 50.346111111111114 ], [ 8.609166666666667, 50.376944444444447 ] ] ] ] } },
{ "type": "Feature", "properties": { "id": "ED-GIN/5", "minFL": 0, "maxFL": 134 }, "geometry": { "type": "MultiPolygon", "coordinates": [ [ [ [ 8.373611111111112, 50.425 ], [ 8.448611111111111, 50.346111111111114 ], [ 8.299722222222222, 50.317222222222227 ], [ 8.352222222222222, 50.37777777777778 ] ] ] ] } },
{ "type": "Feature", "properties": { "id": "ED-GIN/6", "minFL": 0, "maxFL": 174 }, "geometry": { "type": "MultiPolygon", "coordinates": [ [ [ [ 8.503055555555555, 50.706666666666671 ], [ 8.715833333333332, 50.453888888888891 ], [ 8.736944444444443, 50.401666666666664 ], [ 8.609166666666667, 50.376944444444447 ], [ 8.448611111111111, 50.346111111111114 ], [ 8.373611111111112, 50.425 ], [ 8.302777777777779, 50.498888888888892 ], [ 8.408055555555556, 50.501666666666665 ] ] ] ] } },
{ "type": "Feature", "properties": { "id": "ED-GIN/7", "minFL": 0, "maxFL": 74 }, "geometry": { "type": "MultiPolygon", "coordinates": [ [ [ [ 8.906111111111111, 51.345833333333339 ], [ 8.907777777777778, 51.333333333333336 ], [ 8.824722222222222, 51.249722222222225 ], [ 8.782222222222224, 51.206666666666671 ], [ 8.741944444444444, 51.166388888888889 ], [ 8.670555555555556, 51.093333333333334 ], [ 8.596111111111112, 51.016944444444441 ], [ 8.511666666666667, 50.961944444444448 ], [ 8.384166666666665, 51.029722222222219 ], [ 8.381388888888889, 51.091666666666669 ], [ 8.517222222222223, 51.140833333333333 ] ] ] ] } },
{ "type": "Feature", "properties": { "id": "ED-HAB/1", "minFL": 0, "maxFL": 244 }, "geometry": { "type": "MultiPolygon", "coordinates": [ [ [ [ 10.180555555555555, 50.291666666666664 ], [ 10.324722222222222, 50.245833333333337 ], [ 10.280555555555557, 50.197222222222216 ], [ 10.292222222222222, 49.981111111111112 ], [ 9.757777777777777, 49.978055555555557 ], [ 9.6925, 49.9775 ], [ 9.622222222222224, 50.286111111111111 ], [ 9.761388888888888, 50.292222222222222 ], [ 10.180555555555555, 50.291666666666664 ] ] ] ] } },
{ "type": "Feature", "properties": { "id": "ED-HAB/2", "minFL": 195, "maxFL": 244 }, "geometry": { "type": "MultiPolygon", "coordinates": [ [ [ [ 9.49861111111111, 50.008611111111108 ], [ 9.6925, 49.9775 ], [ 9.757777777777777, 49.978055555555557 ], [ 10.292222222222222, 49.981111111111112 ], [ 10.38361111111111, 49.981388888888894 ], [ 10.294444444444444, 49.940277777777773 ], [ 9.990833333333333, 49.79944444444444 ], [ 9.895, 49.634166666666665 ], [ 9.906111111111111, 49.556388888888883 ], [ 9.743055555555555, 49.6375 ], [ 9.668888888888889, 49.544444444444444 ], [ 9.546944444444444, 49.611111111111114 ], [ 9.465555555555556, 49.655833333333334 ], [ 9.110555555555555, 49.701111111111111 ], [ 9.113333333333333, 49.732222222222227 ], [ 9.124444444444444, 49.853333333333332 ], [ 9.131666666666668, 49.93055555555555 ], [ 9.096944444444444, 50.001111111111108 ], [ 9.244166666666667, 50.003888888888888 ], [ 9.49861111111111, 50.008611111111108 ] ] ] ] } },
{ "type": "Feature", "properties": { "id": "ED-HAB/3", "minFL": 135, "maxFL": 244 }, "geometry": { "type": "MultiPolygon", "coordinates": [ [ [ [ 9.186944444444444, 50.263333333333335 ], [ 9.44, 50.244722222222222 ], [ 9.622222222222224, 50.286111111111111 ], [ 9.6925, 49.9775 ], [ 9.49861111111111, 50.008611111111108 ], [ 9.244166666666667, 50.003888888888888 ], [ 9.096944444444444, 50.001111111111108 ], [ 9.044722222222221, 50.182222222222222 ], [ 9.131666666666668, 50.224722222222226 ], [ 9.186944444444444, 50.263333333333335 ] ] ] ] } },
{ "type": "Feature", "properties": { "id": "ED-HAB/4", "minFL": 135, "maxFL": 244 }, "geometry": { "type": "MultiPolygon", "coordinates": [ [ [ [ 10.280555555555557, 50.197222222222216 ], [ 10.454166666666666, 50.008611111111108 ], [ 10.38361111111111, 49.981388888888894 ], [ 10.292222222222222, 49.981111111111112 ], [ 10.280555555555557, 50.197222222222216 ] ] ] ] } },
{ "type": "Feature", "properties": { "id": "ED-HEF/1", "minFL": 0, "maxFL": 244 }, "geometry": { "type": "MultiPolygon", "coordinates": [ [ [ [ 10.059444444444445, 51.333611111111111 ], [ 10.058333333333334, 51.24805555555556 ], [ 10.055833333333334, 51.095 ], [ 10.051944444444445, 50.830833333333338 ], [ 9.942777777777778, 50.786666666666662 ], [ 9.065, 50.548611111111107 ], [ 9.093611111111112, 50.848055555555561 ], [ 9.279444444444445, 51.021666666666668 ], [ 9.439444444444444, 51.096944444444446 ], [ 9.463888888888889, 51.168888888888887 ], [ 9.4675, 51.179722222222217 ], [ 9.517222222222223, 51.333333333333336 ], [ 9.583333333333334, 51.333333333333336 ], [ 9.936111111111112, 51.333333333333336 ] ] ] ] } },
{ "type": "Feature", "properties": { "id": "ED-HEF/2", "minFL": 0, "maxFL": 194 }, "geometry": { "type": "MultiPolygon", "coordinates": [ [ [ [ 9.517222222222223, 51.333333333333336 ], [ 9.4675, 51.179722222222217 ], [ 9.463888888888889, 51.168888888888887 ], [ 9.439444444444444, 51.096944444444446 ], [ 9.279444444444445, 51.021666666666668 ], [ 9.093611111111112, 50.848055555555561 ], [ 9.124444444444444, 51.165277777777774 ], [ 9.144166666666667, 51.243611111111115 ], [ 9.166666666666666, 51.333333333333336 ] ] ] ] } },
{ "type": "Feature", "properties": { "id": "ED-HEF/3", "minFL": 245, "maxFL": 254 }, "geometry": { "type": "MultiPolygon", "coordinates": [ [ [ [ 9.517222222222223, 51.333333333333336 ], [ 9.936111111111112, 51.333333333333336 ], [ 10.059444444444445, 51.333611111111111 ], [ 9.963055555555554, 51.201111111111111 ], [ 9.878611111111111, 51.084166666666668 ], [ 9.435833333333333, 51.085555555555558 ] ] ] ] } },
{ "type": "Feature", "properties": { "id": "ED-HEF/4", "minFL": 0, "maxFL": 214 }, "geometry": { "type": "MultiPolygon", "coordinates": [ [ [ [ 10.3875, 51.333888888888893 ], [ 10.492777777777777, 51.333333333333336 ], [ 10.209166666666667, 51.136944444444445 ], [ 10.144722222222221, 51.091944444444444 ], [ 10.299166666666666, 50.93055555555555 ], [ 10.051944444444445, 50.830833333333338 ], [ 10.055833333333334, 51.095 ], [ 10.058333333333334, 51.24805555555556 ], [ 10.059444444444445, 51.333611111111111 ] ] ] ] } },
{ "type": "Feature", "properties": { "id": "ED-HEF/5", "minFL": 145, "maxFL": 214 }, "geometry": { "type": "MultiPolygon", "coordinates": [ [ [ [ 10.492777777777777, 51.333333333333336 ], [ 10.529166666666667, 51.218333333333334 ], [ 10.583611111111111, 51.043888888888887 ], [ 10.299166666666666, 50.93055555555555 ], [ 10.144722222222221, 51.091944444444444 ], [ 10.209166666666667, 51.136944444444445 ] ] ] ] } },
{ "type": "Feature", "properties": { "id": "ED-HEF/6", "minFL": 145, "maxFL": 174 }, "geometry": { "type": "MultiPolygon", "coordinates": [ [ [ [ 10.583611111111111, 51.043888888888887 ], [ 10.635277777777777, 50.877222222222223 ], [ 10.702777777777778, 50.6575 ], [ 10.493611111111111, 50.725 ], [ 10.299166666666666, 50.93055555555555 ] ] ] ] } },
{ "type": "Feature", "properties": { "id": "ED-HEF/7", "minFL": 0, "maxFL": 174 }, "geometry": { "type": "MultiPolygon", "coordinates": [ [ [ [ 10.299166666666666, 50.93055555555555 ], [ 10.493611111111111, 50.725 ], [ 10.702777777777778, 50.6575 ], [ 10.564166666666667, 50.5075 ], [ 10.526944444444446, 50.467222222222226 ], [ 10.194444444444445, 50.478888888888889 ], [ 9.942777777777778, 50.786666666666662 ], [ 10.051944444444445, 50.830833333333338 ] ] ] ] } },
{ "type": "Feature", "properties": { "id": "ED-HEF/8", "minFL": 0, "maxFL": 244 }, "geometry": { "type": "MultiPolygon", "coordinates": [ [ [ [ 10.194444444444445, 50.478888888888889 ], [ 10.526944444444446, 50.467222222222226 ], [ 10.48, 50.415833333333332 ], [ 10.324722222222222, 50.245833333333337 ], [ 10.180555555555555, 50.291666666666664 ], [ 9.761388888888888, 50.292222222222222 ] ] ] ] } },
{ "type": "Feature", "properties": { "id": "ED-HEF/9", "minFL": 215, "maxFL": 244 }, "geometry": { "type": "MultiPolygon", "coordinates": [ [ [ [ 9.942777777777778, 50.786666666666662 ], [ 10.194444444444445, 50.478888888888889 ], [ 9.761388888888888, 50.292222222222222 ], [ 9.622222222222224, 50.286111111111111 ], [ 9.44, 50.244722222222222 ], [ 9.186944444444444, 50.263333333333335 ], [ 9.040555555555555, 50.291666666666664 ], [ 9.056666666666667, 50.461944444444448 ], [ 9.065, 50.548611111111107 ] ] ] ] } },
{ "type": "Feature", "properties": { "id": "ED-HMM/1", "minFL": 0, "maxFL": 244 }, "geometry": { "type": "MultiPolygon", "coordinates": [ [ [ [ 8.0, 52.369722222222222 ], [ 8.0, 52.283333333333331 ], [ 8.0, 52.116666666666667 ], [ 8.586111111111112, 52.130277777777778 ], [ 8.741388888888888, 52.133333333333333 ], [ 8.7625, 52.094166666666666 ], [ 8.866666666666667, 51.9 ], [ 8.866666666666667, 51.881944444444443 ], [ 8.324444444444444, 51.716666666666669 ], [ 7.796388888888889, 51.793611111111112 ], [ 7.410277777777778, 51.6575 ], [ 7.171388888888889, 51.771388888888886 ], [ 6.968888888888889, 51.862222222222222 ], [ 7.108055555555556, 51.969166666666666 ], [ 7.266388888888889, 52.24722222222222 ], [ 7.327222222222222, 52.353333333333332 ], [ 7.611111111111111, 52.360555555555557 ] ] ] ] } },
{ "type": "Feature", "properties": { "id": "ED-HMM/2", "minFL": 0, "maxFL": 204 }, "geometry": { "type": "MultiPolygon", "coordinates": [ [ [ [ 7.327222222222222, 52.353333333333332 ], [ 7.266388888888889, 52.24722222222222 ], [ 7.108055555555556, 51.969166666666666 ], [ 6.968888888888889, 51.862222222222222 ], [ 6.876666666666667, 51.910833333333329 ], [ 7.063055555555556, 52.237222222222222 ], [ 7.065277777777777, 52.345833333333339 ], [ 7.138888888888889, 52.348055555555561 ] ] ] ] } },
{ "type": "Feature", "properties": { "id": "ED-HMM/3", "minFL": 75, "maxFL": 244 }, "geometry": { "type": "MultiPolygon", "coordinates": [ [ [ [ 7.410277777777778, 51.6575 ], [ 7.796388888888889, 51.793611111111112 ], [ 7.796388888888889, 51.793611111111112 ], [ 8.324444444444444, 51.716666666666669 ], [ 8.324444444444444, 51.716666666666669 ], [ 7.583611111111111, 51.48 ], [ 7.583611111111111, 51.48 ], [ 7.479444444444445, 51.624166666666667 ], [ 7.479444444444445, 51.624166666666667 ], [ 7.410277777777778, 51.6575 ] ] ] ] } },
{ "type": "Feature", "properties": { "id": "ED-HMM/4", "minFL": 0, "maxFL": 104 }, "geometry": { "type": "MultiPolygon", "coordinates": [ [ [ [ 6.688055555555556, 52.04 ], [ 7.063055555555556, 52.237222222222222 ], [ 7.063055555555556, 52.237222222222222 ], [ 6.876666666666667, 51.910833333333329 ], [ 6.876666666666667, 51.910833333333329 ], [ 6.790833333333333, 51.933611111111105 ], [ 6.790833333333333, 51.933611111111105 ], [ 6.826666666666666, 51.993611111111115 ], [ 6.826666666666666, 51.993611111111115 ], [ 6.688055555555556, 52.04 ] ] ] ] } },
{ "type": "Feature", "properties": { "id": "ED-HMM/5", "minFL": 0, "maxFL": 104 }, "geometry": { "type": "MultiPolygon", "coordinates": [ [ [ [ 8.185833333333333, 52.37361111111111 ], [ 8.3975, 52.32694444444445 ], [ 8.515, 52.293055555555554 ], [ 8.586111111111112, 52.130277777777778 ], [ 8.0, 52.116666666666667 ], [ 8.0, 52.283333333333331 ], [ 8.0, 52.369722222222222 ] ] ] ] } },
{ "type": "Feature", "properties": { "id": "ED-HMM/6", "minFL": 135, "maxFL": 244 }, "geometry": { "type": "MultiPolygon", "coordinates": [ [ [ [ 8.324444444444444, 51.716666666666669 ], [ 8.866666666666667, 51.881944444444443 ], [ 8.866666666666667, 51.791666666666664 ], [ 8.866666666666667, 51.666666666666664 ], [ 8.324444444444444, 51.716666666666669 ] ] ] ] } },
{ "type": "Feature", "properties": { "id": "ED-KIR/1", "minFL": 105, "maxFL": 244 }, "geometry": { "type": "MultiPolygon", "coordinates": [ [ [ [ 6.9675, 50.141944444444441 ], [ 7.179166666666667, 50.13388888888889 ], [ 7.289444444444444, 50.128888888888888 ], [ 7.686666666666667, 50.043611111111112 ], [ 7.695833333333334, 49.832222222222228 ], [ 8.1675, 49.662777777777777 ], [ 7.543333333333333, 49.656111111111109 ], [ 7.121944444444444, 49.649722222222223 ], [ 7.0, 50.039166666666667 ], [ 6.9675, 50.141944444444441 ] ] ] ] } },
{ "type": "Feature", "properties": { "id": "ED-KIR/2", "minFL": 135, "maxFL": 244 }, "geometry": { "type": "MultiPolygon", "coordinates": [ [ [ [ 7.686666666666667, 50.043611111111112 ], [ 7.881944444444445, 50.079166666666673 ], [ 7.921944444444445, 50.136111111111113 ], [ 8.001944444444444, 50.116666666666667 ], [ 8.340833333333334, 50.116944444444442 ], [ 8.3875, 49.903333333333329 ], [ 8.437777777777779, 49.678055555555552 ], [ 8.1675, 49.662777777777777 ], [ 7.695833333333334, 49.832222222222228 ], [ 7.686666666666667, 50.043611111111112 ] ] ] ] } },
{ "type": "Feature", "properties": { "id": "ED-KIR/3", "minFL": 165, "maxFL": 244 }, "geometry": { "type": "MultiPolygon", "coordinates": [ [ [ [ 6.867222222222223, 50.146388888888886 ], [ 6.9675, 50.141944444444441 ], [ 7.0, 50.039166666666667 ], [ 7.121944444444444, 49.649722222222223 ], [ 6.784722222222222, 49.643333333333331 ], [ 6.573333333333333, 49.638888888888886 ], [ 6.4275, 49.635555555555555 ], [ 6.502777777777778, 49.809166666666663 ], [ 6.340555555555556, 49.874444444444443 ], [ 6.201111111111111, 49.935555555555553 ], [ 6.2025, 49.954166666666673 ], [ 6.207777777777778, 50.030277777777776 ], [ 6.214444444444444, 50.13 ] ] ] ] } },
{ "type": "Feature", "properties": { "id": "ED-KIR/4", "minFL": 165, "maxFL": 244 }, "geometry": { "type": "MultiPolygon", "coordinates": [ [ [ [ 7.680277777777778, 50.194166666666661 ], [ 7.921944444444445, 50.136111111111113 ], [ 7.881944444444445, 50.079166666666673 ], [ 7.686666666666667, 50.043611111111112 ], [ 7.680277777777778, 50.194166666666661 ] ] ] ] } },
{ "type": "Feature", "properties": { "id": "ED-KIR/5", "minFL": 245, "maxFL": 264 }, "geometry": { "type": "MultiPolygon", "coordinates": [ [ [ [ 6.830833333333334, 49.75277777777778 ], [ 6.808055555555556, 49.653333333333329 ], [ 6.593888888888888, 49.561388888888885 ], [ 6.514444444444444, 49.793888888888887 ], [ 6.503611111111111, 49.81 ], [ 6.525, 49.87777777777778 ], [ 6.652222222222223, 49.882222222222225 ] ] ] ] } },
{ "type": "Feature", "properties": { "id": "ED-KNG/1", "minFL": 0, "maxFL": 244 }, "geometry": { "type": "MultiPolygon", "coordinates": [ [ [ [ 9.465555555555556, 49.655833333333334 ], [ 9.546944444444444, 49.611111111111114 ], [ 9.593055555555557, 49.449166666666663 ], [ 9.452777777777778, 49.272222222222219 ], [ 9.173055555555555, 49.2575 ], [ 9.073333333333332, 49.441666666666663 ], [ 9.084166666666667, 49.518055555555556 ], [ 9.110555555555555, 49.701111111111111 ], [ 9.465555555555556, 49.655833333333334 ] ] ] ] } },
{ "type": "Feature", "properties": { "id": "ED-KNG/2", "minFL": 0, "maxFL": 134 }, "geometry": { "type": "MultiPolygon", "coordinates": [ [ [ [ 9.205277777777777, 49.829444444444448 ], [ 9.5375, 49.775555555555556 ], [ 9.515, 49.755555555555553 ], [ 9.281111111111112, 49.745833333333337 ], [ 9.216111111111111, 49.743055555555557 ], [ 9.134166666666665, 49.734444444444442 ], [ 9.185277777777777, 49.768888888888888 ], [ 9.205277777777777, 49.829444444444448 ] ] ] ] } },
{ "type": "Feature", "properties": { "id": "ED-KNG/3", "minFL": 85, "maxFL": 194 }, "geometry": { "type": "MultiPolygon", "coordinates": [ [ [ [ 9.573333333333332, 49.725555555555559 ], [ 9.743055555555555, 49.6375 ], [ 9.668888888888889, 49.544444444444444 ], [ 9.546944444444444, 49.611111111111114 ], [ 9.518055555555556, 49.7125 ], [ 9.573333333333332, 49.725555555555559 ] ] ] ] } },
{ "type": "Feature", "properties": { "id": "ED-KNG/4", "minFL": 85, "maxFL": 244 }, "geometry": { "type": "MultiPolygon", "coordinates": [ [ [ [ 9.546944444444444, 49.611111111111114 ], [ 9.668888888888889, 49.544444444444444 ], [ 9.593055555555557, 49.449166666666663 ], [ 9.546944444444444, 49.611111111111114 ] ] ] ] } },
{ "type": "Feature", "properties": { "id": "ED-KNG/5", "minFL": 135, "maxFL": 174 }, "geometry": { "type": "MultiPolygon", "coordinates": [ [ [ [ 9.040277777777778, 49.898333333333333 ], [ 9.124444444444444, 49.853333333333332 ], [ 9.113333333333333, 49.732222222222227 ], [ 8.960555555555555, 49.716111111111111 ], [ 8.928888888888888, 49.81 ], [ 9.040277777777778, 49.898333333333333 ] ] ] ] } },
{ "type": "Feature", "properties": { "id": "ED-KNG/6", "minFL": 0, "maxFL": 174 }, "geometry": { "type": "MultiPolygon", "coordinates": [ [ [ [ 9.113333333333333, 49.732222222222227 ], [ 9.110555555555555, 49.701111111111111 ], [ 8.960555555555555, 49.716111111111111 ], [ 9.113333333333333, 49.732222222222227 ] ] ] ] } },
{ "type": "Feature", "properties": { "id": "ED-KNG/7", "minFL": 0, "maxFL": 174 }, "geometry": { "type": "MultiPolygon", "coordinates": [ [ [ [ 8.960555555555555, 49.716111111111111 ], [ 9.110555555555555, 49.701111111111111 ], [ 9.084166666666667, 49.518055555555556 ], [ 9.047777777777778, 49.576388888888893 ], [ 8.960555555555555, 49.716111111111111 ] ] ] ] } },
{ "type": "Feature", "properties": { "id": "ED-KNG/8", "minFL": 135, "maxFL": 194 }, "geometry": { "type": "MultiPolygon", "coordinates": [ [ [ [ 9.124444444444444, 49.853333333333332 ], [ 9.515, 49.755555555555553 ], [ 9.281111111111112, 49.745833333333337 ], [ 9.216111111111111, 49.743055555555557 ], [ 9.134166666666665, 49.734444444444442 ], [ 9.113333333333333, 49.732222222222227 ], [ 9.124444444444444, 49.853333333333332 ] ] ] ] } },
{ "type": "Feature", "properties": { "id": "ED-KNG/9", "minFL": 0, "maxFL": 214 }, "geometry": { "type": "MultiPolygon", "coordinates": [ [ [ [ 9.073333333333332, 49.441666666666663 ], [ 9.173055555555555, 49.2575 ], [ 9.0725, 49.251944444444447 ], [ 9.045555555555556, 49.2425 ], [ 9.073333333333332, 49.441666666666663 ] ] ] ] } },
{ "type": "Feature", "properties": { "id": "ED-KNG/10", "minFL": 0, "maxFL": 194 }, "geometry": { "type": "MultiPolygon", "coordinates": [ [ [ [ 9.515, 49.755555555555553 ], [ 9.573333333333332, 49.725555555555559 ], [ 9.518055555555556, 49.7125 ], [ 9.546944444444444, 49.611111111111114 ], [ 9.465555555555556, 49.655833333333334 ], [ 9.110555555555555, 49.701111111111111 ], [ 9.113333333333333, 49.732222222222227 ], [ 9.134166666666665, 49.734444444444442 ], [ 9.216111111111111, 49.743055555555557 ], [ 9.281111111111112, 49.745833333333337 ], [ 9.515, 49.755555555555553 ] ] ] ] } },
{ "type": "Feature", "properties": { "id": "ED-KTG/1", "minFL": 135, "maxFL": 244 }, "geometry": { "type": "MultiPolygon", "coordinates": [ [ [ [ 10.454166666666666, 50.008611111111108 ], [ 10.7725, 49.658333333333331 ], [ 10.966666666666667, 49.441666666666663 ], [ 10.587777777777779, 49.17861111111111 ], [ 10.372222222222224, 49.322222222222223 ], [ 9.906111111111111, 49.556388888888883 ], [ 9.895, 49.634166666666665 ], [ 9.990833333333333, 49.79944444444444 ], [ 10.294444444444444, 49.940277777777773 ], [ 10.38361111111111, 49.981388888888894 ], [ 10.454166666666666, 50.008611111111108 ] ] ] ] } },
{ "type": "Feature", "properties": { "id": "ED-KTG/2", "minFL": 85, "maxFL": 194 }, "geometry": { "type": "MultiPolygon", "coordinates": [ [ [ [ 10.292222222222222, 49.981111111111112 ], [ 10.294444444444444, 49.940277777777773 ], [ 9.990833333333333, 49.79944444444444 ], [ 9.895, 49.634166666666665 ], [ 9.906111111111111, 49.556388888888883 ], [ 9.743055555555555, 49.6375 ], [ 9.573333333333332, 49.725555555555559 ], [ 9.671388888888888, 49.74861111111111 ], [ 9.697777777777778, 49.779166666666669 ], [ 9.769444444444446, 49.926388888888887 ], [ 9.757777777777777, 49.978055555555557 ], [ 10.292222222222222, 49.981111111111112 ] ] ] ] } },
{ "type": "Feature", "properties": { "id": "ED-KTG/3", "minFL": 135, "maxFL": 194 }, "geometry": { "type": "MultiPolygon", "coordinates": [ [ [ [ 10.292222222222222, 49.981111111111112 ], [ 10.38361111111111, 49.981388888888894 ], [ 10.294444444444444, 49.940277777777773 ], [ 10.283333333333333, 49.981111111111112 ] ] ] ] } },
{ "type": "Feature", "properties": { "id": "ED-KTG/4", "minFL": 85, "maxFL": 134 }, "geometry": { "type": "MultiPolygon", "coordinates": [ [ [ [ 10.294444444444444, 49.940277777777773 ], [ 10.3, 49.833333333333336 ], [ 10.304444444444446, 49.677777777777777 ], [ 10.305555555555557, 49.638888888888886 ], [ 10.372222222222224, 49.322222222222223 ], [ 9.906111111111111, 49.556388888888883 ], [ 9.895, 49.634166666666665 ], [ 9.990833333333333, 49.79944444444444 ], [ 10.294444444444444, 49.940277777777773 ] ] ] ] } },
{ "type": "Feature", "properties": { "id": "ED-KTG/5", "minFL": 85, "maxFL": 194 }, "geometry": { "type": "MultiPolygon", "coordinates": [ [ [ [ 9.757777777777777, 49.978055555555557 ], [ 9.769444444444446, 49.926388888888887 ], [ 9.769444444444446, 49.926388888888887 ], [ 9.697777777777778, 49.779166666666669 ], [ 9.697777777777778, 49.779166666666669 ], [ 9.704722222222221, 49.924166666666665 ], [ 9.704722222222221, 49.924166666666665 ], [ 9.6925, 49.9775 ], [ 9.6925, 49.9775 ], [ 9.757777777777777, 49.978055555555557 ] ] ] ] } },
{ "type": "Feature", "properties": { "id": "ED-LBU/1", "minFL": 145, "maxFL": 244 }, "geometry": { "type": "MultiPolygon", "coordinates": [ [ [ [ 9.452777777777778, 49.272222222222219 ], [ 9.783333333333333, 49.116666666666667 ], [ 9.783333333333333, 49.116666666666667 ], [ 9.896388888888888, 49.056388888888883 ], [ 9.896388888888888, 49.056388888888883 ], [ 10.096944444444444, 48.948611111111106 ], [ 10.096944444444444, 48.948611111111106 ], [ 9.77638888888889, 48.810555555555553 ], [ 9.77638888888889, 48.810555555555553 ], [ 9.666666666666666, 49.0 ], [ 9.666666666666666, 49.0 ], [ 9.241388888888888, 49.000555555555557 ], [ 9.241388888888888, 49.000555555555557 ], [ 9.190277777777778, 48.68611111111111 ], [ 9.190277777777778, 48.68611111111111 ], [ 8.975277777777778, 48.779722222222219 ], [ 8.975277777777778, 48.779722222222219 ], [ 8.900555555555556, 48.812222222222218 ], [ 8.900555555555556, 48.812222222222218 ], [ 8.8525, 48.921388888888885 ], [ 8.8525, 48.921388888888885 ], [ 9.0, 48.94 ], [ 9.0, 48.94 ], [ 9.008888888888889, 49.0 ], [ 9.008888888888889, 49.0 ], [ 9.045555555555556, 49.2425 ], [ 9.045555555555556, 49.2425 ], [ 9.0725, 49.251944444444447 ], [ 9.0725, 49.251944444444447 ], [ 9.173055555555555, 49.2575 ], [ 9.173055555555555, 49.2575 ], [ 9.452777777777778, 49.272222222222219 ] ] ] ] } },
{ "type": "Feature", "properties": { "id": "ED-LBU/2", "minFL": 145, "maxFL": 234 }, "geometry": { "type": "MultiPolygon", "coordinates": [ [ [ [ 9.666666666666666, 49.0 ], [ 9.77638888888889, 48.810555555555553 ], [ 9.77638888888889, 48.810555555555553 ], [ 9.686388888888889, 48.698611111111106 ], [ 9.686388888888889, 48.698611111111106 ], [ 9.624444444444444, 48.621388888888887 ], [ 9.624444444444444, 48.621388888888887 ], [ 9.603333333333333, 48.594444444444449 ], [ 9.603333333333333, 48.594444444444449 ], [ 9.55, 48.527777777777779 ], [ 9.55, 48.527777777777779 ], [ 9.190277777777778, 48.68611111111111 ], [ 9.190277777777778, 48.68611111111111 ], [ 9.241388888888888, 49.000555555555557 ], [ 9.241388888888888, 49.000555555555557 ], [ 9.666666666666666, 49.0 ] ] ] ] } },
{ "type": "Feature", "properties": { "id": "ED-MAN/1", "minFL": 135, "maxFL": 174 }, "geometry": { "type": "MultiPolygon", "coordinates": [ [ [ [ 9.096944444444444, 50.001111111111108 ], [ 9.040277777777778, 49.898333333333333 ], [ 9.040277777777778, 49.898333333333333 ], [ 8.928888888888888, 49.81 ], [ 8.928888888888888, 49.81 ], [ 8.960555555555555, 49.716111111111111 ], [ 8.960555555555555, 49.716111111111111 ], [ 8.776944444444446, 49.696388888888883 ], [ 8.776944444444446, 49.696388888888883 ], [ 8.49111111111111, 49.681111111111107 ], [ 8.49111111111111, 49.681111111111107 ], [ 8.437777777777779, 49.678055555555552 ], [ 8.437777777777779, 49.678055555555552 ], [ 8.3875, 49.903333333333329 ], [ 8.3875, 49.903333333333329 ], [ 8.486666666666666, 49.8825 ], [ 8.486666666666666, 49.8825 ], [ 8.546944444444444, 49.870555555555555 ], [ 8.546944444444444, 49.870555555555555 ], [ 8.768055555555556, 49.923333333333332 ], [ 8.768055555555556, 49.923333333333332 ], [ 9.096944444444444, 50.001111111111108 ] ] ] ] } },
{ "type": "Feature", "properties": { "id": "ED-MAN/2", "minFL": 135, "maxFL": 174 }, "geometry": { "type": "MultiPolygon", "coordinates": [ [ [ [ 9.044722222222221, 50.182222222222222 ], [ 9.096944444444444, 50.001111111111108 ], [ 9.096944444444444, 50.001111111111108 ], [ 8.768055555555556, 49.923333333333332 ], [ 8.768055555555556, 49.923333333333332 ], [ 8.546944444444444, 49.870555555555555 ], [ 8.546944444444444, 49.870555555555555 ], [ 8.486666666666666, 49.8825 ], [ 8.486666666666666, 49.8825 ], [ 8.3875, 49.903333333333329 ], [ 8.3875, 49.903333333333329 ], [ 8.340833333333334, 50.116944444444442 ], [ 8.340833333333334, 50.116944444444442 ], [ 8.5, 50.116666666666667 ], [ 8.5, 50.116666666666667 ], [ 8.656666666666666, 50.125833333333333 ], [ 8.656666666666666, 50.125833333333333 ], [ 8.783333333333333, 50.133333333333333 ], [ 8.783333333333333, 50.133333333333333 ], [ 8.830555555555556, 50.166666666666664 ], [ 8.830555555555556, 50.166666666666664 ], [ 9.044722222222221, 50.182222222222222 ] ] ] ] } },
{ "type": "Feature", "properties": { "id": "ED-MAN/3", "minFL": 175, "maxFL": 244 }, "geometry": { "type": "MultiPolygon", "coordinates": [ [ [ [ 9.044722222222221, 50.182222222222222 ], [ 9.096944444444444, 50.001111111111108 ], [ 9.096944444444444, 50.001111111111108 ], [ 9.131666666666668, 49.93055555555555 ], [ 9.131666666666668, 49.93055555555555 ], [ 9.124444444444444, 49.853333333333332 ], [ 9.124444444444444, 49.853333333333332 ], [ 9.113333333333333, 49.732222222222227 ], [ 9.113333333333333, 49.732222222222227 ], [ 9.110555555555555, 49.701111111111111 ], [ 9.110555555555555, 49.701111111111111 ], [ 8.960555555555555, 49.716111111111111 ], [ 8.960555555555555, 49.716111111111111 ], [ 8.776944444444446, 49.696388888888883 ], [ 8.776944444444446, 49.696388888888883 ], [ 8.49111111111111, 49.681111111111107 ], [ 8.49111111111111, 49.681111111111107 ], [ 8.437777777777779, 49.678055555555552 ], [ 8.437777777777779, 49.678055555555552 ], [ 8.3875, 49.903333333333329 ], [ 8.3875, 49.903333333333329 ], [ 8.340833333333334, 50.116944444444442 ], [ 8.340833333333334, 50.116944444444442 ], [ 8.5, 50.116666666666667 ], [ 8.5, 50.116666666666667 ], [ 8.656666666666666, 50.125833333333333 ], [ 8.656666666666666, 50.125833333333333 ], [ 8.783333333333333, 50.133333333333333 ], [ 8.783333333333333, 50.133333333333333 ], [ 8.830555555555556, 50.166666666666664 ], [ 8.830555555555556, 50.166666666666664 ], [ 9.044722222222221, 50.182222222222222 ] ] ] ] } },
{ "type": "Feature", "properties": { "id": "ED-NKRH/1", "minFL": 75, "maxFL": 244 }, "geometry": { "type": "MultiPolygon", "coordinates": [ [ [ [ 8.776944444444446, 49.696388888888883 ], [ 8.7575, 49.571666666666673 ], [ 8.7575, 49.571666666666673 ], [ 8.70611111111111, 49.229166666666671 ], [ 8.70611111111111, 49.229166666666671 ], [ 8.393888888888888, 49.235277777777782 ], [ 8.393888888888888, 49.235277777777782 ], [ 8.44888888888889, 49.669722222222219 ], [ 8.44888888888889, 49.669722222222219 ], [ 8.437777777777779, 49.678055555555552 ], [ 8.437777777777779, 49.678055555555552 ], [ 8.49111111111111, 49.681111111111107 ], [ 8.49111111111111, 49.681111111111107 ], [ 8.776944444444446, 49.696388888888883 ] ] ] ] } },
{ "type": "Feature", "properties": { "id": "ED-NKRH/2", "minFL": 145, "maxFL": 244 }, "geometry": { "type": "MultiPolygon", "coordinates": [ [ [ [ 9.045555555555556, 49.2425 ], [ 9.008888888888889, 49.0 ], [ 9.008888888888889, 49.0 ], [ 9.0, 48.94 ], [ 9.0, 48.94 ], [ 8.8525, 48.921388888888885 ], [ 8.8525, 48.921388888888885 ], [ 8.647777777777778, 48.895 ], [ 8.647777777777778, 48.895 ], [ 8.436111111111112, 48.916666666666664 ], [ 8.436111111111112, 48.916666666666664 ], [ 8.291666666666666, 48.967777777777776 ], [ 8.291666666666666, 48.967777777777776 ], [ 8.348333333333334, 49.004444444444445 ], [ 8.348333333333334, 49.004444444444445 ], [ 8.374166666666667, 49.076388888888893 ], [ 8.374166666666667, 49.076388888888893 ], [ 8.393888888888888, 49.235277777777782 ], [ 8.393888888888888, 49.235277777777782 ], [ 8.70611111111111, 49.229166666666671 ], [ 8.70611111111111, 49.229166666666671 ], [ 8.989722222222222, 49.222777777777779 ], [ 8.989722222222222, 49.222777777777779 ], [ 9.045555555555556, 49.2425 ] ] ] ] } },
{ "type": "Feature", "properties": { "id": "ED-NKRH/3", "minFL": 175, "maxFL": 244 }, "geometry": { "type": "MultiPolygon", "coordinates": [ [ [ [ 8.960555555555555, 49.716111111111111 ], [ 9.110555555555555, 49.701111111111111 ], [ 9.110555555555555, 49.701111111111111 ], [ 9.084166666666667, 49.518055555555556 ], [ 9.084166666666667, 49.518055555555556 ], [ 9.047777777777778, 49.576388888888893 ], [ 9.047777777777778, 49.576388888888893 ], [ 8.960555555555555, 49.716111111111111 ] ] ] ] } },
{ "type": "Feature", "properties": { "id": "ED-NKRH/4", "minFL": 215, "maxFL": 244 }, "geometry": { "type": "MultiPolygon", "coordinates": [ [ [ [ 9.073333333333332, 49.441666666666663 ], [ 9.173055555555555, 49.2575 ], [ 9.173055555555555, 49.2575 ], [ 9.0725, 49.251944444444447 ], [ 9.0725, 49.251944444444447 ], [ 9.045555555555556, 49.2425 ], [ 9.045555555555556, 49.2425 ], [ 9.073333333333332, 49.441666666666663 ] ] ] ] } },
{ "type": "Feature", "properties": { "id": "ED-NKRH/5", "minFL": 115, "maxFL": 244 }, "geometry": { "type": "MultiPolygon", "coordinates": [ [ [ [ 8.960555555555555, 49.716111111111111 ], [ 9.047777777777778, 49.576388888888893 ], [ 9.047777777777778, 49.576388888888893 ], [ 9.084166666666667, 49.518055555555556 ], [ 9.084166666666667, 49.518055555555556 ], [ 9.073333333333332, 49.441666666666663 ], [ 9.073333333333332, 49.441666666666663 ], [ 9.045555555555556, 49.2425 ], [ 9.045555555555556, 49.2425 ], [ 8.989722222222222, 49.222777777777779 ], [ 8.989722222222222, 49.222777777777779 ], [ 8.70611111111111, 49.229166666666671 ], [ 8.70611111111111, 49.229166666666671 ], [ 8.7575, 49.571666666666673 ], [ 8.7575, 49.571666666666673 ], [ 8.776944444444446, 49.696388888888883 ], [ 8.776944444444446, 49.696388888888883 ], [ 8.960555555555555, 49.716111111111111 ] ] ] ] } },
{ "type": "Feature", "properties": { "id": "ED-NKRL/1", "minFL": 0, "maxFL": 74 }, "geometry": { "type": "MultiPolygon", "coordinates": [ [ [ [ 8.776944444444446, 49.696388888888883 ], [ 8.7575, 49.571666666666673 ], [ 8.7575, 49.571666666666673 ], [ 8.70611111111111, 49.229166666666671 ], [ 8.70611111111111, 49.229166666666671 ], [ 8.393888888888888, 49.235277777777782 ], [ 8.393888888888888, 49.235277777777782 ], [ 8.44888888888889, 49.669722222222219 ], [ 8.44888888888889, 49.669722222222219 ], [ 8.437777777777779, 49.678055555555552 ], [ 8.437777777777779, 49.678055555555552 ], [ 8.49111111111111, 49.681111111111107 ], [ 8.49111111111111, 49.681111111111107 ], [ 8.776944444444446, 49.696388888888883 ] ] ] ] } },
{ "type": "Feature", "properties": { "id": "ED-NKRL/2", "minFL": 0, "maxFL": 114 }, "geometry": { "type": "MultiPolygon", "coordinates": [ [ [ [ 8.960555555555555, 49.716111111111111 ], [ 9.047777777777778, 49.576388888888893 ], [ 9.047777777777778, 49.576388888888893 ], [ 9.084166666666667, 49.518055555555556 ], [ 9.084166666666667, 49.518055555555556 ], [ 9.073333333333332, 49.441666666666663 ], [ 9.073333333333332, 49.441666666666663 ], [ 9.045555555555556, 49.2425 ], [ 9.045555555555556, 49.2425 ], [ 8.989722222222222, 49.222777777777779 ], [ 8.989722222222222, 49.222777777777779 ], [ 8.70611111111111, 49.229166666666671 ], [ 8.70611111111111, 49.229166666666671 ], [ 8.7575, 49.571666666666673 ], [ 8.7575, 49.571666666666673 ], [ 8.776944444444446, 49.696388888888883 ], [ 8.776944444444446, 49.696388888888883 ], [ 8.960555555555555, 49.716111111111111 ] ] ] ] } },
{ "type": "Feature", "properties": { "id": "ED-NKRL/3", "minFL": 0, "maxFL": 54 }, "geometry": { "type": "MultiPolygon", "coordinates": [ [ [ [ 8.437777777777779, 49.678055555555552 ], [ 8.44888888888889, 49.669722222222219 ], [ 8.44888888888889, 49.669722222222219 ], [ 8.393888888888888, 49.235277777777782 ], [ 8.393888888888888, 49.235277777777782 ], [ 8.339722222222223, 49.236111111111114 ], [ 8.339722222222223, 49.236111111111114 ], [ 8.192222222222222, 49.37777777777778 ], [ 8.192222222222222, 49.37777777777778 ], [ 8.191666666666666, 49.56666666666667 ], [ 8.191666666666666, 49.56666666666667 ], [ 8.1675, 49.662777777777777 ], [ 8.1675, 49.662777777777777 ], [ 8.437777777777779, 49.678055555555552 ] ] ] ] } },
{ "type": "Feature", "properties": { "id": "ED-NOR/1", "minFL": 105, "maxFL": 244 }, "geometry": { "type": "MultiPolygon", "coordinates": [ [ [ [ 6.9775, 51.098333333333336 ], [ 7.106944444444444, 51.031944444444441 ], [ 7.106944444444444, 51.031944444444441 ], [ 6.990833333333334, 50.9775 ], [ 6.990833333333334, 50.9775 ], [ 7.099166666666666, 50.902222222222221 ], [ 7.099166666666666, 50.902222222222221 ], [ 6.770833333333333, 50.728055555555557 ], [ 6.770833333333333, 50.728055555555557 ], [ 6.679722222222223, 50.679166666666667 ], [ 6.679722222222223, 50.679166666666667 ], [ 6.581944444444444, 50.667777777777772 ], [ 6.581944444444444, 50.667777777777772 ], [ 6.263055555555556, 50.684166666666663 ], [ 6.263055555555556, 50.684166666666663 ], [ 6.158611111111111, 50.648055555555558 ], [ 6.158611111111111, 50.648055555555558 ], [ 6.120277777777777, 50.634722222222223 ], [ 6.120277777777777, 50.634722222222223 ], [ 6.074722222222222, 50.666944444444439 ], [ 6.074722222222222, 50.666944444444439 ], [ 6.076388888888888, 50.77 ], [ 6.076388888888888, 50.77 ], [ 6.0775, 50.846666666666671 ], [ 6.0775, 50.846666666666671 ], [ 6.078055555555555, 50.861111111111114 ], [ 6.078055555555555, 50.861111111111114 ], [ 6.070555555555555, 50.884166666666665 ], [ 6.070555555555555, 50.884166666666665 ], [ 6.243611111111111, 51.035277777777779 ], [ 6.243611111111111, 51.035277777777779 ], [ 6.386388888888889, 50.918333333333329 ], [ 6.386388888888889, 50.918333333333329 ], [ 6.616111111111111, 51.026388888888889 ], [ 6.616111111111111, 51.026388888888889 ], [ 6.755833333333333, 51.09 ], [ 6.755833333333333, 51.09 ], [ 6.9775, 51.098333333333336 ] ] ] ] } },
{ "type": "Feature", "properties": { "id": "ED-NOR/2", "minFL": 155, "maxFL": 244 }, "geometry": { "type": "MultiPolygon", "coordinates": [ [ [ [ 6.755, 51.281944444444441 ], [ 6.87, 51.187222222222218 ], [ 6.87, 51.187222222222218 ], [ 6.9775, 51.098333333333336 ], [ 6.9775, 51.098333333333336 ], [ 6.755833333333333, 51.09 ], [ 6.755833333333333, 51.09 ], [ 6.616111111111111, 51.026388888888889 ], [ 6.616111111111111, 51.026388888888889 ], [ 6.386388888888889, 50.918333333333329 ], [ 6.386388888888889, 50.918333333333329 ], [ 6.243611111111111, 51.035277777777779 ], [ 6.243611111111111, 51.035277777777779 ], [ 6.471111111111111, 51.145555555555553 ], [ 6.471111111111111, 51.145555555555553 ], [ 6.755, 51.281944444444441 ] ] ] ] } },
{ "type": "Feature", "properties": { "id": "ED-NOR/3", "minFL": 145, "maxFL": 244 }, "geometry": { "type": "MultiPolygon", "coordinates": [ [ [ [ 7.106944444444444, 51.031944444444441 ], [ 7.168055555555556, 51.000555555555557 ], [ 7.168055555555556, 51.000555555555557 ], [ 7.58, 50.600277777777777 ], [ 7.58, 50.600277777777777 ], [ 7.441111111111112, 50.549722222222222 ], [ 7.441111111111112, 50.549722222222222 ], [ 7.466666666666667, 50.516666666666666 ], [ 7.466666666666667, 50.516666666666666 ], [ 7.2525, 50.515 ], [ 7.2525, 50.515 ], [ 6.918055555555556, 50.510833333333331 ], [ 6.918055555555556, 50.510833333333331 ], [ 6.898055555555555, 50.540555555555557 ], [ 6.898055555555555, 50.540555555555557 ], [ 6.865277777777777, 50.589166666666671 ], [ 6.865277777777777, 50.589166666666671 ], [ 6.770833333333333, 50.728055555555557 ], [ 6.770833333333333, 50.728055555555557 ], [ 7.099166666666666, 50.902222222222221 ], [ 7.099166666666666, 50.902222222222221 ], [ 6.990833333333334, 50.9775 ], [ 6.990833333333334, 50.9775 ], [ 7.106944444444444, 51.031944444444441 ] ] ] ] } },
{ "type": "Feature", "properties": { "id": "ED-NOR/4", "minFL": 205, "maxFL": 244 }, "geometry": { "type": "MultiPolygon", "coordinates": [ [ [ [ 7.58, 50.600277777777777 ], [ 7.598888888888888, 50.581944444444446 ], [ 7.598888888888888, 50.581944444444446 ], [ 7.7175, 50.409722222222221 ], [ 7.7175, 50.409722222222221 ], [ 7.566944444444444, 50.369722222222222 ], [ 7.566944444444444, 50.369722222222222 ], [ 7.508055555555556, 50.460277777777783 ], [ 7.508055555555556, 50.460277777777783 ], [ 7.2525, 50.515 ], [ 7.2525, 50.515 ], [ 7.466666666666667, 50.516666666666666 ], [ 7.466666666666667, 50.516666666666666 ], [ 7.441111111111112, 50.549722222222222 ], [ 7.441111111111112, 50.549722222222222 ], [ 7.58, 50.600277777777777 ] ] ] ] } },
{ "type": "Feature", "properties": { "id": "ED-NOR/5", "minFL": 245, "maxFL": 264 }, "geometry": { "type": "MultiPolygon", "coordinates": [ [ [ [ 7.506388888888889, 50.6725 ], [ 7.58, 50.600277777777777 ], [ 7.58, 50.600277777777777 ], [ 7.598888888888888, 50.581944444444446 ], [ 7.598888888888888, 50.581944444444446 ], [ 7.7175, 50.409722222222221 ], [ 7.7175, 50.409722222222221 ], [ 7.566944444444444, 50.369722222222222 ], [ 7.566944444444444, 50.369722222222222 ], [ 7.508055555555556, 50.460277777777783 ], [ 7.508055555555556, 50.460277777777783 ], [ 7.2525, 50.515 ], [ 7.2525, 50.515 ], [ 6.918055555555556, 50.510833333333331 ], [ 6.918055555555556, 50.510833333333331 ], [ 6.848611111111111, 50.51027777777778 ], [ 6.848611111111111, 50.51027777777778 ], [ 6.815277777777777, 50.505833333333335 ], [ 6.815277777777777, 50.505833333333335 ], [ 7.0, 50.583333333333336 ], [ 7.0, 50.583333333333336 ], [ 7.128888888888889, 50.606388888888887 ], [ 7.128888888888889, 50.606388888888887 ], [ 7.506388888888889, 50.6725 ] ] ] ] } },
{ "type": "Feature", "properties": { "id": "ED-NOR/6", "minFL": 195, "maxFL": 244 }, "geometry": { "type": "MultiPolygon", "coordinates": [ [ [ [ 6.770833333333333, 50.728055555555557 ], [ 6.865277777777777, 50.589166666666671 ], [ 6.865277777777777, 50.589166666666671 ], [ 6.898055555555555, 50.540555555555557 ], [ 6.898055555555555, 50.540555555555557 ], [ 6.918055555555556, 50.510833333333331 ], [ 6.918055555555556, 50.510833333333331 ], [ 6.848611111111111, 50.51027777777778 ], [ 6.848611111111111, 50.51027777777778 ], [ 6.815277777777777, 50.505833333333335 ], [ 6.815277777777777, 50.505833333333335 ], [ 6.624722222222223, 50.4725 ], [ 6.624722222222223, 50.4725 ], [ 6.384166666666667, 50.4125 ], [ 6.384166666666667, 50.4125 ], [ 6.120277777777777, 50.634722222222223 ], [ 6.120277777777777, 50.634722222222223 ], [ 6.158611111111111, 50.648055555555558 ], [ 6.158611111111111, 50.648055555555558 ], [ 6.263055555555556, 50.684166666666663 ], [ 6.263055555555556, 50.684166666666663 ], [ 6.581944444444444, 50.667777777777772 ], [ 6.581944444444444, 50.667777777777772 ], [ 6.679722222222223, 50.679166666666667 ], [ 6.679722222222223, 50.679166666666667 ], [ 6.770833333333333, 50.728055555555557 ] ] ] ] } },
{ "type": "Feature", "properties": { "id": "ED-NOR/7", "minFL": 195, "maxFL": 244 }, "geometry": { "type": "MultiPolygon", "coordinates": [ [ [ [ 6.0775, 50.846666666666671 ], [ 6.076388888888888, 50.77 ], [ 6.076388888888888, 50.77 ], [ 6.021111111111111, 50.75416666666667 ], [ 6.021111111111111, 50.75416666666667 ], [ 6.024444444444445, 50.768611111111113 ], [ 6.024444444444445, 50.768611111111113 ], [ 6.012777777777778, 50.778611111111111 ], [ 6.012777777777778, 50.778611111111111 ], [ 5.991388888888889, 50.796111111111109 ], [ 5.991388888888889, 50.796111111111109 ], [ 5.982777777777778, 50.806388888888883 ], [ 5.982777777777778, 50.806388888888883 ], [ 6.015277777777778, 50.844444444444449 ], [ 6.015277777777778, 50.844444444444449 ], [ 6.0775, 50.846666666666671 ] ] ] ] } },
{ "type": "Feature", "properties": { "id": "ED-NOR/8", "minFL": 245, "maxFL": 254 }, "geometry": { "type": "MultiPolygon", "coordinates": [ [ [ [ 6.815277777777777, 50.505833333333335 ], [ 6.874166666666667, 50.603888888888889 ], [ 6.874166666666667, 50.603888888888889 ], [ 7.128888888888889, 50.606388888888887 ], [ 7.128888888888889, 50.606388888888887 ], [ 7.0, 50.583333333333336 ], [ 7.0, 50.583333333333336 ], [ 6.815277777777777, 50.505833333333335 ] ] ] ] } },
{ "type": "Feature", "properties": { "id": "ED-NTM1/1", "minFL": 245, "maxFL": 264 }, "geometry": { "type": "MultiPolygon", "coordinates": [ [ [ [ 7.666111111111111, 50.7 ], [ 7.909444444444444, 50.611666666666665 ], [ 7.909444444444444, 50.611666666666665 ], [ 8.493333333333332, 49.904444444444444 ], [ 8.493333333333332, 49.904444444444444 ], [ 8.212777777777777, 49.740833333333335 ], [ 8.212777777777777, 49.740833333333335 ], [ 7.835277777777778, 49.047222222222217 ], [ 7.835277777777778, 49.047222222222217 ], [ 7.793333333333333, 49.065 ], [ 7.793333333333333, 49.065 ], [ 7.732222222222222, 49.043888888888887 ], [ 7.732222222222222, 49.043888888888887 ], [ 7.631111111111111, 49.054444444444442 ], [ 7.631111111111111, 49.054444444444442 ], [ 7.629722222222223, 49.073888888888895 ], [ 7.629722222222223, 49.073888888888895 ], [ 7.528611111111111, 49.101388888888891 ], [ 7.528611111111111, 49.101388888888891 ], [ 7.489166666666667, 49.138888888888886 ], [ 7.489166666666667, 49.138888888888886 ], [ 7.506666666666667, 49.154166666666669 ], [ 7.506666666666667, 49.154166666666669 ], [ 7.493333333333333, 49.166666666666664 ], [ 7.493333333333333, 49.166666666666664 ], [ 7.444444444444445, 49.182777777777773 ], [ 7.444444444444445, 49.182777777777773 ], [ 7.365277777777777, 49.171388888888885 ], [ 7.365277777777777, 49.171388888888885 ], [ 7.361666666666666, 49.143055555555556 ], [ 7.361666666666666, 49.143055555555556 ], [ 7.293611111111111, 49.115 ], [ 7.293611111111111, 49.115 ], [ 7.158333333333334, 49.120555555555555 ], [ 7.158333333333334, 49.120555555555555 ], [ 7.106666666666666, 49.154722222222219 ], [ 7.106666666666666, 49.154722222222219 ], [ 7.08111111111111, 49.146666666666668 ], [ 7.08111111111111, 49.146666666666668 ], [ 7.089722222222222, 49.130277777777778 ], [ 7.089722222222222, 49.130277777777778 ], [ 7.049444444444444, 49.113611111111112 ], [ 7.049444444444444, 49.113611111111112 ], [ 7.034444444444444, 49.190277777777773 ], [ 7.034444444444444, 49.190277777777773 ], [ 6.938611111111111, 49.222222222222221 ], [ 6.938611111111111, 49.222222222222221 ], [ 6.836666666666666, 49.213055555555556 ], [ 6.836666666666666, 49.213055555555556 ], [ 6.85861111111111, 49.174722222222222 ], [ 6.85861111111111, 49.174722222222222 ], [ 6.834722222222222, 49.151388888888889 ], [ 6.834722222222222, 49.151388888888889 ], [ 6.781111111111111, 49.168055555555554 ], [ 6.781111111111111, 49.168055555555554 ], [ 6.746111111111111, 49.166111111111107 ], [ 6.746111111111111, 49.166111111111107 ], [ 6.723055555555556, 49.200277777777778 ], [ 6.723055555555556, 49.200277777777778 ], [ 6.711111111111111, 49.218055555555559 ], [ 6.711111111111111, 49.218055555555559 ], [ 6.593888888888888, 49.561388888888885 ], [ 6.593888888888888, 49.561388888888885 ], [ 6.808055555555556, 49.653333333333329 ], [ 6.808055555555556, 49.653333333333329 ], [ 6.830833333333334, 49.75277777777778 ], [ 6.830833333333334, 49.75277777777778 ], [ 6.738333333333333, 49.833888888888893 ], [ 6.738333333333333, 49.833888888888893 ], [ 6.652222222222223, 49.882222222222225 ], [ 6.652222222222223, 49.882222222222225 ], [ 6.503611111111111, 49.81 ], [ 6.503611111111111, 49.81 ], [ 6.581666666666666, 50.05694444444444 ], [ 6.581666666666666, 50.05694444444444 ], [ 6.650833333333334, 50.274444444444441 ], [ 6.650833333333334, 50.274444444444441 ], [ 6.987777777777778, 50.256666666666668 ], [ 6.987777777777778, 50.256666666666668 ], [ 6.918055555555556, 50.510833333333331 ], [ 6.918055555555556, 50.510833333333331 ], [ 7.2525, 50.515 ], [ 7.2525, 50.515 ], [ 7.508055555555556, 50.460277777777783 ], [ 7.508055555555556, 50.460277777777783 ], [ 7.566944444444444, 50.369722222222222 ], [ 7.566944444444444, 50.369722222222222 ], [ 7.7175, 50.409722222222221 ], [ 7.7175, 50.409722222222221 ], [ 7.598888888888888, 50.581944444444446 ], [ 7.598888888888888, 50.581944444444446 ], [ 7.58, 50.600277777777777 ], [ 7.58, 50.600277777777777 ], [ 7.506388888888889, 50.6725 ], [ 7.506388888888889, 50.6725 ], [ 7.666111111111111, 50.7 ] ] ] ] } },
{ "type": "Feature", "properties": { "id": "ED-NTM1/2", "minFL": 265, "maxFL": 324 }, "geometry": { "type": "MultiPolygon", "coordinates": [ [ [ [ 7.666111111111111, 50.7 ], [ 7.909444444444444, 50.611666666666665 ], [ 7.909444444444444, 50.611666666666665 ], [ 8.493333333333332, 49.904444444444444 ], [ 8.493333333333332, 49.904444444444444 ], [ 8.212777777777777, 49.740833333333335 ], [ 8.212777777777777, 49.740833333333335 ], [ 7.835277777777778, 49.047222222222217 ], [ 7.835277777777778, 49.047222222222217 ], [ 7.793333333333333, 49.065 ], [ 7.793333333333333, 49.065 ], [ 7.732222222222222, 49.043888888888887 ], [ 7.732222222222222, 49.043888888888887 ], [ 7.631111111111111, 49.054444444444442 ], [ 7.631111111111111, 49.054444444444442 ], [ 7.629722222222223, 49.073888888888895 ], [ 7.629722222222223, 49.073888888888895 ], [ 7.528611111111111, 49.101388888888891 ], [ 7.528611111111111, 49.101388888888891 ], [ 7.489166666666667, 49.138888888888886 ], [ 7.489166666666667, 49.138888888888886 ], [ 7.506666666666667, 49.154166666666669 ], [ 7.506666666666667, 49.154166666666669 ], [ 7.493333333333333, 49.166666666666664 ], [ 7.493333333333333, 49.166666666666664 ], [ 7.444444444444445, 49.182777777777773 ], [ 7.444444444444445, 49.182777777777773 ], [ 7.365277777777777, 49.171388888888885 ], [ 7.365277777777777, 49.171388888888885 ], [ 7.361666666666666, 49.143055555555556 ], [ 7.361666666666666, 49.143055555555556 ], [ 7.293611111111111, 49.115 ], [ 7.293611111111111, 49.115 ], [ 7.158333333333334, 49.120555555555555 ], [ 7.158333333333334, 49.120555555555555 ], [ 7.106666666666666, 49.154722222222219 ], [ 7.106666666666666, 49.154722222222219 ], [ 7.08111111111111, 49.146666666666668 ], [ 7.08111111111111, 49.146666666666668 ], [ 7.089722222222222, 49.130277777777778 ], [ 7.089722222222222, 49.130277777777778 ], [ 7.049444444444444, 49.113611111111112 ], [ 7.049444444444444, 49.113611111111112 ], [ 7.034444444444444, 49.190277777777773 ], [ 7.034444444444444, 49.190277777777773 ], [ 6.938611111111111, 49.222222222222221 ], [ 6.938611111111111, 49.222222222222221 ], [ 6.836666666666666, 49.213055555555556 ], [ 6.836666666666666, 49.213055555555556 ], [ 6.85861111111111, 49.174722222222222 ], [ 6.85861111111111, 49.174722222222222 ], [ 6.834722222222222, 49.151388888888889 ], [ 6.834722222222222, 49.151388888888889 ], [ 6.781111111111111, 49.168055555555554 ], [ 6.781111111111111, 49.168055555555554 ], [ 6.746111111111111, 49.166111111111107 ], [ 6.746111111111111, 49.166111111111107 ], [ 6.723055555555556, 49.200277777777778 ], [ 6.723055555555556, 49.200277777777778 ], [ 6.711111111111111, 49.218055555555559 ], [ 6.711111111111111, 49.218055555555559 ], [ 6.593888888888888, 49.561388888888885 ], [ 6.593888888888888, 49.561388888888885 ], [ 6.514444444444444, 49.793888888888887 ], [ 6.514444444444444, 49.793888888888887 ], [ 6.503611111111111, 49.81 ], [ 6.503611111111111, 49.81 ], [ 6.581666666666666, 50.05694444444444 ], [ 6.581666666666666, 50.05694444444444 ], [ 6.650833333333334, 50.274444444444441 ], [ 6.650833333333334, 50.274444444444441 ], [ 6.815277777777777, 50.505833333333335 ], [ 6.815277777777777, 50.505833333333335 ], [ 7.0, 50.583333333333336 ], [ 7.0, 50.583333333333336 ], [ 7.128888888888889, 50.606388888888887 ], [ 7.128888888888889, 50.606388888888887 ], [ 7.506388888888889, 50.6725 ], [ 7.506388888888889, 50.6725 ], [ 7.666111111111111, 50.7 ] ] ] ] } },
{ "type": "Feature", "properties": { "id": "ED-NTM2", "minFL": 325, "maxFL": 354 }, "geometry": { "type": "MultiPolygon", "coordinates": [ [ [ [ 7.666111111111111, 50.7 ], [ 7.909444444444444, 50.611666666666665 ], [ 7.909444444444444, 50.611666666666665 ], [ 8.493333333333332, 49.904444444444444 ], [ 8.493333333333332, 49.904444444444444 ], [ 8.212777777777777, 49.740833333333335 ], [ 8.212777777777777, 49.740833333333335 ], [ 7.835277777777778, 49.047222222222217 ], [ 7.835277777777778, 49.047222222222217 ], [ 7.793333333333333, 49.065 ], [ 7.793333333333333, 49.065 ], [ 7.732222222222222, 49.043888888888887 ], [ 7.732222222222222, 49.043888888888887 ], [ 7.631111111111111, 49.054444444444442 ], [ 7.631111111111111, 49.054444444444442 ], [ 7.629722222222223, 49.073888888888895 ], [ 7.629722222222223, 49.073888888888895 ], [ 7.528611111111111, 49.101388888888891 ], [ 7.528611111111111, 49.101388888888891 ], [ 7.489166666666667, 49.138888888888886 ], [ 7.489166666666667, 49.138888888888886 ], [ 7.506666666666667, 49.154166666666669 ], [ 7.506666666666667, 49.154166666666669 ], [ 7.493333333333333, 49.166666666666664 ], [ 7.493333333333333, 49.166666666666664 ], [ 7.444444444444445, 49.182777777777773 ], [ 7.444444444444445, 49.182777777777773 ], [ 7.365277777777777, 49.171388888888885 ], [ 7.365277777777777, 49.171388888888885 ], [ 7.361666666666666, 49.143055555555556 ], [ 7.361666666666666, 49.143055555555556 ], [ 7.293611111111111, 49.115 ], [ 7.293611111111111, 49.115 ], [ 7.158333333333334, 49.120555555555555 ], [ 7.158333333333334, 49.120555555555555 ], [ 7.106666666666666, 49.154722222222219 ], [ 7.106666666666666, 49.154722222222219 ], [ 7.08111111111111, 49.146666666666668 ], [ 7.08111111111111, 49.146666666666668 ], [ 7.089722222222222, 49.130277777777778 ], [ 7.089722222222222, 49.130277777777778 ], [ 7.049444444444444, 49.113611111111112 ], [ 7.049444444444444, 49.113611111111112 ], [ 7.034444444444444, 49.190277777777773 ], [ 7.034444444444444, 49.190277777777773 ], [ 6.938611111111111, 49.222222222222221 ], [ 6.938611111111111, 49.222222222222221 ], [ 6.836666666666666, 49.213055555555556 ], [ 6.836666666666666, 49.213055555555556 ], [ 6.85861111111111, 49.174722222222222 ], [ 6.85861111111111, 49.174722222222222 ], [ 6.834722222222222, 49.151388888888889 ], [ 6.834722222222222, 49.151388888888889 ], [ 6.781111111111111, 49.168055555555554 ], [ 6.781111111111111, 49.168055555555554 ], [ 6.746111111111111, 49.166111111111107 ], [ 6.746111111111111, 49.166111111111107 ], [ 6.723055555555556, 49.200277777777778 ], [ 6.723055555555556, 49.200277777777778 ], [ 6.711111111111111, 49.218055555555559 ], [ 6.711111111111111, 49.218055555555559 ], [ 6.593888888888888, 49.561388888888885 ], [ 6.593888888888888, 49.561388888888885 ], [ 6.514444444444444, 49.793888888888887 ], [ 6.514444444444444, 49.793888888888887 ], [ 6.503611111111111, 49.81 ], [ 6.503611111111111, 49.81 ], [ 6.581666666666666, 50.05694444444444 ], [ 6.581666666666666, 50.05694444444444 ], [ 6.650833333333334, 50.274444444444441 ], [ 6.650833333333334, 50.274444444444441 ], [ 6.815277777777777, 50.505833333333335 ], [ 6.815277777777777, 50.505833333333335 ], [ 7.0, 50.583333333333336 ], [ 7.0, 50.583333333333336 ], [ 7.128888888888889, 50.606388888888887 ], [ 7.128888888888889, 50.606388888888887 ], [ 7.506388888888889, 50.6725 ], [ 7.506388888888889, 50.6725 ], [ 7.666111111111111, 50.7 ] ] ] ] } },
{ "type": "Feature", "properties": { "id": "ED-NTM3", "minFL": 355, "maxFL": 374 }, "geometry": { "type": "MultiPolygon", "coordinates": [ [ [ [ 7.666111111111111, 50.7 ], [ 7.909444444444444, 50.611666666666665 ], [ 7.909444444444444, 50.611666666666665 ], [ 8.493333333333332, 49.904444444444444 ], [ 8.493333333333332, 49.904444444444444 ], [ 8.212777777777777, 49.740833333333335 ], [ 8.212777777777777, 49.740833333333335 ], [ 7.835277777777778, 49.047222222222217 ], [ 7.835277777777778, 49.047222222222217 ], [ 7.793333333333333, 49.065 ], [ 7.793333333333333, 49.065 ], [ 7.732222222222222, 49.043888888888887 ], [ 7.732222222222222, 49.043888888888887 ], [ 7.631111111111111, 49.054444444444442 ], [ 7.631111111111111, 49.054444444444442 ], [ 7.629722222222223, 49.073888888888895 ], [ 7.629722222222223, 49.073888888888895 ], [ 7.528611111111111, 49.101388888888891 ], [ 7.528611111111111, 49.101388888888891 ], [ 7.489166666666667, 49.138888888888886 ], [ 7.489166666666667, 49.138888888888886 ], [ 7.506666666666667, 49.154166666666669 ], [ 7.506666666666667, 49.154166666666669 ], [ 7.493333333333333, 49.166666666666664 ], [ 7.493333333333333, 49.166666666666664 ], [ 7.444444444444445, 49.182777777777773 ], [ 7.444444444444445, 49.182777777777773 ], [ 7.365277777777777, 49.171388888888885 ], [ 7.365277777777777, 49.171388888888885 ], [ 7.361666666666666, 49.143055555555556 ], [ 7.361666666666666, 49.143055555555556 ], [ 7.293611111111111, 49.115 ], [ 7.293611111111111, 49.115 ], [ 7.158333333333334, 49.120555555555555 ], [ 7.158333333333334, 49.120555555555555 ], [ 7.106666666666666, 49.154722222222219 ], [ 7.106666666666666, 49.154722222222219 ], [ 7.08111111111111, 49.146666666666668 ], [ 7.08111111111111, 49.146666666666668 ], [ 7.089722222222222, 49.130277777777778 ], [ 7.089722222222222, 49.130277777777778 ], [ 7.049444444444444, 49.113611111111112 ], [ 7.049444444444444, 49.113611111111112 ], [ 7.034444444444444, 49.190277777777773 ], [ 7.034444444444444, 49.190277777777773 ], [ 6.938611111111111, 49.222222222222221 ], [ 6.938611111111111, 49.222222222222221 ], [ 6.836666666666666, 49.213055555555556 ], [ 6.836666666666666, 49.213055555555556 ], [ 6.85861111111111, 49.174722222222222 ], [ 6.85861111111111, 49.174722222222222 ], [ 6.834722222222222, 49.151388888888889 ], [ 6.834722222222222, 49.151388888888889 ], [ 6.781111111111111, 49.168055555555554 ], [ 6.781111111111111, 49.168055555555554 ], [ 6.746111111111111, 49.166111111111107 ], [ 6.746111111111111, 49.166111111111107 ], [ 6.723055555555556, 49.200277777777778 ], [ 6.723055555555556, 49.200277777777778 ], [ 6.711111111111111, 49.218055555555559 ], [ 6.711111111111111, 49.218055555555559 ], [ 6.593888888888888, 49.561388888888885 ], [ 6.593888888888888, 49.561388888888885 ], [ 6.514444444444444, 49.793888888888887 ], [ 6.514444444444444, 49.793888888888887 ], [ 6.503611111111111, 49.81 ], [ 6.503611111111111, 49.81 ], [ 6.581666666666666, 50.05694444444444 ], [ 6.581666666666666, 50.05694444444444 ], [ 6.650833333333334, 50.274444444444441 ], [ 6.650833333333334, 50.274444444444441 ], [ 6.815277777777777, 50.505833333333335 ], [ 6.815277777777777, 50.505833333333335 ], [ 7.0, 50.583333333333336 ], [ 7.0, 50.583333333333336 ], [ 7.128888888888889, 50.606388888888887 ], [ 7.128888888888889, 50.606388888888887 ], [ 7.506388888888889, 50.6725 ], [ 7.506388888888889, 50.6725 ], [ 7.666111111111111, 50.7 ] ] ] ] } },
{ "type": "Feature", "properties": { "id": "ED-NTM4", "minFL": 375, "maxFL": 660 }, "geometry": { "type": "MultiPolygon", "coordinates": [ [ [ [ 7.666111111111111, 50.7 ], [ 7.909444444444444, 50.611666666666665 ], [ 7.909444444444444, 50.611666666666665 ], [ 8.493333333333332, 49.904444444444444 ], [ 8.493333333333332, 49.904444444444444 ], [ 8.212777777777777, 49.740833333333335 ], [ 8.212777777777777, 49.740833333333335 ], [ 7.835277777777778, 49.047222222222217 ], [ 7.835277777777778, 49.047222222222217 ], [ 7.793333333333333, 49.065 ], [ 7.793333333333333, 49.065 ], [ 7.732222222222222, 49.043888888888887 ], [ 7.732222222222222, 49.043888888888887 ], [ 7.631111111111111, 49.054444444444442 ], [ 7.631111111111111, 49.054444444444442 ], [ 7.629722222222223, 49.073888888888895 ], [ 7.629722222222223, 49.073888888888895 ], [ 7.528611111111111, 49.101388888888891 ], [ 7.528611111111111, 49.101388888888891 ], [ 7.489166666666667, 49.138888888888886 ], [ 7.489166666666667, 49.138888888888886 ], [ 7.506666666666667, 49.154166666666669 ], [ 7.506666666666667, 49.154166666666669 ], [ 7.493333333333333, 49.166666666666664 ], [ 7.493333333333333, 49.166666666666664 ], [ 7.444444444444445, 49.182777777777773 ], [ 7.444444444444445, 49.182777777777773 ], [ 7.365277777777777, 49.171388888888885 ], [ 7.365277777777777, 49.171388888888885 ], [ 7.361666666666666, 49.143055555555556 ], [ 7.361666666666666, 49.143055555555556 ], [ 7.293611111111111, 49.115 ], [ 7.293611111111111, 49.115 ], [ 7.158333333333334, 49.120555555555555 ], [ 7.158333333333334, 49.120555555555555 ], [ 7.106666666666666, 49.154722222222219 ], [ 7.106666666666666, 49.154722222222219 ], [ 7.08111111111111, 49.146666666666668 ], [ 7.08111111111111, 49.146666666666668 ], [ 7.089722222222222, 49.130277777777778 ], [ 7.089722222222222, 49.130277777777778 ], [ 7.049444444444444, 49.113611111111112 ], [ 7.049444444444444, 49.113611111111112 ], [ 7.034444444444444, 49.190277777777773 ], [ 7.034444444444444, 49.190277777777773 ], [ 6.938611111111111, 49.222222222222221 ], [ 6.938611111111111, 49.222222222222221 ], [ 6.836666666666666, 49.213055555555556 ], [ 6.836666666666666, 49.213055555555556 ], [ 6.85861111111111, 49.174722222222222 ], [ 6.85861111111111, 49.174722222222222 ], [ 6.834722222222222, 49.151388888888889 ], [ 6.834722222222222, 49.151388888888889 ], [ 6.781111111111111, 49.168055555555554 ], [ 6.781111111111111, 49.168055555555554 ], [ 6.746111111111111, 49.166111111111107 ], [ 6.746111111111111, 49.166111111111107 ], [ 6.723055555555556, 49.200277777777778 ], [ 6.723055555555556, 49.200277777777778 ], [ 6.711111111111111, 49.218055555555559 ], [ 6.711111111111111, 49.218055555555559 ], [ 6.593888888888888, 49.561388888888885 ], [ 6.593888888888888, 49.561388888888885 ], [ 6.514444444444444, 49.793888888888887 ], [ 6.514444444444444, 49.793888888888887 ], [ 6.503611111111111, 49.81 ], [ 6.503611111111111, 49.81 ], [ 6.581666666666666, 50.05694444444444 ], [ 6.581666666666666, 50.05694444444444 ], [ 6.650833333333334, 50.274444444444441 ], [ 6.650833333333334, 50.274444444444441 ], [ 6.815277777777777, 50.505833333333335 ], [ 6.815277777777777, 50.505833333333335 ], [ 7.0, 50.583333333333336 ], [ 7.0, 50.583333333333336 ], [ 7.128888888888889, 50.606388888888887 ], [ 7.128888888888889, 50.606388888888887 ], [ 7.506388888888889, 50.6725 ], [ 7.506388888888889, 50.6725 ], [ 7.666111111111111, 50.7 ] ] ] ] } },
{ "type": "Feature", "properties": { "id": "ED-PADH/1", "minFL": 135, "maxFL": 244 }, "geometry": { "type": "MultiPolygon", "coordinates": [ [ [ [ 8.866666666666667, 51.666666666666664 ], [ 8.886666666666667, 51.505277777777778 ], [ 8.8975, 51.417222222222222 ], [ 8.906111111111111, 51.345833333333339 ], [ 8.907777777777778, 51.333333333333336 ], [ 8.824722222222222, 51.249722222222225 ], [ 8.782222222222224, 51.206666666666671 ], [ 8.741944444444444, 51.166388888888889 ], [ 8.670555555555556, 51.093333333333334 ], [ 8.596111111111112, 51.016944444444441 ], [ 8.511666666666667, 50.961944444444448 ], [ 8.463055555555554, 50.930277777777775 ], [ 8.303055555555556, 50.923611111111107 ], [ 8.068888888888889, 50.913055555555552 ], [ 8.01888888888889, 50.959166666666668 ], [ 8.517222222222223, 51.140833333333333 ], [ 8.252222222222223, 51.283611111111107 ], [ 7.829166666666667, 51.132222222222225 ], [ 7.656111111111112, 51.3775 ], [ 7.583611111111111, 51.48 ], [ 8.324444444444444, 51.716666666666669 ], [ 8.866666666666667, 51.666666666666664 ] ] ] ] } },
{ "type": "Feature", "properties": { "id": "ED-PADH/2", "minFL": 115, "maxFL": 244 }, "geometry": { "type": "MultiPolygon", "coordinates": [ [ [ [ 8.252222222222223, 51.283611111111107 ], [ 8.517222222222223, 51.140833333333333 ], [ 8.01888888888889, 50.959166666666668 ], [ 7.829166666666667, 51.132222222222225 ], [ 8.252222222222223, 51.283611111111107 ] ] ] ] } },
{ "type": "Feature", "properties": { "id": "ED-PADH/3", "minFL": 245, "maxFL": 294 }, "geometry": { "type": "MultiPolygon", "coordinates": [ [ [ [ 8.411111111111111, 51.27 ], [ 8.586666666666668, 51.108611111111109 ], [ 8.247222222222222, 50.981111111111112 ], [ 8.070833333333333, 51.178888888888885 ], [ 8.411111111111111, 51.27 ] ] ] ] } },
{ "type": "Feature", "properties": { "id": "ED-PADL/1", "minFL": 0, "maxFL": 134 }, "geometry": { "type": "MultiPolygon", "coordinates": [ [ [ [ 8.866666666666667, 51.881944444444443 ], [ 8.866666666666667, 51.791666666666664 ], [ 8.866666666666667, 51.666666666666664 ], [ 8.886666666666667, 51.505277777777778 ], [ 8.8975, 51.417222222222222 ], [ 8.906111111111111, 51.345833333333339 ], [ 8.517222222222223, 51.140833333333333 ], [ 8.252222222222223, 51.283611111111107 ], [ 7.829166666666667, 51.132222222222225 ], [ 7.656111111111112, 51.3775 ], [ 7.583611111111111, 51.48 ], [ 8.324444444444444, 51.716666666666669 ] ] ] ] } },
{ "type": "Feature", "properties": { "id": "ED-PADL/2", "minFL": 0, "maxFL": 114 }, "geometry": { "type": "MultiPolygon", "coordinates": [ [ [ [ 8.252222222222223, 51.283611111111107 ], [ 8.517222222222223, 51.140833333333333 ], [ 8.381388888888889, 51.091666666666669 ], [ 8.01888888888889, 50.959166666666668 ], [ 7.829166666666667, 51.132222222222225 ] ] ] ] } },
{ "type": "Feature", "properties": { "id": "ED-PADL/3", "minFL": 0, "maxFL": 74 }, "geometry": { "type": "MultiPolygon", "coordinates": [ [ [ [ 7.796388888888889, 51.793611111111112 ], [ 8.324444444444444, 51.716666666666669 ], [ 7.583611111111111, 51.48 ], [ 7.479444444444445, 51.624166666666667 ], [ 7.410277777777778, 51.6575 ] ] ] ] } },
{ "type": "Feature", "properties": { "id": "ED-PADL/4", "minFL": 0, "maxFL": 64 }, "geometry": { "type": "MultiPolygon", "coordinates": [ [ [ [ 7.410277777777778, 51.6575 ], [ 7.479444444444445, 51.624166666666667 ], [ 7.583611111111111, 51.48 ], [ 7.656111111111112, 51.3775 ], [ 7.829166666666667, 51.132222222222225 ], [ 7.4625, 51.31305555555555 ], [ 7.454722222222222, 51.320277777777783 ], [ 7.343333333333333, 51.423888888888889 ], [ 7.305555555555555, 51.516666666666666 ] ] ] ] } },
{ "type": "Feature", "properties": { "id": "ED-PADL/5", "minFL": 0, "maxFL": 74 }, "geometry": { "type": "MultiPolygon", "coordinates": [ [ [ [ 9.0675, 51.928888888888885 ], [ 9.066944444444443, 51.666666666666664 ], [ 8.8975, 51.417222222222222 ], [ 8.886666666666667, 51.505277777777778 ], [ 8.866666666666667, 51.666666666666664 ], [ 8.866666666666667, 51.791666666666664 ], [ 8.866666666666667, 51.881944444444443 ] ] ] ] } },
{ "type": "Feature", "properties": { "id": "ED-PADL/6", "minFL": 0, "maxFL": 134 }, "geometry": { "type": "MultiPolygon", "coordinates": [ [ [ [ 8.381388888888889, 51.091666666666669 ], [ 8.384166666666665, 51.029722222222219 ], [ 8.511666666666667, 50.961944444444448 ], [ 8.463055555555554, 50.930277777777775 ], [ 8.303055555555556, 50.923611111111107 ], [ 8.135277777777777, 50.8775 ], [ 8.068888888888889, 50.913055555555552 ], [ 8.01888888888889, 50.959166666666668 ] ] ] ] } },
{ "type": "Feature", "properties": { "id": "ED-PADL/7", "minFL": 75, "maxFL": 134 }, "geometry": { "type": "MultiPolygon", "coordinates": [ [ [ [ 8.906111111111111, 51.345833333333339 ], [ 8.907777777777778, 51.333333333333336 ], [ 8.824722222222222, 51.249722222222225 ], [ 8.782222222222224, 51.206666666666671 ], [ 8.741944444444444, 51.166388888888889 ], [ 8.670555555555556, 51.093333333333334 ], [ 8.596111111111112, 51.016944444444441 ], [ 8.511666666666667, 50.961944444444448 ], [ 8.384166666666665, 51.029722222222219 ], [ 8.381388888888889, 51.091666666666669 ], [ 8.517222222222223, 51.140833333333333 ] ] ] ] } },
{ "type": "Feature", "properties": { "id": "ED-PFA/1", "minFL": 0, "maxFL": 244 }, "geometry": { "type": "MultiPolygon", "coordinates": [ [ [ [ 6.573333333333333, 49.638888888888886 ], [ 7.121944444444444, 49.649722222222223 ], [ 7.543333333333333, 49.656111111111109 ], [ 8.1675, 49.662777777777777 ], [ 8.191666666666666, 49.56666666666667 ], [ 8.192222222222222, 49.37777777777778 ], [ 8.339722222222223, 49.236111111111114 ], [ 8.225, 49.083333333333336 ], [ 8.066666666666666, 49.0 ], [ 8.049444444444445, 49.014166666666668 ], [ 8.021666666666668, 49.018055555555556 ], [ 8.01888888888889, 49.020833333333336 ], [ 8.014166666666666, 49.020833333333336 ], [ 8.011388888888888, 49.024444444444441 ], [ 7.994166666666667, 49.028611111111111 ], [ 7.974722222222223, 49.026388888888889 ], [ 7.945833333333334, 49.055277777777775 ], [ 7.931388888888889, 49.057777777777773 ], [ 7.9125, 49.041111111111107 ], [ 7.867222222222223, 49.033333333333331 ], [ 7.835277777777778, 49.047222222222217 ], [ 7.793333333333333, 49.065 ], [ 7.732222222222222, 49.043888888888887 ], [ 7.631111111111111, 49.054444444444442 ], [ 7.629722222222223, 49.073888888888895 ], [ 7.528611111111111, 49.101388888888891 ], [ 7.489166666666667, 49.138888888888886 ], [ 7.506666666666667, 49.154166666666669 ], [ 7.493333333333333, 49.166666666666664 ], [ 7.444444444444445, 49.182777777777773 ], [ 7.365277777777777, 49.171388888888885 ], [ 7.361666666666666, 49.143055555555556 ], [ 7.293611111111111, 49.115 ], [ 7.158333333333334, 49.120555555555555 ], [ 7.106666666666666, 49.154722222222219 ], [ 7.08111111111111, 49.146666666666668 ], [ 7.089722222222222, 49.130277777777778 ], [ 7.049444444444444, 49.113611111111112 ], [ 7.034444444444444, 49.190277777777773 ], [ 6.938611111111111, 49.222222222222221 ], [ 6.836666666666666, 49.213055555555556 ], [ 6.85861111111111, 49.174722222222222 ], [ 6.834722222222222, 49.151388888888889 ], [ 6.781111111111111, 49.168055555555554 ], [ 6.746111111111111, 49.166111111111107 ], [ 6.723055555555556, 49.200277777777778 ], [ 6.711111111111111, 49.218055555555559 ], [ 6.694166666666667, 49.216111111111111 ], [ 6.675555555555555, 49.257222222222225 ], [ 6.662222222222223, 49.256388888888885 ], [ 6.670277777777778, 49.280277777777776 ], [ 6.653055555555556, 49.280833333333334 ], [ 6.636111111111111, 49.296111111111109 ], [ 6.588611111111111, 49.321944444444448 ], [ 6.594166666666666, 49.330833333333338 ], [ 6.564166666666667, 49.350833333333334 ], [ 6.573888888888889, 49.358611111111109 ], [ 6.5875, 49.349722222222226 ], [ 6.601666666666667, 49.366944444444442 ], [ 6.582777777777777, 49.368611111111115 ], [ 6.580277777777778, 49.38527777777778 ], [ 6.558888888888888, 49.392777777777781 ], [ 6.556944444444444, 49.394444444444446 ], [ 6.592777777777777, 49.394444444444446 ], [ 6.581388888888888, 49.536666666666662 ] ] ] ] } },
{ "type": "Feature", "properties": { "id": "ED-PFA/2", "minFL": 0, "maxFL": 104 }, "geometry": { "type": "MultiPolygon", "coordinates": [ [ [ [ 7.695833333333334, 49.832222222222228 ], [ 8.1675, 49.662777777777777 ], [ 7.543333333333333, 49.656111111111109 ], [ 7.695833333333334, 49.832222222222228 ] ] ] ] } },
{ "type": "Feature", "properties": { "id": "ED-PFA/3", "minFL": 55, "maxFL": 244 }, "geometry": { "type": "MultiPolygon", "coordinates": [ [ [ [ 8.437777777777779, 49.678055555555552 ], [ 8.44888888888889, 49.669722222222219 ], [ 8.44888888888889, 49.669722222222219 ], [ 8.393888888888888, 49.235277777777782 ], [ 8.393888888888888, 49.235277777777782 ], [ 8.339722222222223, 49.236111111111114 ], [ 8.339722222222223, 49.236111111111114 ], [ 8.192222222222222, 49.37777777777778 ], [ 8.192222222222222, 49.37777777777778 ], [ 8.191666666666666, 49.56666666666667 ], [ 8.191666666666666, 49.56666666666667 ], [ 8.1675, 49.662777777777777 ], [ 8.1675, 49.662777777777777 ], [ 8.437777777777779, 49.678055555555552 ] ] ] ] } },
{ "type": "Feature", "properties": { "id": "ED-PFA/4", "minFL": 95, "maxFL": 244 }, "geometry": { "type": "MultiPolygon", "coordinates": [ [ [ [ 8.339722222222223, 49.236111111111114 ], [ 8.393888888888888, 49.235277777777782 ], [ 8.393888888888888, 49.235277777777782 ], [ 8.374166666666667, 49.076388888888893 ], [ 8.374166666666667, 49.076388888888893 ], [ 8.348333333333334, 49.004444444444445 ], [ 8.348333333333334, 49.004444444444445 ], [ 8.291666666666666, 48.967777777777776 ], [ 8.291666666666666, 48.967777777777776 ], [ 8.22861111111111, 48.970277777777781 ], [ 8.22861111111111, 48.970277777777781 ], [ 8.2225, 48.975555555555559 ], [ 8.2225, 48.975555555555559 ], [ 8.1975, 48.967777777777776 ], [ 8.1975, 48.967777777777776 ], [ 8.193611111111112, 48.976944444444449 ], [ 8.193611111111112, 48.976944444444449 ], [ 8.17, 48.978888888888889 ], [ 8.17, 48.978888888888889 ], [ 8.169722222222221, 48.975833333333334 ], [ 8.169722222222221, 48.975833333333334 ], [ 8.160277777777779, 48.978333333333332 ], [ 8.160277777777779, 48.978333333333332 ], [ 8.151944444444444, 48.977222222222224 ], [ 8.151944444444444, 48.977222222222224 ], [ 8.136111111111111, 48.979166666666671 ], [ 8.136111111111111, 48.979166666666671 ], [ 8.123611111111112, 48.986111111111114 ], [ 8.123611111111112, 48.986111111111114 ], [ 8.107777777777777, 48.986388888888889 ], [ 8.107777777777777, 48.986388888888889 ], [ 8.104444444444445, 48.988888888888887 ], [ 8.104444444444445, 48.988888888888887 ], [ 8.0875, 48.99 ], [ 8.0875, 48.99 ], [ 8.066666666666666, 49.0 ], [ 8.066666666666666, 49.0 ], [ 8.225, 49.083333333333336 ], [ 8.225, 49.083333333333336 ], [ 8.339722222222223, 49.236111111111114 ] ] ] ] } },
{ "type": "Feature", "properties": { "id": "ED-PFA/5", "minFL": 0, "maxFL": 74 }, "geometry": { "type": "MultiPolygon", "coordinates": [ [ [ [ 7.493333333333333, 49.166666666666664 ], [ 7.384722222222223, 49.040277777777774 ], [ 7.384722222222223, 49.040277777777774 ], [ 7.246666666666667, 48.935 ], [ 7.246666666666667, 48.935 ], [ 6.993055555555555, 49.033888888888889 ], [ 6.993055555555555, 49.033888888888889 ], [ 6.834722222222222, 49.151388888888889 ], [ 6.834722222222222, 49.151388888888889 ], [ 6.85861111111111, 49.174722222222222 ], [ 6.85861111111111, 49.174722222222222 ], [ 6.836666666666666, 49.213055555555556 ], [ 6.836666666666666, 49.213055555555556 ], [ 6.938611111111111, 49.222222222222221 ], [ 6.938611111111111, 49.222222222222221 ], [ 7.034444444444444, 49.190277777777773 ], [ 7.034444444444444, 49.190277777777773 ], [ 7.049444444444444, 49.113611111111112 ], [ 7.049444444444444, 49.113611111111112 ], [ 7.089722222222222, 49.130277777777778 ], [ 7.089722222222222, 49.130277777777778 ], [ 7.08111111111111, 49.146666666666668 ], [ 7.08111111111111, 49.146666666666668 ], [ 7.106666666666666, 49.154722222222219 ], [ 7.106666666666666, 49.154722222222219 ], [ 7.158333333333334, 49.120555555555555 ], [ 7.158333333333334, 49.120555555555555 ], [ 7.293611111111111, 49.115 ], [ 7.293611111111111, 49.115 ], [ 7.361666666666666, 49.143055555555556 ], [ 7.361666666666666, 49.143055555555556 ], [ 7.365277777777777, 49.171388888888885 ], [ 7.365277777777777, 49.171388888888885 ], [ 7.444444444444445, 49.182777777777773 ], [ 7.444444444444445, 49.182777777777773 ], [ 7.493333333333333, 49.166666666666664 ] ] ] ] } },
{ "type": "Feature", "properties": { "id": "ED-PFA/6", "minFL": 95, "maxFL": 244 }, "geometry": { "type": "MultiPolygon", "coordinates": [ [ [ [ 6.573055555555555, 49.642777777777781 ], [ 6.581388888888888, 49.536666666666662 ], [ 6.581388888888888, 49.536666666666662 ], [ 6.592777777777777, 49.394444444444446 ], [ 6.592777777777777, 49.394444444444446 ], [ 6.551111111111111, 49.454722222222223 ], [ 6.551111111111111, 49.454722222222223 ], [ 6.515277777777778, 49.510833333333331 ], [ 6.515277777777778, 49.510833333333331 ], [ 6.4275, 49.635555555555555 ], [ 6.4275, 49.635555555555555 ], [ 6.573055555555555, 49.642777777777781 ] ] ] ] } },
{ "type": "Feature", "properties": { "id": "ED-PFA/7", "minFL": 165, "maxFL": 244 }, "geometry": { "type": "MultiPolygon", "coordinates": [ [ [ [ 6.481666666666666, 49.454722222222223 ], [ 6.551111111111111, 49.454722222222223 ], [ 6.551111111111111, 49.454722222222223 ], [ 6.592777777777777, 49.394444444444446 ], [ 6.592777777777777, 49.394444444444446 ], [ 6.556944444444444, 49.394444444444446 ], [ 6.556944444444444, 49.394444444444446 ], [ 6.5525, 49.399444444444441 ], [ 6.5525, 49.399444444444441 ], [ 6.540555555555556, 49.401388888888889 ], [ 6.540555555555556, 49.401388888888889 ], [ 6.537222222222222, 49.411388888888887 ], [ 6.537222222222222, 49.411388888888887 ], [ 6.548611111111111, 49.4175 ], [ 6.548611111111111, 49.4175 ], [ 6.556666666666667, 49.419166666666662 ], [ 6.556666666666667, 49.419166666666662 ], [ 6.545555555555556, 49.428333333333327 ], [ 6.545555555555556, 49.428333333333327 ], [ 6.541111111111111, 49.434444444444438 ], [ 6.541111111111111, 49.434444444444438 ], [ 6.523333333333333, 49.436388888888885 ], [ 6.523333333333333, 49.436388888888885 ], [ 6.503611111111111, 49.449166666666663 ], [ 6.503611111111111, 49.449166666666663 ], [ 6.487777777777778, 49.451666666666668 ], [ 6.487777777777778, 49.451666666666668 ], [ 6.481666666666666, 49.454722222222223 ] ] ] ] } },
{ "type": "Feature", "properties": { "id": "ED-PSA/1", "minFL": 135, "maxFL": 194 }, "geometry": { "type": "MultiPolygon", "coordinates": [ [ [ [ 9.096944444444444, 50.001111111111108 ], [ 9.244166666666667, 50.003888888888888 ], [ 9.244166666666667, 50.003888888888888 ], [ 9.49861111111111, 50.008611111111108 ], [ 9.49861111111111, 50.008611111111108 ], [ 9.6925, 49.9775 ], [ 9.6925, 49.9775 ], [ 9.704722222222221, 49.924166666666665 ], [ 9.704722222222221, 49.924166666666665 ], [ 9.5375, 49.775555555555556 ], [ 9.5375, 49.775555555555556 ], [ 9.515, 49.755555555555553 ], [ 9.515, 49.755555555555553 ], [ 9.124444444444444, 49.853333333333332 ], [ 9.124444444444444, 49.853333333333332 ], [ 9.131666666666668, 49.93055555555555 ], [ 9.131666666666668, 49.93055555555555 ], [ 9.096944444444444, 50.001111111111108 ] ] ] ] } },
{ "type": "Feature", "properties": { "id": "ED-PSA/2", "minFL": 0, "maxFL": 194 }, "geometry": { "type": "MultiPolygon", "coordinates": [ [ [ [ 9.704722222222221, 49.924166666666665 ], [ 9.697777777777778, 49.779166666666669 ], [ 9.697777777777778, 49.779166666666669 ], [ 9.671388888888888, 49.74861111111111 ], [ 9.671388888888888, 49.74861111111111 ], [ 9.573333333333332, 49.725555555555559 ], [ 9.573333333333332, 49.725555555555559 ], [ 9.515, 49.755555555555553 ], [ 9.515, 49.755555555555553 ], [ 9.5375, 49.775555555555556 ], [ 9.5375, 49.775555555555556 ], [ 9.704722222222221, 49.924166666666665 ] ] ] ] } },
{ "type": "Feature", "properties": { "id": "ED-PSA/3", "minFL": 135, "maxFL": 174 }, "geometry": { "type": "MultiPolygon", "coordinates": [ [ [ [ 9.096944444444444, 50.001111111111108 ], [ 9.131666666666668, 49.93055555555555 ], [ 9.131666666666668, 49.93055555555555 ], [ 9.124444444444444, 49.853333333333332 ], [ 9.124444444444444, 49.853333333333332 ], [ 9.040277777777778, 49.898333333333333 ], [ 9.040277777777778, 49.898333333333333 ], [ 9.096944444444444, 50.001111111111108 ] ] ] ] } },
{ "type": "Feature", "properties": { "id": "ED-REU/1", "minFL": 0, "maxFL": 144 }, "geometry": { "type": "MultiPolygon", "coordinates": [ [ [ [ 10.096944444444444, 48.948611111111106 ], [ 10.16861111111111, 48.903055555555554 ], [ 10.16861111111111, 48.903055555555554 ], [ 10.159722222222223, 48.645833333333336 ], [ 10.159722222222223, 48.645833333333336 ], [ 10.106388888888889, 48.569166666666668 ], [ 10.106388888888889, 48.569166666666668 ], [ 10.072777777777777, 48.52 ], [ 10.072777777777777, 48.52 ], [ 9.965277777777777, 48.363611111111112 ], [ 9.965277777777777, 48.363611111111112 ], [ 9.923611111111111, 48.3025 ], [ 9.923611111111111, 48.3025 ], [ 9.570833333333333, 48.17444444444444 ], [ 9.570833333333333, 48.17444444444444 ], [ 9.55, 48.166666666666664 ], [ 9.55, 48.166666666666664 ], [ 9.1075, 48.166944444444439 ], [ 9.1075, 48.166944444444439 ], [ 8.882777777777779, 48.166666666666664 ], [ 8.882777777777779, 48.166666666666664 ], [ 8.680555555555555, 48.168888888888887 ], [ 8.680555555555555, 48.168888888888887 ], [ 8.321388888888889, 48.17 ], [ 8.321388888888889, 48.17 ], [ 8.2125, 48.148333333333333 ], [ 8.2125, 48.148333333333333 ], [ 7.966666666666667, 48.1 ], [ 7.966666666666667, 48.1 ], [ 8.433333333333334, 48.8 ], [ 8.433333333333334, 48.8 ], [ 8.798611111111111, 48.612777777777779 ], [ 8.798611111111111, 48.612777777777779 ], [ 8.859166666666667, 48.620555555555555 ], [ 8.859166666666667, 48.620555555555555 ], [ 8.93888888888889, 48.630277777777778 ], [ 8.93888888888889, 48.630277777777778 ], [ 9.71361111111111, 48.783333333333331 ], [ 9.71361111111111, 48.783333333333331 ], [ 9.77638888888889, 48.810555555555553 ], [ 9.77638888888889, 48.810555555555553 ], [ 10.096944444444444, 48.948611111111106 ] ] ] ] } },
{ "type": "Feature", "properties": { "id": "ED-REU/2", "minFL": 95, "maxFL": 144 }, "geometry": { "type": "MultiPolygon", "coordinates": [ [ [ [ 7.966666666666667, 48.1 ], [ 7.57, 48.082777777777778 ], [ 7.57, 48.082777777777778 ], [ 7.578888888888889, 48.1 ], [ 7.578888888888889, 48.1 ], [ 7.576944444444444, 48.119722222222222 ], [ 7.576944444444444, 48.119722222222222 ], [ 7.589722222222222, 48.128611111111113 ], [ 7.589722222222222, 48.128611111111113 ], [ 7.599166666666666, 48.136111111111113 ], [ 7.599166666666666, 48.136111111111113 ], [ 7.600277777777777, 48.143333333333331 ], [ 7.600277777777777, 48.143333333333331 ], [ 7.598888888888888, 48.153055555555554 ], [ 7.598888888888888, 48.153055555555554 ], [ 7.609166666666666, 48.165555555555557 ], [ 7.609166666666666, 48.165555555555557 ], [ 7.630277777777779, 48.185277777777777 ], [ 7.630277777777779, 48.185277777777777 ], [ 7.644444444444444, 48.2075 ], [ 7.644444444444444, 48.2075 ], [ 7.664166666666667, 48.219166666666666 ], [ 7.664166666666667, 48.219166666666666 ], [ 7.673888888888889, 48.23972222222222 ], [ 7.673888888888889, 48.23972222222222 ], [ 7.689444444444445, 48.284166666666664 ], [ 7.689444444444445, 48.284166666666664 ], [ 7.689444444444445, 48.295 ], [ 7.689444444444445, 48.295 ], [ 7.695833333333334, 48.303888888888885 ], [ 7.695833333333334, 48.303888888888885 ], [ 7.733055555555556, 48.3175 ], [ 7.733055555555556, 48.3175 ], [ 7.745555555555556, 48.333333333333336 ], [ 7.745555555555556, 48.333333333333336 ], [ 7.731111111111111, 48.380555555555553 ], [ 7.731111111111111, 48.380555555555553 ], [ 7.734722222222222, 48.402222222222221 ], [ 7.734722222222222, 48.402222222222221 ], [ 7.764722222222222, 48.455277777777781 ], [ 7.764722222222222, 48.455277777777781 ], [ 7.766944444444444, 48.486388888888889 ], [ 7.766944444444444, 48.486388888888889 ], [ 7.777222222222222, 48.495555555555555 ], [ 7.777222222222222, 48.495555555555555 ], [ 7.797222222222222, 48.50333333333333 ], [ 7.797222222222222, 48.50333333333333 ], [ 7.806666666666667, 48.522777777777776 ], [ 7.806666666666667, 48.522777777777776 ], [ 7.802777777777778, 48.536388888888887 ], [ 7.802777777777778, 48.536388888888887 ], [ 7.805555555555555, 48.555 ], [ 7.805555555555555, 48.555 ], [ 7.800277777777778, 48.5775 ], [ 7.800277777777778, 48.5775 ], [ 7.805, 48.593055555555559 ], [ 7.805, 48.593055555555559 ], [ 7.830277777777778, 48.62 ], [ 7.830277777777778, 48.62 ], [ 7.839722222222222, 48.641388888888891 ], [ 7.839722222222222, 48.641388888888891 ], [ 7.89, 48.6625 ], [ 7.89, 48.6625 ], [ 7.966666666666667, 48.724722222222226 ], [ 7.966666666666667, 48.724722222222226 ], [ 7.968055555555556, 48.752222222222223 ], [ 7.968055555555556, 48.752222222222223 ], [ 7.974444444444445, 48.759166666666665 ], [ 7.974444444444445, 48.759166666666665 ], [ 7.988333333333333, 48.760555555555555 ], [ 7.988333333333333, 48.760555555555555 ], [ 8.007222222222222, 48.758611111111108 ], [ 8.007222222222222, 48.758611111111108 ], [ 8.02138888888889, 48.766388888888891 ], [ 8.02138888888889, 48.766388888888891 ], [ 8.026111111111112, 48.782777777777774 ], [ 8.026111111111112, 48.782777777777774 ], [ 8.035277777777777, 48.789722222222217 ], [ 8.035277777777777, 48.789722222222217 ], [ 8.051388888888889, 48.789722222222217 ], [ 8.051388888888889, 48.789722222222217 ], [ 8.065, 48.789444444444442 ], [ 8.065, 48.789444444444442 ], [ 8.086111111111112, 48.801388888888887 ], [ 8.086111111111112, 48.801388888888887 ], [ 8.104444444444445, 48.820555555555558 ], [ 8.104444444444445, 48.820555555555558 ], [ 8.117777777777778, 48.858055555555559 ], [ 8.117777777777778, 48.858055555555559 ], [ 8.143611111111111, 48.898333333333333 ], [ 8.143611111111111, 48.898333333333333 ], [ 8.174722222222222, 48.929722222222217 ], [ 8.174722222222222, 48.929722222222217 ], [ 8.194722222222222, 48.955 ], [ 8.194722222222222, 48.955 ], [ 8.233611111111109, 48.966666666666669 ], [ 8.233611111111109, 48.966666666666669 ], [ 8.22861111111111, 48.970277777777781 ], [ 8.22861111111111, 48.970277777777781 ], [ 8.291666666666666, 48.967777777777776 ], [ 8.291666666666666, 48.967777777777776 ], [ 8.436111111111112, 48.916666666666664 ], [ 8.436111111111112, 48.916666666666664 ], [ 8.433333333333334, 48.8 ], [ 8.433333333333334, 48.8 ], [ 7.966666666666667, 48.1 ] ] ] ] } },
{ "type": "Feature", "properties": { "id": "ED-RUD/1", "minFL": 105, "maxFL": 244 }, "geometry": { "type": "MultiPolygon", "coordinates": [ [ [ [ 6.848611111111111, 50.51027777777778 ], [ 6.918055555555556, 50.510833333333331 ], [ 6.918055555555556, 50.510833333333331 ], [ 7.2525, 50.515 ], [ 7.2525, 50.515 ], [ 7.508055555555556, 50.460277777777783 ], [ 7.508055555555556, 50.460277777777783 ], [ 7.566944444444444, 50.369722222222222 ], [ 7.566944444444444, 50.369722222222222 ], [ 7.638888888888888, 50.258611111111108 ], [ 7.638888888888888, 50.258611111111108 ], [ 7.680277777777778, 50.194166666666661 ], [ 7.680277777777778, 50.194166666666661 ], [ 7.686666666666667, 50.043611111111112 ], [ 7.686666666666667, 50.043611111111112 ], [ 7.289444444444444, 50.128888888888888 ], [ 7.289444444444444, 50.128888888888888 ], [ 7.179166666666667, 50.13388888888889 ], [ 7.179166666666667, 50.13388888888889 ], [ 6.9675, 50.141944444444441 ], [ 6.9675, 50.141944444444441 ], [ 6.923888888888889, 50.278611111111111 ], [ 6.923888888888889, 50.278611111111111 ], [ 6.848611111111111, 50.51027777777778 ] ] ] ] } },
{ "type": "Feature", "properties": { "id": "ED-RUD/2", "minFL": 105, "maxFL": 204 }, "geometry": { "type": "MultiPolygon", "coordinates": [ [ [ [ 7.2525, 50.515 ], [ 7.466666666666667, 50.516666666666666 ], [ 7.466666666666667, 50.516666666666666 ], [ 7.508055555555556, 50.460277777777783 ], [ 7.508055555555556, 50.460277777777783 ], [ 7.2525, 50.515 ] ] ] ] } },
{ "type": "Feature", "properties": { "id": "ED-RUD/3", "minFL": 135, "maxFL": 164 }, "geometry": { "type": "MultiPolygon", "coordinates": [ [ [ [ 7.680277777777778, 50.194166666666661 ], [ 7.921944444444445, 50.136111111111113 ], [ 7.921944444444445, 50.136111111111113 ], [ 7.881944444444445, 50.079166666666673 ], [ 7.881944444444445, 50.079166666666673 ], [ 7.686666666666667, 50.043611111111112 ], [ 7.686666666666667, 50.043611111111112 ], [ 7.680277777777778, 50.194166666666661 ] ] ] ] } },
{ "type": "Feature", "properties": { "id": "ED-RUD/4", "minFL": 245, "maxFL": 264 }, "geometry": { "type": "MultiPolygon", "coordinates": [ [ [ [ 6.848611111111111, 50.51027777777778 ], [ 6.918055555555556, 50.510833333333331 ], [ 6.918055555555556, 50.510833333333331 ], [ 6.987777777777778, 50.256666666666668 ], [ 6.987777777777778, 50.256666666666668 ], [ 6.650833333333334, 50.274444444444441 ], [ 6.650833333333334, 50.274444444444441 ], [ 6.815277777777777, 50.505833333333335 ], [ 6.815277777777777, 50.505833333333335 ], [ 6.848611111111111, 50.51027777777778 ] ] ] ] } },
{ "type": "Feature", "properties": { "id": "ED-RUD/5", "minFL": 165, "maxFL": 244 }, "geometry": { "type": "MultiPolygon", "coordinates": [ [ [ [ 6.342777777777777, 50.334166666666668 ], [ 6.384166666666667, 50.4125 ], [ 6.384166666666667, 50.4125 ], [ 6.624722222222223, 50.4725 ], [ 6.624722222222223, 50.4725 ], [ 6.815277777777777, 50.505833333333335 ], [ 6.815277777777777, 50.505833333333335 ], [ 6.848611111111111, 50.51027777777778 ], [ 6.848611111111111, 50.51027777777778 ], [ 6.923888888888889, 50.278611111111111 ], [ 6.923888888888889, 50.278611111111111 ], [ 6.9675, 50.141944444444441 ], [ 6.9675, 50.141944444444441 ], [ 6.867222222222223, 50.146388888888886 ], [ 6.867222222222223, 50.146388888888886 ], [ 6.214444444444444, 50.13 ], [ 6.214444444444444, 50.13 ], [ 6.218055555555556, 50.18138888888889 ], [ 6.218055555555556, 50.18138888888889 ], [ 6.223333333333334, 50.258611111111108 ], [ 6.223333333333334, 50.258611111111108 ], [ 6.223611111111111, 50.260833333333331 ], [ 6.223611111111111, 50.260833333333331 ], [ 6.342777777777777, 50.334166666666668 ] ] ] ] } },
{ "type": "Feature", "properties": { "id": "ED-SIG/1", "minFL": 0, "maxFL": 244 }, "geometry": { "type": "MultiPolygon", "coordinates": [ [ [ [ 8.303055555555556, 50.923611111111107 ], [ 8.357222222222221, 50.87777777777778 ], [ 8.357222222222221, 50.87777777777778 ], [ 8.503055555555555, 50.706666666666671 ], [ 8.503055555555555, 50.706666666666671 ], [ 8.408055555555556, 50.501666666666665 ], [ 8.408055555555556, 50.501666666666665 ], [ 8.302777777777779, 50.498888888888892 ], [ 8.302777777777779, 50.498888888888892 ], [ 8.244444444444444, 50.55972222222222 ], [ 8.244444444444444, 50.55972222222222 ], [ 8.037222222222223, 50.775 ], [ 8.037222222222223, 50.775 ], [ 7.975555555555555, 50.833055555555561 ], [ 7.975555555555555, 50.833055555555561 ], [ 8.135277777777777, 50.8775 ], [ 8.135277777777777, 50.8775 ], [ 8.303055555555556, 50.923611111111107 ], [ 8.135277777777777, 50.8775 ] ] ] ] } },
{ "type": "Feature", "properties": { "id": "ED-SIG/2", "minFL": 0, "maxFL": 74 }, "geometry": { "type": "MultiPolygon", "coordinates": [ [ [ [ 8.037222222222223, 50.775 ], [ 8.244444444444444, 50.55972222222222 ], [ 8.244444444444444, 50.55972222222222 ], [ 8.075, 50.506944444444443 ], [ 8.075, 50.506944444444443 ], [ 7.842777777777777, 50.699444444444438 ], [ 7.842777777777777, 50.699444444444438 ], [ 8.037222222222223, 50.775 ], [ 7.842777777777777, 50.699444444444438 ] ] ] ] } },
{ "type": "Feature", "properties": { "id": "ED-SIG/3", "minFL": 135, "maxFL": 244 }, "geometry": { "type": "MultiPolygon", "coordinates": [ [ [ [ 8.303055555555556, 50.923611111111107 ], [ 8.135277777777777, 50.8775 ], [ 8.135277777777777, 50.8775 ], [ 8.068888888888889, 50.913055555555552 ], [ 8.068888888888889, 50.913055555555552 ], [ 8.303055555555556, 50.923611111111107 ], [ 8.068888888888889, 50.913055555555552 ] ] ] ] } },
{ "type": "Feature", "properties": { "id": "ED-SIG/4", "minFL": 145, "maxFL": 244 }, "geometry": { "type": "MultiPolygon", "coordinates": [ [ [ [ 7.829166666666667, 51.132222222222225 ], [ 8.01888888888889, 50.959166666666668 ], [ 8.01888888888889, 50.959166666666668 ], [ 8.068888888888889, 50.913055555555552 ], [ 8.068888888888889, 50.913055555555552 ], [ 8.135277777777777, 50.8775 ], [ 8.135277777777777, 50.8775 ], [ 7.975555555555555, 50.833055555555561 ], [ 7.975555555555555, 50.833055555555561 ], [ 8.037222222222223, 50.775 ], [ 8.037222222222223, 50.775 ], [ 7.842777777777777, 50.699444444444438 ], [ 7.842777777777777, 50.699444444444438 ], [ 7.55, 51.063888888888883 ], [ 7.55, 51.063888888888883 ], [ 7.356111111111111, 51.111666666666665 ], [ 7.356111111111111, 51.111666666666665 ], [ 7.515833333333333, 51.116944444444442 ], [ 7.515833333333333, 51.116944444444442 ], [ 7.766666666666667, 51.124722222222225 ], [ 7.766666666666667, 51.124722222222225 ], [ 7.829166666666667, 51.132222222222225 ], [ 7.766666666666667, 51.124722222222225 ] ] ] ] } },
{ "type": "Feature", "properties": { "id": "ED-SIG/5", "minFL": 175, "maxFL": 244 }, "geometry": { "type": "MultiPolygon", "coordinates": [ [ [ [ 8.503055555555555, 50.706666666666671 ], [ 8.715833333333332, 50.453888888888891 ], [ 8.715833333333332, 50.453888888888891 ], [ 8.736944444444443, 50.401666666666664 ], [ 8.736944444444443, 50.401666666666664 ], [ 8.830555555555556, 50.166666666666664 ], [ 8.830555555555556, 50.166666666666664 ], [ 8.783333333333333, 50.133333333333333 ], [ 8.783333333333333, 50.133333333333333 ], [ 8.656666666666666, 50.125833333333333 ], [ 8.656666666666666, 50.125833333333333 ], [ 8.448611111111111, 50.346111111111114 ], [ 8.448611111111111, 50.346111111111114 ], [ 8.373611111111112, 50.425 ], [ 8.373611111111112, 50.425 ], [ 8.302777777777779, 50.498888888888892 ], [ 8.302777777777779, 50.498888888888892 ], [ 8.408055555555556, 50.501666666666665 ], [ 8.408055555555556, 50.501666666666665 ], [ 8.503055555555555, 50.706666666666671 ], [ 8.408055555555556, 50.501666666666665 ] ] ] ] } },
{ "type": "Feature", "properties": { "id": "ED-SIG/6", "minFL": 225, "maxFL": 244 }, "geometry": { "type": "MultiPolygon", "coordinates": [ [ [ [ 8.037222222222223, 50.775 ], [ 8.244444444444444, 50.55972222222222 ], [ 8.244444444444444, 50.55972222222222 ], [ 8.075, 50.506944444444443 ], [ 8.075, 50.506944444444443 ], [ 7.842777777777777, 50.699444444444438 ], [ 7.842777777777777, 50.699444444444438 ], [ 8.037222222222223, 50.775 ], [ 7.842777777777777, 50.699444444444438 ] ] ] ] } },
{ "type": "Feature", "properties": { "id": "ED-SLN1", "minFL": 245, "maxFL": 354 }, "geometry": { "type": "MultiPolygon", "coordinates": [ [ [ [ 8.493333333333332, 49.904444444444444 ], [ 9.186944444444444, 49.55555555555555 ], [ 9.186944444444444, 49.55555555555555 ], [ 9.110555555555555, 49.365 ], [ 9.110555555555555, 49.365 ], [ 8.816111111111113, 48.665555555555557 ], [ 8.816111111111113, 48.665555555555557 ], [ 8.616666666666667, 47.833333333333336 ], [ 8.616666666666667, 47.833333333333336 ], [ 8.295833333333333, 47.833333333333336 ], [ 8.295833333333333, 47.833333333333336 ], [ 7.590555555555556, 48.015 ], [ 7.590555555555556, 48.015 ], [ 7.578333333333333, 48.024722222222223 ], [ 7.578333333333333, 48.024722222222223 ], [ 7.572777777777778, 48.029166666666669 ], [ 7.572777777777778, 48.029166666666669 ], [ 7.570555555555555, 48.031944444444441 ], [ 7.570555555555555, 48.031944444444441 ], [ 7.570277777777777, 48.0325 ], [ 7.570277777777777, 48.0325 ], [ 7.57, 48.033055555555556 ], [ 7.57, 48.033055555555556 ], [ 7.569722222222222, 48.033888888888889 ], [ 7.569722222222222, 48.033888888888889 ], [ 7.569444444444445, 48.035277777777779 ], [ 7.569444444444445, 48.035277777777779 ], [ 7.569444444444445, 48.036111111111111 ], [ 7.569444444444445, 48.036111111111111 ], [ 7.569444444444445, 48.0375 ], [ 7.569444444444445, 48.0375 ], [ 7.569722222222222, 48.038333333333334 ], [ 7.569722222222222, 48.038333333333334 ], [ 7.570833333333333, 48.040833333333332 ], [ 7.570833333333333, 48.040833333333332 ], [ 7.571388888888889, 48.0425 ], [ 7.571388888888889, 48.0425 ], [ 7.572222222222222, 48.044722222222219 ], [ 7.572222222222222, 48.044722222222219 ], [ 7.573055555555555, 48.046666666666667 ], [ 7.573055555555555, 48.046666666666667 ], [ 7.573888888888889, 48.050277777777772 ], [ 7.573888888888889, 48.050277777777772 ], [ 7.574166666666667, 48.051111111111105 ], [ 7.574166666666667, 48.051111111111105 ], [ 7.574166666666667, 48.051944444444445 ], [ 7.574166666666667, 48.051944444444445 ], [ 7.574166666666667, 48.053333333333327 ], [ 7.574166666666667, 48.053333333333327 ], [ 7.574166666666667, 48.05555555555555 ], [ 7.574166666666667, 48.05555555555555 ], [ 7.573888888888889, 48.0575 ], [ 7.573888888888889, 48.0575 ], [ 7.573055555555555, 48.06166666666666 ], [ 7.573055555555555, 48.06166666666666 ], [ 7.570555555555555, 48.071944444444448 ], [ 7.570555555555555, 48.071944444444448 ], [ 7.569444444444445, 48.077222222222225 ], [ 7.569444444444445, 48.077222222222225 ], [ 7.569166666666667, 48.079722222222223 ], [ 7.569166666666667, 48.079722222222223 ], [ 7.57, 48.082777777777778 ], [ 7.57, 48.082777777777778 ], [ 7.578888888888889, 48.1 ], [ 7.578888888888889, 48.1 ], [ 7.576944444444444, 48.119722222222222 ], [ 7.576944444444444, 48.119722222222222 ], [ 7.589722222222222, 48.128611111111113 ], [ 7.589722222222222, 48.128611111111113 ], [ 7.599166666666666, 48.136111111111113 ], [ 7.599166666666666, 48.136111111111113 ], [ 7.600277777777777, 48.143333333333331 ], [ 7.600277777777777, 48.143333333333331 ], [ 7.598888888888888, 48.153055555555554 ], [ 7.598888888888888, 48.153055555555554 ], [ 7.609166666666666, 48.165555555555557 ], [ 7.609166666666666, 48.165555555555557 ], [ 7.630277777777779, 48.185277777777777 ], [ 7.630277777777779, 48.185277777777777 ], [ 7.644444444444444, 48.2075 ], [ 7.644444444444444, 48.2075 ], [ 7.664166666666667, 48.219166666666666 ], [ 7.664166666666667, 48.219166666666666 ], [ 7.673888888888889, 48.23972222222222 ], [ 7.673888888888889, 48.23972222222222 ], [ 7.689444444444445, 48.284166666666664 ], [ 7.689444444444445, 48.284166666666664 ], [ 7.689444444444445, 48.295 ], [ 7.689444444444445, 48.295 ], [ 7.695833333333334, 48.303888888888885 ], [ 7.695833333333334, 48.303888888888885 ], [ 7.733055555555556, 48.3175 ], [ 7.733055555555556, 48.3175 ], [ 7.745555555555556, 48.333333333333336 ], [ 7.745555555555556, 48.333333333333336 ], [ 7.731111111111111, 48.380555555555553 ], [ 7.731111111111111, 48.380555555555553 ], [ 7.734722222222222, 48.402222222222221 ], [ 7.734722222222222, 48.402222222222221 ], [ 7.764722222222222, 48.455277777777781 ], [ 7.764722222222222, 48.455277777777781 ], [ 7.766944444444444, 48.486388888888889 ], [ 7.766944444444444, 48.486388888888889 ], [ 7.777222222222222, 48.495555555555555 ], [ 7.777222222222222, 48.495555555555555 ], [ 7.797222222222222, 48.50333333333333 ], [ 7.797222222222222, 48.50333333333333 ], [ 7.806666666666667, 48.522777777777776 ], [ 7.806666666666667, 48.522777777777776 ], [ 7.802777777777778, 48.536388888888887 ], [ 7.802777777777778, 48.536388888888887 ], [ 7.805555555555555, 48.555 ], [ 7.805555555555555, 48.555 ], [ 7.800277777777778, 48.5775 ], [ 7.800277777777778, 48.5775 ], [ 7.805, 48.593055555555559 ], [ 7.805, 48.593055555555559 ], [ 7.830277777777778, 48.62 ], [ 7.830277777777778, 48.62 ], [ 7.839722222222222, 48.641388888888891 ], [ 7.839722222222222, 48.641388888888891 ], [ 7.89, 48.6625 ], [ 7.89, 48.6625 ], [ 7.966666666666667, 48.724722222222226 ], [ 7.966666666666667, 48.724722222222226 ], [ 7.968055555555556, 48.752222222222223 ], [ 7.968055555555556, 48.752222222222223 ], [ 7.974444444444445, 48.759166666666665 ], [ 7.974444444444445, 48.759166666666665 ], [ 7.988333333333333, 48.760555555555555 ], [ 7.988333333333333, 48.760555555555555 ], [ 8.007222222222222, 48.758611111111108 ], [ 8.007222222222222, 48.758611111111108 ], [ 8.02138888888889, 48.766388888888891 ], [ 8.02138888888889, 48.766388888888891 ], [ 8.026111111111112, 48.782777777777774 ], [ 8.026111111111112, 48.782777777777774 ], [ 8.035277777777777, 48.789722222222217 ], [ 8.035277777777777, 48.789722222222217 ], [ 8.051388888888889, 48.789722222222217 ], [ 8.051388888888889, 48.789722222222217 ], [ 8.065, 48.789444444444442 ], [ 8.065, 48.789444444444442 ], [ 8.086111111111112, 48.801388888888887 ], [ 8.086111111111112, 48.801388888888887 ], [ 8.104444444444445, 48.820555555555558 ], [ 8.104444444444445, 48.820555555555558 ], [ 8.117777777777778, 48.858055555555559 ], [ 8.117777777777778, 48.858055555555559 ], [ 8.143611111111111, 48.898333333333333 ], [ 8.143611111111111, 48.898333333333333 ], [ 8.174722222222222, 48.929722222222217 ], [ 8.174722222222222, 48.929722222222217 ], [ 8.194722222222222, 48.955 ], [ 8.194722222222222, 48.955 ], [ 8.233611111111109, 48.966666666666669 ], [ 8.233611111111109, 48.966666666666669 ], [ 8.22861111111111, 48.970277777777781 ], [ 8.22861111111111, 48.970277777777781 ], [ 8.2225, 48.975555555555559 ], [ 8.2225, 48.975555555555559 ], [ 8.1975, 48.967777777777776 ], [ 8.1975, 48.967777777777776 ], [ 8.193611111111112, 48.976944444444449 ], [ 8.193611111111112, 48.976944444444449 ], [ 8.17, 48.978888888888889 ], [ 8.17, 48.978888888888889 ], [ 8.169722222222221, 48.975833333333334 ], [ 8.169722222222221, 48.975833333333334 ], [ 8.160277777777779, 48.978333333333332 ], [ 8.160277777777779, 48.978333333333332 ], [ 8.151944444444444, 48.977222222222224 ], [ 8.151944444444444, 48.977222222222224 ], [ 8.136111111111111, 48.979166666666671 ], [ 8.136111111111111, 48.979166666666671 ], [ 8.123611111111112, 48.986111111111114 ], [ 8.123611111111112, 48.986111111111114 ], [ 8.107777777777777, 48.986388888888889 ], [ 8.107777777777777, 48.986388888888889 ], [ 8.104444444444445, 48.988888888888887 ], [ 8.104444444444445, 48.988888888888887 ], [ 8.0875, 48.99 ], [ 8.0875, 48.99 ], [ 8.049444444444445, 49.014166666666668 ], [ 8.049444444444445, 49.014166666666668 ], [ 8.021666666666668, 49.018055555555556 ], [ 8.021666666666668, 49.018055555555556 ], [ 8.01888888888889, 49.020833333333336 ], [ 8.01888888888889, 49.020833333333336 ], [ 8.014166666666666, 49.020833333333336 ], [ 8.014166666666666, 49.020833333333336 ], [ 8.011388888888888, 49.024444444444441 ], [ 8.011388888888888, 49.024444444444441 ], [ 7.994166666666667, 49.028611111111111 ], [ 7.994166666666667, 49.028611111111111 ], [ 7.974722222222223, 49.026388888888889 ], [ 7.974722222222223, 49.026388888888889 ], [ 7.945833333333334, 49.055277777777775 ], [ 7.945833333333334, 49.055277777777775 ], [ 7.931388888888889, 49.057777777777773 ], [ 7.931388888888889, 49.057777777777773 ], [ 7.9125, 49.041111111111107 ], [ 7.9125, 49.041111111111107 ], [ 7.867222222222223, 49.033333333333331 ], [ 7.867222222222223, 49.033333333333331 ], [ 7.835277777777778, 49.047222222222217 ], [ 7.835277777777778, 49.047222222222217 ], [ 8.212777777777777, 49.740833333333335 ], [ 8.212777777777777, 49.740833333333335 ], [ 8.493333333333332, 49.904444444444444 ] ] ] ] } },
{ "type": "Feature", "properties": { "id": "ED-SLN2", "minFL": 355, "maxFL": 374 }, "geometry": { "type": "MultiPolygon", "coordinates": [ [ [ [ 8.493333333333332, 49.904444444444444 ], [ 9.186944444444444, 49.55555555555555 ], [ 9.186944444444444, 49.55555555555555 ], [ 9.110555555555555, 49.365 ], [ 9.110555555555555, 49.365 ], [ 8.816111111111113, 48.665555555555557 ], [ 8.816111111111113, 48.665555555555557 ], [ 8.616666666666667, 47.833333333333336 ], [ 8.616666666666667, 47.833333333333336 ], [ 8.295833333333333, 47.833333333333336 ], [ 8.295833333333333, 47.833333333333336 ], [ 7.590555555555556, 48.015 ], [ 7.590555555555556, 48.015 ], [ 7.578333333333333, 48.024722222222223 ], [ 7.578333333333333, 48.024722222222223 ], [ 7.572777777777778, 48.029166666666669 ], [ 7.572777777777778, 48.029166666666669 ], [ 7.570555555555555, 48.031944444444441 ], [ 7.570555555555555, 48.031944444444441 ], [ 7.570277777777777, 48.0325 ], [ 7.570277777777777, 48.0325 ], [ 7.57, 48.033055555555556 ], [ 7.57, 48.033055555555556 ], [ 7.569722222222222, 48.033888888888889 ], [ 7.569722222222222, 48.033888888888889 ], [ 7.569444444444445, 48.035277777777779 ], [ 7.569444444444445, 48.035277777777779 ], [ 7.569444444444445, 48.036111111111111 ], [ 7.569444444444445, 48.036111111111111 ], [ 7.569444444444445, 48.0375 ], [ 7.569444444444445, 48.0375 ], [ 7.569722222222222, 48.038333333333334 ], [ 7.569722222222222, 48.038333333333334 ], [ 7.570833333333333, 48.040833333333332 ], [ 7.570833333333333, 48.040833333333332 ], [ 7.571388888888889, 48.0425 ], [ 7.571388888888889, 48.0425 ], [ 7.572222222222222, 48.044722222222219 ], [ 7.572222222222222, 48.044722222222219 ], [ 7.573055555555555, 48.046666666666667 ], [ 7.573055555555555, 48.046666666666667 ], [ 7.573888888888889, 48.050277777777772 ], [ 7.573888888888889, 48.050277777777772 ], [ 7.574166666666667, 48.051111111111105 ], [ 7.574166666666667, 48.051111111111105 ], [ 7.574166666666667, 48.051944444444445 ], [ 7.574166666666667, 48.051944444444445 ], [ 7.574166666666667, 48.053333333333327 ], [ 7.574166666666667, 48.053333333333327 ], [ 7.574166666666667, 48.05555555555555 ], [ 7.574166666666667, 48.05555555555555 ], [ 7.573888888888889, 48.0575 ], [ 7.573888888888889, 48.0575 ], [ 7.573055555555555, 48.06166666666666 ], [ 7.573055555555555, 48.06166666666666 ], [ 7.570555555555555, 48.071944444444448 ], [ 7.570555555555555, 48.071944444444448 ], [ 7.569444444444445, 48.077222222222225 ], [ 7.569444444444445, 48.077222222222225 ], [ 7.569166666666667, 48.079722222222223 ], [ 7.569166666666667, 48.079722222222223 ], [ 7.57, 48.082777777777778 ], [ 7.57, 48.082777777777778 ], [ 7.578888888888889, 48.1 ], [ 7.578888888888889, 48.1 ], [ 7.576944444444444, 48.119722222222222 ], [ 7.576944444444444, 48.119722222222222 ], [ 7.589722222222222, 48.128611111111113 ], [ 7.589722222222222, 48.128611111111113 ], [ 7.599166666666666, 48.136111111111113 ], [ 7.599166666666666, 48.136111111111113 ], [ 7.600277777777777, 48.143333333333331 ], [ 7.600277777777777, 48.143333333333331 ], [ 7.598888888888888, 48.153055555555554 ], [ 7.598888888888888, 48.153055555555554 ], [ 7.609166666666666, 48.165555555555557 ], [ 7.609166666666666, 48.165555555555557 ], [ 7.630277777777779, 48.185277777777777 ], [ 7.630277777777779, 48.185277777777777 ], [ 7.644444444444444, 48.2075 ], [ 7.644444444444444, 48.2075 ], [ 7.664166666666667, 48.219166666666666 ], [ 7.664166666666667, 48.219166666666666 ], [ 7.673888888888889, 48.23972222222222 ], [ 7.673888888888889, 48.23972222222222 ], [ 7.689444444444445, 48.284166666666664 ], [ 7.689444444444445, 48.284166666666664 ], [ 7.689444444444445, 48.295 ], [ 7.689444444444445, 48.295 ], [ 7.695833333333334, 48.303888888888885 ], [ 7.695833333333334, 48.303888888888885 ], [ 7.733055555555556, 48.3175 ], [ 7.733055555555556, 48.3175 ], [ 7.745555555555556, 48.333333333333336 ], [ 7.745555555555556, 48.333333333333336 ], [ 7.731111111111111, 48.380555555555553 ], [ 7.731111111111111, 48.380555555555553 ], [ 7.734722222222222, 48.402222222222221 ], [ 7.734722222222222, 48.402222222222221 ], [ 7.764722222222222, 48.455277777777781 ], [ 7.764722222222222, 48.455277777777781 ], [ 7.766944444444444, 48.486388888888889 ], [ 7.766944444444444, 48.486388888888889 ], [ 7.777222222222222, 48.495555555555555 ], [ 7.777222222222222, 48.495555555555555 ], [ 7.797222222222222, 48.50333333333333 ], [ 7.797222222222222, 48.50333333333333 ], [ 7.806666666666667, 48.522777777777776 ], [ 7.806666666666667, 48.522777777777776 ], [ 7.802777777777778, 48.536388888888887 ], [ 7.802777777777778, 48.536388888888887 ], [ 7.805555555555555, 48.555 ], [ 7.805555555555555, 48.555 ], [ 7.800277777777778, 48.5775 ], [ 7.800277777777778, 48.5775 ], [ 7.805, 48.593055555555559 ], [ 7.805, 48.593055555555559 ], [ 7.830277777777778, 48.62 ], [ 7.830277777777778, 48.62 ], [ 7.839722222222222, 48.641388888888891 ], [ 7.839722222222222, 48.641388888888891 ], [ 7.89, 48.6625 ], [ 7.89, 48.6625 ], [ 7.966666666666667, 48.724722222222226 ], [ 7.966666666666667, 48.724722222222226 ], [ 7.968055555555556, 48.752222222222223 ], [ 7.968055555555556, 48.752222222222223 ], [ 7.974444444444445, 48.759166666666665 ], [ 7.974444444444445, 48.759166666666665 ], [ 7.988333333333333, 48.760555555555555 ], [ 7.988333333333333, 48.760555555555555 ], [ 8.007222222222222, 48.758611111111108 ], [ 8.007222222222222, 48.758611111111108 ], [ 8.02138888888889, 48.766388888888891 ], [ 8.02138888888889, 48.766388888888891 ], [ 8.026111111111112, 48.782777777777774 ], [ 8.026111111111112, 48.782777777777774 ], [ 8.035277777777777, 48.789722222222217 ], [ 8.035277777777777, 48.789722222222217 ], [ 8.051388888888889, 48.789722222222217 ], [ 8.051388888888889, 48.789722222222217 ], [ 8.065, 48.789444444444442 ], [ 8.065, 48.789444444444442 ], [ 8.086111111111112, 48.801388888888887 ], [ 8.086111111111112, 48.801388888888887 ], [ 8.104444444444445, 48.820555555555558 ], [ 8.104444444444445, 48.820555555555558 ], [ 8.117777777777778, 48.858055555555559 ], [ 8.117777777777778, 48.858055555555559 ], [ 8.143611111111111, 48.898333333333333 ], [ 8.143611111111111, 48.898333333333333 ], [ 8.174722222222222, 48.929722222222217 ], [ 8.174722222222222, 48.929722222222217 ], [ 8.194722222222222, 48.955 ], [ 8.194722222222222, 48.955 ], [ 8.233611111111109, 48.966666666666669 ], [ 8.233611111111109, 48.966666666666669 ], [ 8.22861111111111, 48.970277777777781 ], [ 8.22861111111111, 48.970277777777781 ], [ 8.2225, 48.975555555555559 ], [ 8.2225, 48.975555555555559 ], [ 8.1975, 48.967777777777776 ], [ 8.1975, 48.967777777777776 ], [ 8.193611111111112, 48.976944444444449 ], [ 8.193611111111112, 48.976944444444449 ], [ 8.17, 48.978888888888889 ], [ 8.17, 48.978888888888889 ], [ 8.169722222222221, 48.975833333333334 ], [ 8.169722222222221, 48.975833333333334 ], [ 8.160277777777779, 48.978333333333332 ], [ 8.160277777777779, 48.978333333333332 ], [ 8.151944444444444, 48.977222222222224 ], [ 8.151944444444444, 48.977222222222224 ], [ 8.136111111111111, 48.979166666666671 ], [ 8.136111111111111, 48.979166666666671 ], [ 8.123611111111112, 48.986111111111114 ], [ 8.123611111111112, 48.986111111111114 ], [ 8.107777777777777, 48.986388888888889 ], [ 8.107777777777777, 48.986388888888889 ], [ 8.104444444444445, 48.988888888888887 ], [ 8.104444444444445, 48.988888888888887 ], [ 8.0875, 48.99 ], [ 8.0875, 48.99 ], [ 8.049444444444445, 49.014166666666668 ], [ 8.049444444444445, 49.014166666666668 ], [ 8.021666666666668, 49.018055555555556 ], [ 8.021666666666668, 49.018055555555556 ], [ 8.01888888888889, 49.020833333333336 ], [ 8.01888888888889, 49.020833333333336 ], [ 8.014166666666666, 49.020833333333336 ], [ 8.014166666666666, 49.020833333333336 ], [ 8.011388888888888, 49.024444444444441 ], [ 8.011388888888888, 49.024444444444441 ], [ 7.994166666666667, 49.028611111111111 ], [ 7.994166666666667, 49.028611111111111 ], [ 7.974722222222223, 49.026388888888889 ], [ 7.974722222222223, 49.026388888888889 ], [ 7.945833333333334, 49.055277777777775 ], [ 7.945833333333334, 49.055277777777775 ], [ 7.931388888888889, 49.057777777777773 ], [ 7.931388888888889, 49.057777777777773 ], [ 7.9125, 49.041111111111107 ], [ 7.9125, 49.041111111111107 ], [ 7.867222222222223, 49.033333333333331 ], [ 7.867222222222223, 49.033333333333331 ], [ 7.835277777777778, 49.047222222222217 ], [ 7.835277777777778, 49.047222222222217 ], [ 8.212777777777777, 49.740833333333335 ], [ 8.212777777777777, 49.740833333333335 ], [ 8.493333333333332, 49.904444444444444 ] ] ] ] } },
{ "type": "Feature", "properties": { "id": "ED-SLN3", "minFL": 375, "maxFL": 660 }, "geometry": { "type": "MultiPolygon", "coordinates": [ [ [ [ 8.493333333333332, 49.904444444444444 ], [ 9.186944444444444, 49.55555555555555 ], [ 9.186944444444444, 49.55555555555555 ], [ 9.110555555555555, 49.365 ], [ 9.110555555555555, 49.365 ], [ 8.816111111111113, 48.665555555555557 ], [ 8.816111111111113, 48.665555555555557 ], [ 8.616666666666667, 47.833333333333336 ], [ 8.616666666666667, 47.833333333333336 ], [ 8.295833333333333, 47.833333333333336 ], [ 8.295833333333333, 47.833333333333336 ], [ 7.590555555555556, 48.015 ], [ 7.590555555555556, 48.015 ], [ 7.578333333333333, 48.024722222222223 ], [ 7.578333333333333, 48.024722222222223 ], [ 7.572777777777778, 48.029166666666669 ], [ 7.572777777777778, 48.029166666666669 ], [ 7.570555555555555, 48.031944444444441 ], [ 7.570555555555555, 48.031944444444441 ], [ 7.570277777777777, 48.0325 ], [ 7.570277777777777, 48.0325 ], [ 7.57, 48.033055555555556 ], [ 7.57, 48.033055555555556 ], [ 7.569722222222222, 48.033888888888889 ], [ 7.569722222222222, 48.033888888888889 ], [ 7.569444444444445, 48.035277777777779 ], [ 7.569444444444445, 48.035277777777779 ], [ 7.569444444444445, 48.036111111111111 ], [ 7.569444444444445, 48.036111111111111 ], [ 7.569444444444445, 48.0375 ], [ 7.569444444444445, 48.0375 ], [ 7.569722222222222, 48.038333333333334 ], [ 7.569722222222222, 48.038333333333334 ], [ 7.570833333333333, 48.040833333333332 ], [ 7.570833333333333, 48.040833333333332 ], [ 7.571388888888889, 48.0425 ], [ 7.571388888888889, 48.0425 ], [ 7.572222222222222, 48.044722222222219 ], [ 7.572222222222222, 48.044722222222219 ], [ 7.573055555555555, 48.046666666666667 ], [ 7.573055555555555, 48.046666666666667 ], [ 7.573888888888889, 48.050277777777772 ], [ 7.573888888888889, 48.050277777777772 ], [ 7.574166666666667, 48.051111111111105 ], [ 7.574166666666667, 48.051111111111105 ], [ 7.574166666666667, 48.051944444444445 ], [ 7.574166666666667, 48.051944444444445 ], [ 7.574166666666667, 48.053333333333327 ], [ 7.574166666666667, 48.053333333333327 ], [ 7.574166666666667, 48.05555555555555 ], [ 7.574166666666667, 48.05555555555555 ], [ 7.573888888888889, 48.0575 ], [ 7.573888888888889, 48.0575 ], [ 7.573055555555555, 48.06166666666666 ], [ 7.573055555555555, 48.06166666666666 ], [ 7.570555555555555, 48.071944444444448 ], [ 7.570555555555555, 48.071944444444448 ], [ 7.569444444444445, 48.077222222222225 ], [ 7.569444444444445, 48.077222222222225 ], [ 7.569166666666667, 48.079722222222223 ], [ 7.569166666666667, 48.079722222222223 ], [ 7.57, 48.082777777777778 ], [ 7.57, 48.082777777777778 ], [ 7.578888888888889, 48.1 ], [ 7.578888888888889, 48.1 ], [ 7.576944444444444, 48.119722222222222 ], [ 7.576944444444444, 48.119722222222222 ], [ 7.589722222222222, 48.128611111111113 ], [ 7.589722222222222, 48.128611111111113 ], [ 7.599166666666666, 48.136111111111113 ], [ 7.599166666666666, 48.136111111111113 ], [ 7.600277777777777, 48.143333333333331 ], [ 7.600277777777777, 48.143333333333331 ], [ 7.598888888888888, 48.153055555555554 ], [ 7.598888888888888, 48.153055555555554 ], [ 7.609166666666666, 48.165555555555557 ], [ 7.609166666666666, 48.165555555555557 ], [ 7.630277777777779, 48.185277777777777 ], [ 7.630277777777779, 48.185277777777777 ], [ 7.644444444444444, 48.2075 ], [ 7.644444444444444, 48.2075 ], [ 7.664166666666667, 48.219166666666666 ], [ 7.664166666666667, 48.219166666666666 ], [ 7.673888888888889, 48.23972222222222 ], [ 7.673888888888889, 48.23972222222222 ], [ 7.689444444444445, 48.284166666666664 ], [ 7.689444444444445, 48.284166666666664 ], [ 7.689444444444445, 48.295 ], [ 7.689444444444445, 48.295 ], [ 7.695833333333334, 48.303888888888885 ], [ 7.695833333333334, 48.303888888888885 ], [ 7.733055555555556, 48.3175 ], [ 7.733055555555556, 48.3175 ], [ 7.745555555555556, 48.333333333333336 ], [ 7.745555555555556, 48.333333333333336 ], [ 7.731111111111111, 48.380555555555553 ], [ 7.731111111111111, 48.380555555555553 ], [ 7.734722222222222, 48.402222222222221 ], [ 7.734722222222222, 48.402222222222221 ], [ 7.764722222222222, 48.455277777777781 ], [ 7.764722222222222, 48.455277777777781 ], [ 7.766944444444444, 48.486388888888889 ], [ 7.766944444444444, 48.486388888888889 ], [ 7.777222222222222, 48.495555555555555 ], [ 7.777222222222222, 48.495555555555555 ], [ 7.797222222222222, 48.50333333333333 ], [ 7.797222222222222, 48.50333333333333 ], [ 7.806666666666667, 48.522777777777776 ], [ 7.806666666666667, 48.522777777777776 ], [ 7.802777777777778, 48.536388888888887 ], [ 7.802777777777778, 48.536388888888887 ], [ 7.805555555555555, 48.555 ], [ 7.805555555555555, 48.555 ], [ 7.800277777777778, 48.5775 ], [ 7.800277777777778, 48.5775 ], [ 7.805, 48.593055555555559 ], [ 7.805, 48.593055555555559 ], [ 7.830277777777778, 48.62 ], [ 7.830277777777778, 48.62 ], [ 7.839722222222222, 48.641388888888891 ], [ 7.839722222222222, 48.641388888888891 ], [ 7.89, 48.6625 ], [ 7.89, 48.6625 ], [ 7.966666666666667, 48.724722222222226 ], [ 7.966666666666667, 48.724722222222226 ], [ 7.968055555555556, 48.752222222222223 ], [ 7.968055555555556, 48.752222222222223 ], [ 7.974444444444445, 48.759166666666665 ], [ 7.974444444444445, 48.759166666666665 ], [ 7.988333333333333, 48.760555555555555 ], [ 7.988333333333333, 48.760555555555555 ], [ 8.007222222222222, 48.758611111111108 ], [ 8.007222222222222, 48.758611111111108 ], [ 8.02138888888889, 48.766388888888891 ], [ 8.02138888888889, 48.766388888888891 ], [ 8.026111111111112, 48.782777777777774 ], [ 8.026111111111112, 48.782777777777774 ], [ 8.035277777777777, 48.789722222222217 ], [ 8.035277777777777, 48.789722222222217 ], [ 8.051388888888889, 48.789722222222217 ], [ 8.051388888888889, 48.789722222222217 ], [ 8.065, 48.789444444444442 ], [ 8.065, 48.789444444444442 ], [ 8.086111111111112, 48.801388888888887 ], [ 8.086111111111112, 48.801388888888887 ], [ 8.104444444444445, 48.820555555555558 ], [ 8.104444444444445, 48.820555555555558 ], [ 8.117777777777778, 48.858055555555559 ], [ 8.117777777777778, 48.858055555555559 ], [ 8.143611111111111, 48.898333333333333 ], [ 8.143611111111111, 48.898333333333333 ], [ 8.174722222222222, 48.929722222222217 ], [ 8.174722222222222, 48.929722222222217 ], [ 8.194722222222222, 48.955 ], [ 8.194722222222222, 48.955 ], [ 8.233611111111109, 48.966666666666669 ], [ 8.233611111111109, 48.966666666666669 ], [ 8.22861111111111, 48.970277777777781 ], [ 8.22861111111111, 48.970277777777781 ], [ 8.2225, 48.975555555555559 ], [ 8.2225, 48.975555555555559 ], [ 8.1975, 48.967777777777776 ], [ 8.1975, 48.967777777777776 ], [ 8.193611111111112, 48.976944444444449 ], [ 8.193611111111112, 48.976944444444449 ], [ 8.17, 48.978888888888889 ], [ 8.17, 48.978888888888889 ], [ 8.169722222222221, 48.975833333333334 ], [ 8.169722222222221, 48.975833333333334 ], [ 8.160277777777779, 48.978333333333332 ], [ 8.160277777777779, 48.978333333333332 ], [ 8.151944444444444, 48.977222222222224 ], [ 8.151944444444444, 48.977222222222224 ], [ 8.136111111111111, 48.979166666666671 ], [ 8.136111111111111, 48.979166666666671 ], [ 8.123611111111112, 48.986111111111114 ], [ 8.123611111111112, 48.986111111111114 ], [ 8.107777777777777, 48.986388888888889 ], [ 8.107777777777777, 48.986388888888889 ], [ 8.104444444444445, 48.988888888888887 ], [ 8.104444444444445, 48.988888888888887 ], [ 8.0875, 48.99 ], [ 8.0875, 48.99 ], [ 8.049444444444445, 49.014166666666668 ], [ 8.049444444444445, 49.014166666666668 ], [ 8.021666666666668, 49.018055555555556 ], [ 8.021666666666668, 49.018055555555556 ], [ 8.01888888888889, 49.020833333333336 ], [ 8.01888888888889, 49.020833333333336 ], [ 8.014166666666666, 49.020833333333336 ], [ 8.014166666666666, 49.020833333333336 ], [ 8.011388888888888, 49.024444444444441 ], [ 8.011388888888888, 49.024444444444441 ], [ 7.994166666666667, 49.028611111111111 ], [ 7.994166666666667, 49.028611111111111 ], [ 7.974722222222223, 49.026388888888889 ], [ 7.974722222222223, 49.026388888888889 ], [ 7.945833333333334, 49.055277777777775 ], [ 7.945833333333334, 49.055277777777775 ], [ 7.931388888888889, 49.057777777777773 ], [ 7.931388888888889, 49.057777777777773 ], [ 7.9125, 49.041111111111107 ], [ 7.9125, 49.041111111111107 ], [ 7.867222222222223, 49.033333333333331 ], [ 7.867222222222223, 49.033333333333331 ], [ 7.835277777777778, 49.047222222222217 ], [ 7.835277777777778, 49.047222222222217 ], [ 8.212777777777777, 49.740833333333335 ], [ 8.212777777777777, 49.740833333333335 ], [ 8.493333333333332, 49.904444444444444 ] ] ] ] } },
{ "type": "Feature", "properties": { "id": "ED-STG/1", "minFL": 0, "maxFL": 144 }, "geometry": { "type": "MultiPolygon", "coordinates": [ [ [ [ 9.452777777777778, 49.272222222222219 ], [ 9.783333333333333, 49.116666666666667 ], [ 9.783333333333333, 49.116666666666667 ], [ 9.896388888888888, 49.056388888888883 ], [ 9.896388888888888, 49.056388888888883 ], [ 10.096944444444444, 48.948611111111106 ], [ 10.096944444444444, 48.948611111111106 ], [ 9.77638888888889, 48.810555555555553 ], [ 9.77638888888889, 48.810555555555553 ], [ 9.71361111111111, 48.783333333333331 ], [ 9.71361111111111, 48.783333333333331 ], [ 8.93888888888889, 48.630277777777778 ], [ 8.93888888888889, 48.630277777777778 ], [ 8.859166666666667, 48.620555555555555 ], [ 8.859166666666667, 48.620555555555555 ], [ 8.798611111111111, 48.612777777777779 ], [ 8.798611111111111, 48.612777777777779 ], [ 8.433333333333334, 48.8 ], [ 8.433333333333334, 48.8 ], [ 8.436111111111112, 48.916666666666664 ], [ 8.436111111111112, 48.916666666666664 ], [ 8.443333333333333, 48.997777777777777 ], [ 8.443333333333333, 48.997777777777777 ], [ 8.374166666666667, 49.076388888888893 ], [ 8.374166666666667, 49.076388888888893 ], [ 8.393888888888888, 49.235277777777782 ], [ 8.393888888888888, 49.235277777777782 ], [ 8.70611111111111, 49.229166666666671 ], [ 8.70611111111111, 49.229166666666671 ], [ 8.989722222222222, 49.222777777777779 ], [ 8.989722222222222, 49.222777777777779 ], [ 9.045555555555556, 49.2425 ], [ 9.045555555555556, 49.2425 ], [ 9.0725, 49.251944444444447 ], [ 9.0725, 49.251944444444447 ], [ 9.173055555555555, 49.2575 ], [ 9.173055555555555, 49.2575 ], [ 9.452777777777778, 49.272222222222219 ] ] ] ] } },
{ "type": "Feature", "properties": { "id": "ED-STG/2", "minFL": 0, "maxFL": 94 }, "geometry": { "type": "MultiPolygon", "coordinates": [ [ [ [ 8.339722222222223, 49.236111111111114 ], [ 8.393888888888888, 49.235277777777782 ], [ 8.393888888888888, 49.235277777777782 ], [ 8.374166666666667, 49.076388888888893 ], [ 8.374166666666667, 49.076388888888893 ], [ 8.225, 49.083333333333336 ], [ 8.225, 49.083333333333336 ], [ 8.339722222222223, 49.236111111111114 ] ] ] ] } },
{ "type": "Feature", "properties": { "id": "ED-STG/3", "minFL": 75, "maxFL": 144 }, "geometry": { "type": "MultiPolygon", "coordinates": [ [ [ [ 8.374166666666667, 49.076388888888893 ], [ 8.443333333333333, 48.997777777777777 ], [ 8.443333333333333, 48.997777777777777 ], [ 8.436111111111112, 48.916666666666664 ], [ 8.436111111111112, 48.916666666666664 ], [ 8.291666666666666, 48.967777777777776 ], [ 8.291666666666666, 48.967777777777776 ], [ 8.348333333333334, 49.004444444444445 ], [ 8.348333333333334, 49.004444444444445 ], [ 8.374166666666667, 49.076388888888893 ] ] ] ] } },
{ "type": "Feature", "properties": { "id": "ED-STG/4", "minFL": 0, "maxFL": 104 }, "geometry": { "type": "MultiPolygon", "coordinates": [ [ [ [ 10.372222222222224, 49.322222222222223 ], [ 10.391666666666666, 49.25 ], [ 10.391666666666666, 49.25 ], [ 10.479166666666666, 49.111111111111114 ], [ 10.479166666666666, 49.111111111111114 ], [ 10.2575, 49.017222222222223 ], [ 10.2575, 49.017222222222223 ], [ 10.096944444444444, 48.948611111111106 ], [ 10.096944444444444, 48.948611111111106 ], [ 9.896388888888888, 49.056388888888883 ], [ 9.896388888888888, 49.056388888888883 ], [ 9.783333333333333, 49.116666666666667 ], [ 9.783333333333333, 49.116666666666667 ], [ 9.452777777777778, 49.272222222222219 ], [ 9.452777777777778, 49.272222222222219 ], [ 9.655833333333334, 49.289444444444442 ], [ 9.655833333333334, 49.289444444444442 ], [ 9.8425, 49.267777777777773 ], [ 9.8425, 49.267777777777773 ], [ 10.127222222222223, 49.318611111111117 ], [ 10.127222222222223, 49.318611111111117 ], [ 10.372222222222224, 49.322222222222223 ] ] ] ] } },
{ "type": "Feature", "properties": { "id": "ED-STG/5", "minFL": 75, "maxFL": 94 }, "geometry": { "type": "MultiPolygon", "coordinates": [ [ [ [ 8.374166666666667, 49.076388888888893 ], [ 8.348333333333334, 49.004444444444445 ], [ 8.348333333333334, 49.004444444444445 ], [ 8.291666666666666, 48.967777777777776 ], [ 8.291666666666666, 48.967777777777776 ], [ 8.22861111111111, 48.970277777777781 ], [ 8.22861111111111, 48.970277777777781 ], [ 8.2225, 48.975555555555559 ], [ 8.2225, 48.975555555555559 ], [ 8.1975, 48.967777777777776 ], [ 8.1975, 48.967777777777776 ], [ 8.193611111111112, 48.976944444444449 ], [ 8.193611111111112, 48.976944444444449 ], [ 8.17, 48.978888888888889 ], [ 8.17, 48.978888888888889 ], [ 8.169722222222221, 48.975833333333334 ], [ 8.169722222222221, 48.975833333333334 ], [ 8.160277777777779, 48.978333333333332 ], [ 8.160277777777779, 48.978333333333332 ], [ 8.151944444444444, 48.977222222222224 ], [ 8.151944444444444, 48.977222222222224 ], [ 8.136111111111111, 48.979166666666671 ], [ 8.136111111111111, 48.979166666666671 ], [ 8.123611111111112, 48.986111111111114 ], [ 8.123611111111112, 48.986111111111114 ], [ 8.107777777777777, 48.986388888888889 ], [ 8.107777777777777, 48.986388888888889 ], [ 8.104444444444445, 48.988888888888887 ], [ 8.104444444444445, 48.988888888888887 ], [ 8.0875, 48.99 ], [ 8.0875, 48.99 ], [ 8.066666666666666, 49.0 ], [ 8.066666666666666, 49.0 ], [ 8.225, 49.083333333333336 ], [ 8.225, 49.083333333333336 ], [ 8.374166666666667, 49.076388888888893 ] ] ] ] } },
{ "type": "Feature", "properties": { "id": "ED-STG/6", "minFL": 0, "maxFL": 104 }, "geometry": { "type": "MultiPolygon", "coordinates": [ [ [ [ 10.372222222222224, 49.322222222222223 ], [ 10.587777777777779, 49.17861111111111 ], [ 10.587777777777779, 49.17861111111111 ], [ 10.479166666666666, 49.111111111111114 ], [ 10.479166666666666, 49.111111111111114 ], [ 10.391666666666666, 49.25 ], [ 10.391666666666666, 49.25 ], [ 10.372222222222224, 49.322222222222223 ] ] ] ] } },
{ "type": "Feature", "properties": { "id": "ED-TAU/1", "minFL": 0, "maxFL": 244 }, "geometry": { "type": "MultiPolygon", "coordinates": [ [ [ [ 7.842777777777777, 50.699444444444438 ], [ 8.075, 50.506944444444443 ], [ 8.075, 50.506944444444443 ], [ 8.244444444444444, 50.55972222222222 ], [ 8.244444444444444, 50.55972222222222 ], [ 8.302777777777779, 50.498888888888892 ], [ 8.302777777777779, 50.498888888888892 ], [ 8.373611111111112, 50.425 ], [ 8.373611111111112, 50.425 ], [ 8.352222222222222, 50.37777777777778 ], [ 8.352222222222222, 50.37777777777778 ], [ 8.299722222222222, 50.317222222222227 ], [ 8.299722222222222, 50.317222222222227 ], [ 8.200277777777776, 50.2975 ], [ 8.200277777777776, 50.2975 ], [ 7.871666666666667, 50.2325 ], [ 7.871666666666667, 50.2325 ], [ 7.709166666666667, 50.2 ], [ 7.709166666666667, 50.2 ], [ 7.680277777777778, 50.194166666666661 ], [ 7.680277777777778, 50.194166666666661 ], [ 7.638888888888888, 50.258611111111108 ], [ 7.638888888888888, 50.258611111111108 ], [ 7.566944444444444, 50.369722222222222 ], [ 7.566944444444444, 50.369722222222222 ], [ 7.7175, 50.409722222222221 ], [ 7.7175, 50.409722222222221 ], [ 7.598888888888888, 50.581944444444446 ], [ 7.598888888888888, 50.581944444444446 ], [ 7.58, 50.600277777777777 ], [ 7.58, 50.600277777777777 ], [ 7.716666666666667, 50.65 ], [ 7.716666666666667, 50.65 ], [ 7.721388888888889, 50.651944444444446 ], [ 7.721388888888889, 50.651944444444446 ], [ 7.842777777777777, 50.699444444444438 ] ] ] ] } },
{ "type": "Feature", "properties": { "id": "ED-TAU/2", "minFL": 145, "maxFL": 244 }, "geometry": { "type": "MultiPolygon", "coordinates": [ [ [ [ 7.356111111111111, 51.111666666666665 ], [ 7.55, 51.063888888888883 ], [ 7.55, 51.063888888888883 ], [ 7.842777777777777, 50.699444444444438 ], [ 7.842777777777777, 50.699444444444438 ], [ 7.721388888888889, 50.651944444444446 ], [ 7.721388888888889, 50.651944444444446 ], [ 7.716666666666667, 50.65 ], [ 7.716666666666667, 50.65 ], [ 7.58, 50.600277777777777 ], [ 7.58, 50.600277777777777 ], [ 7.168055555555556, 51.000555555555557 ], [ 7.168055555555556, 51.000555555555557 ], [ 7.106944444444444, 51.031944444444441 ], [ 7.106944444444444, 51.031944444444441 ], [ 7.270833333333333, 51.108888888888892 ], [ 7.270833333333333, 51.108888888888892 ], [ 7.356111111111111, 51.111666666666665 ] ] ] ] } },
{ "type": "Feature", "properties": { "id": "ED-TAU/3", "minFL": 75, "maxFL": 224 }, "geometry": { "type": "MultiPolygon", "coordinates": [ [ [ [ 8.037222222222223, 50.775 ], [ 8.244444444444444, 50.55972222222222 ], [ 8.244444444444444, 50.55972222222222 ], [ 8.075, 50.506944444444443 ], [ 8.075, 50.506944444444443 ], [ 7.842777777777777, 50.699444444444438 ], [ 7.842777777777777, 50.699444444444438 ], [ 8.037222222222223, 50.775 ] ] ] ] } },
{ "type": "Feature", "properties": { "id": "ED-TAU/4", "minFL": 135, "maxFL": 244 }, "geometry": { "type": "MultiPolygon", "coordinates": [ [ [ [ 8.373611111111112, 50.425 ], [ 8.448611111111111, 50.346111111111114 ], [ 8.448611111111111, 50.346111111111114 ], [ 8.299722222222222, 50.317222222222227 ], [ 8.299722222222222, 50.317222222222227 ], [ 8.352222222222222, 50.37777777777778 ], [ 8.352222222222222, 50.37777777777778 ], [ 8.373611111111112, 50.425 ] ] ] ] } },
{ "type": "Feature", "properties": { "id": "ED-TAU/5", "minFL": 135, "maxFL": 244 }, "geometry": { "type": "MultiPolygon", "coordinates": [ [ [ [ 8.448611111111111, 50.346111111111114 ], [ 8.656666666666666, 50.125833333333333 ], [ 8.656666666666666, 50.125833333333333 ], [ 8.5, 50.116666666666667 ], [ 8.5, 50.116666666666667 ], [ 8.340833333333334, 50.116944444444442 ], [ 8.340833333333334, 50.116944444444442 ], [ 8.127222222222223, 50.116944444444442 ], [ 8.127222222222223, 50.116944444444442 ], [ 8.001944444444444, 50.116666666666667 ], [ 8.001944444444444, 50.116666666666667 ], [ 7.921944444444445, 50.136111111111113 ], [ 7.921944444444445, 50.136111111111113 ], [ 7.680277777777778, 50.194166666666661 ], [ 7.680277777777778, 50.194166666666661 ], [ 7.709166666666667, 50.2 ], [ 7.709166666666667, 50.2 ], [ 7.871666666666667, 50.2325 ], [ 7.871666666666667, 50.2325 ], [ 8.200277777777776, 50.2975 ], [ 8.200277777777776, 50.2975 ], [ 8.299722222222222, 50.317222222222227 ], [ 8.299722222222222, 50.317222222222227 ], [ 8.448611111111111, 50.346111111111114 ] ] ] ] } },
{ "type": "Feature", "properties": { "id": "ED-TAU/6", "minFL": 0, "maxFL": 204 }, "geometry": { "type": "MultiPolygon", "coordinates": [ [ [ [ 7.58, 50.600277777777777 ], [ 7.598888888888888, 50.581944444444446 ], [ 7.598888888888888, 50.581944444444446 ], [ 7.7175, 50.409722222222221 ], [ 7.7175, 50.409722222222221 ], [ 7.566944444444444, 50.369722222222222 ], [ 7.566944444444444, 50.369722222222222 ], [ 7.508055555555556, 50.460277777777783 ], [ 7.508055555555556, 50.460277777777783 ], [ 7.466666666666667, 50.516666666666666 ], [ 7.466666666666667, 50.516666666666666 ], [ 7.441111111111112, 50.549722222222222 ], [ 7.441111111111112, 50.549722222222222 ], [ 7.58, 50.600277777777777 ] ] ] ] } },
{ "type": "Feature", "properties": { "id": "ED-TGO1/1", "minFL": 245, "maxFL": 354 }, "geometry": { "type": "MultiPolygon", "coordinates": [ [ [ [ 9.110555555555555, 49.365 ], [ 9.896388888888888, 49.056388888888883 ], [ 9.896388888888888, 49.056388888888883 ], [ 10.096944444444444, 48.948611111111106 ], [ 10.096944444444444, 48.948611111111106 ], [ 9.77638888888889, 48.810555555555553 ], [ 9.77638888888889, 48.810555555555553 ], [ 9.686388888888889, 48.698611111111106 ], [ 9.686388888888889, 48.698611111111106 ], [ 9.624444444444444, 48.621388888888887 ], [ 9.624444444444444, 48.621388888888887 ], [ 9.603333333333333, 48.594444444444449 ], [ 9.603333333333333, 48.594444444444449 ], [ 9.55, 48.527777777777779 ], [ 9.55, 48.527777777777779 ], [ 9.55, 48.417777777777772 ], [ 9.55, 48.417777777777772 ], [ 9.55, 48.166666666666664 ], [ 9.55, 48.166666666666664 ], [ 9.55, 47.973333333333336 ], [ 9.55, 47.973333333333336 ], [ 9.55, 47.89 ], [ 9.55, 47.89 ], [ 9.136944444444444, 47.890277777777776 ], [ 9.136944444444444, 47.890277777777776 ], [ 8.858333333333333, 47.833333333333336 ], [ 8.858333333333333, 47.833333333333336 ], [ 8.616666666666667, 47.833333333333336 ], [ 8.616666666666667, 47.833333333333336 ], [ 8.816111111111113, 48.665555555555557 ], [ 8.816111111111113, 48.665555555555557 ], [ 9.110555555555555, 49.365 ] ] ] ] } },
{ "type": "Feature", "properties": { "id": "ED-TGO1/2", "minFL": 235, "maxFL": 244 }, "geometry": { "type": "MultiPolygon", "coordinates": [ [ [ [ 9.666666666666666, 49.0 ], [ 9.77638888888889, 48.810555555555553 ], [ 9.77638888888889, 48.810555555555553 ], [ 9.686388888888889, 48.698611111111106 ], [ 9.686388888888889, 48.698611111111106 ], [ 9.624444444444444, 48.621388888888887 ], [ 9.624444444444444, 48.621388888888887 ], [ 9.603333333333333, 48.594444444444449 ], [ 9.603333333333333, 48.594444444444449 ], [ 9.55, 48.527777777777779 ], [ 9.55, 48.527777777777779 ], [ 9.55, 48.417777777777772 ], [ 9.55, 48.417777777777772 ], [ 9.55, 48.166666666666664 ], [ 9.55, 48.166666666666664 ], [ 9.1075, 48.166944444444439 ], [ 9.1075, 48.166944444444439 ], [ 9.190277777777778, 48.68611111111111 ], [ 9.190277777777778, 48.68611111111111 ], [ 9.241388888888888, 49.000555555555557 ], [ 9.241388888888888, 49.000555555555557 ], [ 9.666666666666666, 49.0 ] ] ] ] } },
{ "type": "Feature", "properties": { "id": "ED-TGO2", "minFL": 355, "maxFL": 374 }, "geometry": { "type": "MultiPolygon", "coordinates": [ [ [ [ 9.110555555555555, 49.365 ], [ 9.896388888888888, 49.056388888888883 ], [ 9.896388888888888, 49.056388888888883 ], [ 10.096944444444444, 48.948611111111106 ], [ 10.096944444444444, 48.948611111111106 ], [ 9.77638888888889, 48.810555555555553 ], [ 9.77638888888889, 48.810555555555553 ], [ 9.686388888888889, 48.698611111111106 ], [ 9.686388888888889, 48.698611111111106 ], [ 9.624444444444444, 48.621388888888887 ], [ 9.624444444444444, 48.621388888888887 ], [ 9.603333333333333, 48.594444444444449 ], [ 9.603333333333333, 48.594444444444449 ], [ 9.55, 48.527777777777779 ], [ 9.55, 48.527777777777779 ], [ 9.55, 48.417777777777772 ], [ 9.55, 48.417777777777772 ], [ 9.55, 48.166666666666664 ], [ 9.55, 48.166666666666664 ], [ 9.55, 47.973333333333336 ], [ 9.55, 47.973333333333336 ], [ 9.55, 47.89 ], [ 9.55, 47.89 ], [ 9.136944444444444, 47.890277777777776 ], [ 9.136944444444444, 47.890277777777776 ], [ 8.858333333333333, 47.833333333333336 ], [ 8.858333333333333, 47.833333333333336 ], [ 8.616666666666667, 47.833333333333336 ], [ 8.616666666666667, 47.833333333333336 ], [ 8.816111111111113, 48.665555555555557 ], [ 8.816111111111113, 48.665555555555557 ], [ 9.110555555555555, 49.365 ] ] ] ] } },
{ "type": "Feature", "properties": { "id": "ED-TGO3", "minFL": 375, "maxFL": 660 }, "geometry": { "type": "MultiPolygon", "coordinates": [ [ [ [ 9.110555555555555, 49.365 ], [ 9.896388888888888, 49.056388888888883 ], [ 9.896388888888888, 49.056388888888883 ], [ 10.096944444444444, 48.948611111111106 ], [ 10.096944444444444, 48.948611111111106 ], [ 9.77638888888889, 48.810555555555553 ], [ 9.77638888888889, 48.810555555555553 ], [ 9.686388888888889, 48.698611111111106 ], [ 9.686388888888889, 48.698611111111106 ], [ 9.624444444444444, 48.621388888888887 ], [ 9.624444444444444, 48.621388888888887 ], [ 9.603333333333333, 48.594444444444449 ], [ 9.603333333333333, 48.594444444444449 ], [ 9.55, 48.527777777777779 ], [ 9.55, 48.527777777777779 ], [ 9.55, 48.417777777777772 ], [ 9.55, 48.417777777777772 ], [ 9.55, 48.166666666666664 ], [ 9.55, 48.166666666666664 ], [ 9.55, 47.973333333333336 ], [ 9.55, 47.973333333333336 ], [ 9.55, 47.89 ], [ 9.55, 47.89 ], [ 9.136944444444444, 47.890277777777776 ], [ 9.136944444444444, 47.890277777777776 ], [ 8.858333333333333, 47.833333333333336 ], [ 8.858333333333333, 47.833333333333336 ], [ 8.616666666666667, 47.833333333333336 ], [ 8.616666666666667, 47.833333333333336 ], [ 8.816111111111113, 48.665555555555557 ], [ 8.816111111111113, 48.665555555555557 ], [ 9.110555555555555, 49.365 ] ] ] ] } },
{ "type": "Feature", "properties": { "id": "ED-WUR1/1", "minFL": 305, "maxFL": 324 }, "geometry": { "type": "MultiPolygon", "coordinates": [ [ [ [ 9.398333333333333, 50.400277777777774 ], [ 10.280555555555557, 50.197222222222216 ], [ 10.454166666666666, 50.008611111111108 ], [ 10.7725, 49.658333333333331 ], [ 10.966666666666667, 49.441666666666663 ], [ 10.587777777777779, 49.17861111111111 ], [ 10.479166666666666, 49.111111111111114 ], [ 10.2575, 49.017222222222223 ], [ 10.096944444444444, 48.948611111111106 ], [ 9.896388888888888, 49.056388888888883 ], [ 9.110555555555555, 49.365 ], [ 9.186944444444444, 49.55555555555555 ], [ 9.431111111111111, 50.298611111111107 ], [ 9.398333333333333, 50.400277777777774 ] ] ] ] } },
{ "type": "Feature", "properties": { "id": "ED-WUR1/2", "minFL": 245, "maxFL": 304 }, "geometry": { "type": "MultiPolygon", "coordinates": [ [ [ [ 9.398333333333333, 50.400277777777774 ], [ 10.280555555555557, 50.197222222222216 ], [ 10.454166666666666, 50.008611111111108 ], [ 10.7725, 49.658333333333331 ], [ 10.503333333333334, 49.511111111111113 ], [ 10.35611111111111, 49.398333333333333 ], [ 10.458333333333332, 49.283333333333331 ], [ 10.587777777777779, 49.17861111111111 ], [ 10.479166666666666, 49.111111111111114 ], [ 10.2575, 49.017222222222223 ], [ 10.096944444444444, 48.948611111111106 ], [ 9.896388888888888, 49.056388888888883 ], [ 9.110555555555555, 49.365 ], [ 9.186944444444444, 49.55555555555555 ], [ 9.431111111111111, 50.298611111111107 ], [ 9.398333333333333, 50.400277777777774 ] ] ] ] } },
{ "type": "Feature", "properties": { "id": "ED-WUR2", "minFL": 325, "maxFL": 354 }, "geometry": { "type": "MultiPolygon", "coordinates": [ [ [ [ 9.398333333333333, 50.400277777777774 ], [ 10.280555555555557, 50.197222222222216 ], [ 10.454166666666666, 50.008611111111108 ], [ 10.7725, 49.658333333333331 ], [ 10.966666666666667, 49.441666666666663 ], [ 10.587777777777779, 49.17861111111111 ], [ 10.479166666666666, 49.111111111111114 ], [ 10.2575, 49.017222222222223 ], [ 10.096944444444444, 48.948611111111106 ], [ 9.896388888888888, 49.056388888888883 ], [ 9.110555555555555, 49.365 ], [ 9.186944444444444, 49.55555555555555 ], [ 9.431111111111111, 50.298611111111107 ], [ 9.398333333333333, 50.400277777777774 ] ] ] ] } },
{ "type": "Feature", "properties": { "id": "ED-WUR3", "minFL": 355, "maxFL": 374 }, "geometry": { "type": "MultiPolygon", "coordinates": [ [ [ [ 9.398333333333333, 50.400277777777774 ], [ 10.280555555555557, 50.197222222222216 ], [ 10.454166666666666, 50.008611111111108 ], [ 10.7725, 49.658333333333331 ], [ 10.966666666666667, 49.441666666666663 ], [ 10.587777777777779, 49.17861111111111 ], [ 10.479166666666666, 49.111111111111114 ], [ 10.2575, 49.017222222222223 ], [ 10.096944444444444, 48.948611111111106 ], [ 9.896388888888888, 49.056388888888883 ], [ 9.110555555555555, 49.365 ], [ 9.186944444444444, 49.55555555555555 ], [ 9.431111111111111, 50.298611111111107 ], [ 9.398333333333333, 50.400277777777774 ] ] ] ] } },
{ "type": "Feature", "properties": { "id": "ED-WUR4", "minFL": 375, "maxFL": 660 }, "geometry": { "type": "MultiPolygon", "coordinates": [ [ [ [ 9.398333333333333, 50.400277777777774 ], [ 10.280555555555557, 50.197222222222216 ], [ 10.454166666666666, 50.008611111111108 ], [ 10.7725, 49.658333333333331 ], [ 10.966666666666667, 49.441666666666663 ], [ 10.587777777777779, 49.17861111111111 ], [ 10.479166666666666, 49.111111111111114 ], [ 10.2575, 49.017222222222223 ], [ 10.096944444444444, 48.948611111111106 ], [ 9.896388888888888, 49.056388888888883 ], [ 9.110555555555555, 49.365 ], [ 9.186944444444444, 49.55555555555555 ], [ 9.431111111111111, 50.298611111111107 ], [ 9.398333333333333, 50.400277777777774 ] ] ] ] } },
{ "type": "Feature", "properties": { "id": "ED-MH", "minFL": 355, "maxFL": 660 }, "geometry": { "type": "MultiPolygon", "coordinates": [ [ [ [ 9.175, 52.858333333333334 ], [ 8.60361111111111, 52.207222222222228 ], [ 8.578055555555554, 52.13 ], [ 8.511388888888888, 51.93333333333333 ], [ 8.503888888888889, 51.841111111111111 ], [ 8.4875, 51.466666666666669 ], [ 8.817777777777778, 51.196388888888883 ], [ 8.741944444444444, 51.166388888888889 ], [ 8.586666666666668, 51.108611111111109 ], [ 8.416666666666666, 51.044722222222219 ], [ 8.247222222222222, 50.981111111111112 ], [ 8.070833333333333, 51.178888888888885 ], [ 7.897222222222222, 51.413055555555552 ], [ 7.231388888888889, 51.8025 ], [ 6.332222222222222, 51.965 ], [ 6.852222222222222, 52.4025 ], [ 6.901666666666667, 52.443333333333328 ], [ 7.16888888888889, 52.663333333333334 ], [ 8.084444444444445, 52.758055555555558 ] ] ] ] } },
{ "type": "Feature", "properties": { "id": "ED-ML/1", "minFL": 245, "maxFL": 354 }, "geometry": { "type": "MultiPolygon", "coordinates": [ [ [ [ 9.175, 52.858333333333334 ], [ 8.60361111111111, 52.207222222222228 ], [ 8.578055555555554, 52.13 ], [ 8.511388888888888, 51.93333333333333 ], [ 8.503888888888889, 51.841111111111111 ], [ 8.4875, 51.466666666666669 ], [ 8.817777777777778, 51.196388888888883 ], [ 8.741944444444444, 51.166388888888889 ], [ 8.586666666666668, 51.108611111111109 ], [ 8.411111111111111, 51.27 ], [ 8.070833333333333, 51.178888888888885 ], [ 7.897222222222222, 51.413055555555552 ], [ 7.231388888888889, 51.8025 ], [ 6.648888888888888, 51.907222222222224 ], [ 6.332222222222222, 51.965 ], [ 6.852222222222222, 52.4025 ], [ 6.901666666666667, 52.443333333333328 ], [ 7.16888888888889, 52.663333333333334 ], [ 8.084444444444445, 52.758055555555558 ] ] ] ] } },
{ "type": "Feature", "properties": { "id": "ED-ML/2", "minFL": 295, "maxFL": 354 }, "geometry": { "type": "MultiPolygon", "coordinates": [ [ [ [ 8.411111111111111, 51.27 ], [ 8.586666666666668, 51.108611111111109 ], [ 8.247222222222222, 50.981111111111112 ], [ 8.070833333333333, 51.178888888888885 ] ] ] ] } },
{ "type": "Feature", "properties": { "id": "ED-ML/3", "minFL": 245, "maxFL": 314 }, "geometry": { "type": "MultiPolygon", "coordinates": [ [ [ [ 6.89361111111111, 52.67722222222222 ], [ 7.057777777777778, 52.668888888888887 ], [ 7.16888888888889, 52.663333333333334 ], [ 6.332222222222222, 51.965 ], [ 5.7, 52.07416666666667 ], [ 5.872222222222223, 52.216388888888893 ] ] ] ] } },
{ "type": "Feature", "properties": { "id": "ED-ML/4", "minFL": 245, "maxFL": 314 }, "geometry": { "type": "MultiPolygon", "coordinates": [ [ [ [ 9.39861111111111, 53.243333333333332 ], [ 9.175, 52.858333333333334 ], [ 8.084444444444445, 52.758055555555558 ], [ 8.583333333333334, 53.172222222222217 ] ] ] ] } },
{ "type": "Feature", "properties": { "id": "ED-RH", "minFL": 355, "maxFL": 660 }, "geometry": { "type": "MultiPolygon", "coordinates": [ [ [ [ 7.506388888888889, 50.6725 ], [ 7.128888888888889, 50.606388888888887 ], [ 7.128888888888889, 50.606388888888887 ], [ 5.973888888888889, 51.06305555555555 ], [ 5.973888888888889, 51.06305555555555 ], [ 5.810833333333333, 51.118611111111115 ], [ 5.810833333333333, 51.118611111111115 ], [ 5.686111111111112, 51.161111111111111 ], [ 5.686111111111112, 51.161111111111111 ], [ 5.521388888888889, 51.19361111111111 ], [ 5.521388888888889, 51.19361111111111 ], [ 5.556666666666667, 51.255833333333335 ], [ 5.556666666666667, 51.255833333333335 ], [ 6.332222222222222, 51.965 ], [ 6.332222222222222, 51.965 ], [ 7.231388888888889, 51.8025 ], [ 7.231388888888889, 51.8025 ], [ 7.897222222222222, 51.413055555555552 ], [ 7.897222222222222, 51.413055555555552 ], [ 8.070833333333333, 51.178888888888885 ], [ 8.070833333333333, 51.178888888888885 ], [ 8.247222222222222, 50.981111111111112 ], [ 8.247222222222222, 50.981111111111112 ], [ 7.648888888888888, 50.752222222222223 ], [ 7.648888888888888, 50.752222222222223 ], [ 7.666111111111111, 50.7 ], [ 7.666111111111111, 50.7 ], [ 7.506388888888889, 50.6725 ] ] ] ] } },
{ "type": "Feature", "properties": { "id": "ED-RL/1", "minFL": 245, "maxFL": 294 }, "geometry": { "type": "MultiPolygon", "coordinates": [ [ [ [ 7.506388888888889, 50.6725 ], [ 7.128888888888889, 50.606388888888887 ], [ 7.128888888888889, 50.606388888888887 ], [ 5.973888888888889, 51.06305555555555 ], [ 5.973888888888889, 51.06305555555555 ], [ 5.810833333333333, 51.118611111111115 ], [ 5.810833333333333, 51.118611111111115 ], [ 5.686111111111112, 51.161111111111111 ], [ 5.686111111111112, 51.161111111111111 ], [ 5.521388888888889, 51.19361111111111 ], [ 5.521388888888889, 51.19361111111111 ], [ 5.556666666666667, 51.255833333333335 ], [ 5.556666666666667, 51.255833333333335 ], [ 6.045, 51.716944444444444 ], [ 6.045, 51.716944444444444 ], [ 5.524444444444445, 51.933055555555555 ], [ 5.524444444444445, 51.933055555555555 ], [ 5.7, 52.07416666666667 ], [ 5.7, 52.07416666666667 ], [ 6.332222222222222, 51.965 ], [ 6.332222222222222, 51.965 ], [ 7.231388888888889, 51.8025 ], [ 7.231388888888889, 51.8025 ], [ 7.897222222222222, 51.413055555555552 ], [ 7.897222222222222, 51.413055555555552 ], [ 8.070833333333333, 51.178888888888885 ], [ 8.070833333333333, 51.178888888888885 ], [ 7.554166666666666, 51.037777777777777 ], [ 7.554166666666666, 51.037777777777777 ], [ 7.648888888888888, 50.752222222222223 ], [ 7.648888888888888, 50.752222222222223 ], [ 7.666111111111111, 50.7 ], [ 7.666111111111111, 50.7 ], [ 7.506388888888889, 50.6725 ] ] ] ] } },
{ "type": "Feature", "properties": { "id": "ED-RL/2", "minFL": 295, "maxFL": 314 }, "geometry": { "type": "MultiPolygon", "coordinates": [ [ [ [ 7.506388888888889, 50.6725 ], [ 7.128888888888889, 50.606388888888887 ], [ 7.128888888888889, 50.606388888888887 ], [ 5.973888888888889, 51.06305555555555 ], [ 5.973888888888889, 51.06305555555555 ], [ 5.810833333333333, 51.118611111111115 ], [ 5.810833333333333, 51.118611111111115 ], [ 5.686111111111112, 51.161111111111111 ], [ 5.686111111111112, 51.161111111111111 ], [ 5.521388888888889, 51.19361111111111 ], [ 5.521388888888889, 51.19361111111111 ], [ 5.556666666666667, 51.255833333333335 ], [ 5.556666666666667, 51.255833333333335 ], [ 6.045, 51.716944444444444 ], [ 6.045, 51.716944444444444 ], [ 5.524444444444445, 51.933055555555555 ], [ 5.524444444444445, 51.933055555555555 ], [ 5.7, 52.07416666666667 ], [ 5.7, 52.07416666666667 ], [ 6.332222222222222, 51.965 ], [ 6.332222222222222, 51.965 ], [ 7.231388888888889, 51.8025 ], [ 7.231388888888889, 51.8025 ], [ 7.897222222222222, 51.413055555555552 ], [ 7.897222222222222, 51.413055555555552 ], [ 8.070833333333333, 51.178888888888885 ], [ 8.070833333333333, 51.178888888888885 ], [ 8.247222222222222, 50.981111111111112 ], [ 8.247222222222222, 50.981111111111112 ], [ 7.648888888888888, 50.752222222222223 ], [ 7.648888888888888, 50.752222222222223 ], [ 7.666111111111111, 50.7 ], [ 7.666111111111111, 50.7 ], [ 7.506388888888889, 50.6725 ] ] ] ] } },
{ "type": "Feature", "properties": { "id": "ED-RL/3", "minFL": 315, "maxFL": 354 }, "geometry": { "type": "MultiPolygon", "coordinates": [ [ [ [ 7.506388888888889, 50.6725 ], [ 7.128888888888889, 50.606388888888887 ], [ 7.128888888888889, 50.606388888888887 ], [ 5.973888888888889, 51.06305555555555 ], [ 5.973888888888889, 51.06305555555555 ], [ 5.810833333333333, 51.118611111111115 ], [ 5.810833333333333, 51.118611111111115 ], [ 5.686111111111112, 51.161111111111111 ], [ 5.686111111111112, 51.161111111111111 ], [ 5.521388888888889, 51.19361111111111 ], [ 5.521388888888889, 51.19361111111111 ], [ 5.556666666666667, 51.255833333333335 ], [ 5.556666666666667, 51.255833333333335 ], [ 6.332222222222222, 51.965 ], [ 6.332222222222222, 51.965 ], [ 7.231388888888889, 51.8025 ], [ 7.231388888888889, 51.8025 ], [ 7.897222222222222, 51.413055555555552 ], [ 7.897222222222222, 51.413055555555552 ], [ 8.070833333333333, 51.178888888888885 ], [ 8.070833333333333, 51.178888888888885 ], [ 8.247222222222222, 50.981111111111112 ], [ 8.247222222222222, 50.981111111111112 ], [ 7.648888888888888, 50.752222222222223 ], [ 7.648888888888888, 50.752222222222223 ], [ 7.666111111111111, 50.7 ], [ 7.666111111111111, 50.7 ], [ 7.506388888888889, 50.6725 ] ] ] ] } },
{ "type": "Feature", "properties": { "id": "ED-DFAN/1", "minFL": 0, "maxFL": 104 }, "geometry": { "type": "MultiPolygon", "coordinates": [ [ [ [ 7.702777777777778, 49.829722222222223 ], [ 7.695833333333334, 49.832222222222228 ], [ 7.691111111111112, 49.9425 ], [ 7.680277777777778, 50.194166666666661 ], [ 7.709166666666667, 50.2 ], [ 7.871666666666667, 50.2325 ], [ 8.200277777777776, 50.2975 ], [ 8.299722222222222, 50.317222222222227 ], [ 8.36361111111111, 50.329444444444448 ], [ 8.895555555555555, 50.43138888888889 ], [ 9.056666666666667, 50.461944444444448 ], [ 9.370833333333334, 50.520277777777778 ], [ 9.370833333333334, 50.520277777777778 ], [ 9.486111111111111, 50.510833333333331 ], [ 9.583611111111111, 50.453333333333333 ], [ 9.590555555555556, 50.423611111111107 ], [ 9.404166666666667, 50.388055555555553 ], [ 9.44, 50.244722222222222 ], [ 8.580833333333333, 50.043611111111112 ], [ 7.702777777777778, 49.829722222222223 ] ] ] ] } },
{ "type": "Feature", "properties": { "id": "ED-DFAN/2", "minFL": 105, "maxFL": 134 }, "geometry": { "type": "MultiPolygon", "coordinates": [ [ [ [ 7.702777777777778, 49.829722222222223 ], [ 7.695833333333334, 49.832222222222228 ], [ 7.691111111111112, 49.9425 ], [ 7.680277777777778, 50.194166666666661 ], [ 7.709166666666667, 50.2 ], [ 7.871666666666667, 50.2325 ], [ 8.200277777777776, 50.2975 ], [ 8.299722222222222, 50.317222222222227 ], [ 8.36361111111111, 50.329444444444448 ], [ 8.895555555555555, 50.43138888888889 ], [ 9.056666666666667, 50.461944444444448 ], [ 9.370833333333334, 50.520277777777778 ], [ 9.404166666666667, 50.388055555555553 ], [ 9.44, 50.244722222222222 ], [ 8.580833333333333, 50.043611111111112 ], [ 7.702777777777778, 49.829722222222223 ] ] ] ] } },
{ "type": "Feature", "properties": { "id": "ED-DFAN/3", "minFL": 125, "maxFL": 134 }, "geometry": { "type": "MultiPolygon", "coordinates": [ [ [ [ 7.680277777777778, 50.194166666666661 ], [ 7.709166666666667, 50.2 ], [ 7.871666666666667, 50.2325 ], [ 8.200277777777776, 50.2975 ], [ 8.609166666666667, 50.376944444444447 ], [ 8.736944444444443, 50.401666666666664 ], [ 8.895555555555555, 50.43138888888889 ], [ 9.056666666666667, 50.461944444444448 ], [ 9.370833333333334, 50.520277777777778 ], [ 9.404166666666667, 50.388055555555553 ], [ 9.590555555555556, 50.423611111111107 ], [ 9.622222222222224, 50.286111111111111 ], [ 9.44, 50.244722222222222 ], [ 8.652777777777779, 50.06111111111111 ], [ 8.580833333333333, 50.043611111111112 ], [ 8.580833333333333, 50.043611111111112 ], [ 8.483333333333333, 50.020277777777778 ], [ 8.486666666666666, 49.8825 ], [ 8.323055555555555, 49.843055555555559 ], [ 7.691111111111112, 49.9425 ], [ 7.680277777777778, 50.194166666666661 ] ] ] ] } },
{ "type": "Feature", "properties": { "id": "ED-DFAN/4", "minFL": 0, "maxFL": 124 }, "geometry": { "type": "MultiPolygon", "coordinates": [ [ [ [ 7.680277777777778, 50.194166666666661 ], [ 7.709166666666667, 50.2 ], [ 7.871666666666667, 50.2325 ], [ 8.200277777777776, 50.2975 ], [ 8.609166666666667, 50.376944444444447 ], [ 8.736944444444443, 50.401666666666664 ], [ 8.895555555555555, 50.43138888888889 ], [ 9.056666666666667, 50.461944444444448 ], [ 9.370833333333334, 50.520277777777778 ], [ 9.404166666666667, 50.388055555555553 ], [ 9.44, 50.244722222222222 ], [ 8.652777777777779, 50.06111111111111 ], [ 8.580833333333333, 50.043611111111112 ], [ 8.580833333333333, 50.043611111111112 ], [ 8.483333333333333, 50.020277777777778 ], [ 8.486666666666666, 49.8825 ], [ 8.323055555555555, 49.843055555555559 ], [ 7.691111111111112, 49.9425 ], [ 7.680277777777778, 50.194166666666661 ] ] ] ] } },
{ "type": "Feature", "properties": { "id": "ED-DFAS/5", "minFL": 0, "maxFL": 104 }, "geometry": { "type": "MultiPolygon", "coordinates": [ [ [ [ 8.483333333333333, 50.020277777777778 ], [ 8.580833333333333, 50.043611111111112 ], [ 8.652777777777779, 50.06111111111111 ], [ 8.652777777777779, 50.06111111111111 ], [ 9.44, 50.244722222222222 ], [ 9.404166666666667, 50.388055555555553 ], [ 9.370833333333334, 50.520277777777778 ], [ 9.486111111111111, 50.510833333333331 ], [ 9.583611111111111, 50.453333333333333 ], [ 9.590555555555556, 50.423611111111107 ], [ 9.622222222222224, 50.286111111111111 ], [ 9.6925, 49.9775 ], [ 9.704722222222221, 49.924166666666665 ], [ 9.5375, 49.775555555555556 ], [ 9.205277777777777, 49.829444444444448 ], [ 9.185277777777777, 49.768888888888888 ], [ 9.185277777777777, 49.768888888888888 ], [ 9.134166666666665, 49.734444444444442 ], [ 9.113333333333333, 49.732222222222227 ], [ 8.960555555555555, 49.716111111111111 ], [ 8.776944444444446, 49.696388888888883 ], [ 8.49111111111111, 49.681111111111107 ], [ 8.437777777777779, 49.678055555555552 ], [ 8.1675, 49.662777777777777 ], [ 7.932777777777778, 49.7475 ], [ 7.702777777777778, 49.829722222222223 ], [ 7.695833333333334, 49.832222222222228 ], [ 7.691111111111112, 49.9425 ], [ 8.323055555555555, 49.843055555555559 ], [ 8.486666666666666, 49.8825 ], [ 8.483333333333333, 50.020277777777778 ] ] ] ] } },
{ "type": "Feature", "properties": { "id": "ED-DFAS/6", "minFL": 105, "maxFL": 124 }, "geometry": { "type": "MultiPolygon", "coordinates": [ [ [ [ 8.483333333333333, 50.020277777777778 ], [ 8.580833333333333, 50.043611111111112 ], [ 8.652777777777779, 50.06111111111111 ], [ 8.652777777777779, 50.06111111111111 ], [ 9.44, 50.244722222222222 ], [ 9.404166666666667, 50.388055555555553 ], [ 9.590555555555556, 50.423611111111107 ], [ 9.622222222222224, 50.286111111111111 ], [ 9.6925, 49.9775 ], [ 9.704722222222221, 49.924166666666665 ], [ 9.5375, 49.775555555555556 ], [ 9.205277777777777, 49.829444444444448 ], [ 9.185277777777777, 49.768888888888888 ], [ 9.185277777777777, 49.768888888888888 ], [ 9.134166666666665, 49.734444444444442 ], [ 9.113333333333333, 49.732222222222227 ], [ 8.960555555555555, 49.716111111111111 ], [ 8.776944444444446, 49.696388888888883 ], [ 8.49111111111111, 49.681111111111107 ], [ 8.437777777777779, 49.678055555555552 ], [ 8.1675, 49.662777777777777 ], [ 7.932777777777778, 49.7475 ], [ 7.702777777777778, 49.829722222222223 ], [ 7.695833333333334, 49.832222222222228 ], [ 7.691111111111112, 49.9425 ], [ 8.323055555555555, 49.843055555555559 ], [ 8.486666666666666, 49.8825 ], [ 8.483333333333333, 50.020277777777778 ] ] ] ] } },
{ "type": "Feature", "properties": { "id": "ED-DFAS/7", "minFL": 125, "maxFL": 134 }, "geometry": { "type": "MultiPolygon", "coordinates": [ [ [ [ 8.483333333333333, 50.020277777777778 ], [ 8.580833333333333, 50.043611111111112 ], [ 8.652777777777779, 50.06111111111111 ], [ 8.652777777777779, 50.06111111111111 ], [ 9.44, 50.244722222222222 ], [ 9.622222222222224, 50.286111111111111 ], [ 9.6925, 49.9775 ], [ 9.704722222222221, 49.924166666666665 ], [ 9.5375, 49.775555555555556 ], [ 9.205277777777777, 49.829444444444448 ], [ 9.185277777777777, 49.768888888888888 ], [ 9.185277777777777, 49.768888888888888 ], [ 9.134166666666665, 49.734444444444442 ], [ 9.113333333333333, 49.732222222222227 ], [ 8.960555555555555, 49.716111111111111 ], [ 8.776944444444446, 49.696388888888883 ], [ 8.49111111111111, 49.681111111111107 ], [ 8.437777777777779, 49.678055555555552 ], [ 8.1675, 49.662777777777777 ], [ 7.932777777777778, 49.7475 ], [ 7.702777777777778, 49.829722222222223 ], [ 7.695833333333334, 49.832222222222228 ], [ 7.691111111111112, 49.9425 ], [ 8.323055555555555, 49.843055555555559 ], [ 8.486666666666666, 49.8825 ], [ 8.483333333333333, 50.020277777777778 ] ] ] ] } },
{ "type": "Feature", "properties": { "id": "ED-DFAS/8", "minFL": 0, "maxFL": 134 }, "geometry": { "type": "MultiPolygon", "coordinates": [ [ [ [ 7.702777777777778, 49.829722222222223 ], [ 7.978333333333333, 49.897777777777776 ], [ 8.483333333333333, 50.020277777777778 ], [ 8.580833333333333, 50.043611111111112 ], [ 9.44, 50.244722222222222 ], [ 9.404166666666667, 50.388055555555553 ], [ 9.590555555555556, 50.423611111111107 ], [ 9.622222222222224, 50.286111111111111 ], [ 9.6925, 49.9775 ], [ 9.704722222222221, 49.924166666666665 ], [ 9.5375, 49.775555555555556 ], [ 9.205277777777777, 49.829444444444448 ], [ 9.185277777777777, 49.768888888888888 ], [ 9.134166666666665, 49.734444444444442 ], [ 9.113333333333333, 49.732222222222227 ], [ 8.960555555555555, 49.716111111111111 ], [ 8.776944444444446, 49.696388888888883 ], [ 8.49111111111111, 49.681111111111107 ], [ 8.437777777777779, 49.678055555555552 ], [ 8.1675, 49.662777777777777 ], [ 7.932777777777778, 49.7475 ], [ 7.702777777777778, 49.829722222222223 ] ] ] ] } },
{ "type": "Feature", "properties": { "id": "ED-DLA/1", "minFL": 0, "maxFL": 74 }, "geometry": { "type": "MultiPolygon", "coordinates": [ [ [ [ 6.219722222222222, 51.3175 ], [ 6.4025, 51.405833333333334 ], [ 6.236388888888889, 51.123333333333335 ], [ 6.219722222222222, 51.3175 ] ] ] ] } },
{ "type": "Feature", "properties": { "id": "ED-DLA/2", "minFL": 0, "maxFL": 154 }, "geometry": { "type": "MultiPolygon", "coordinates": [ [ [ [ 6.4025, 51.405833333333334 ], [ 6.595555555555555, 51.49861111111111 ], [ 6.800833333333333, 51.596666666666671 ], [ 7.171388888888889, 51.771388888888886 ], [ 7.410277777777778, 51.6575 ], [ 7.305555555555555, 51.516666666666666 ], [ 7.343333333333333, 51.423888888888889 ], [ 7.398055555555556, 51.370555555555555 ], [ 7.451111111111111, 51.318611111111117 ], [ 7.193333333333333, 51.200277777777778 ], [ 7.105555555555555, 51.159722222222221 ], [ 6.9775, 51.098333333333336 ], [ 6.755833333333333, 51.09 ], [ 6.616111111111111, 51.026388888888889 ], [ 6.386388888888889, 50.918333333333329 ], [ 6.243611111111111, 51.035277777777779 ], [ 6.236388888888889, 51.123333333333335 ], [ 6.4025, 51.405833333333334 ] ] ] ] } },
{ "type": "Feature", "properties": { "id": "ED-DLA/3", "minFL": 65, "maxFL": 154 }, "geometry": { "type": "MultiPolygon", "coordinates": [ [ [ [ 7.410277777777778, 51.6575 ], [ 7.479444444444445, 51.624166666666667 ], [ 7.583611111111111, 51.48 ], [ 7.656111111111112, 51.3775 ], [ 7.559444444444444, 51.369444444444447 ], [ 7.451111111111111, 51.318611111111117 ], [ 7.398055555555556, 51.370555555555555 ], [ 7.343333333333333, 51.423888888888889 ], [ 7.305555555555555, 51.516666666666666 ], [ 7.410277777777778, 51.6575 ] ] ] ] } },
{ "type": "Feature", "properties": { "id": "ED-DLA/4", "minFL": 65, "maxFL": 244 }, "geometry": { "type": "MultiPolygon", "coordinates": [ [ [ [ 7.451111111111111, 51.318611111111117 ], [ 7.559444444444444, 51.369444444444447 ], [ 7.656111111111112, 51.3775 ], [ 7.829166666666667, 51.132222222222225 ], [ 7.451111111111111, 51.318611111111117 ] ] ] ] } },
{ "type": "Feature", "properties": { "id": "ED-DLA/5", "minFL": 0, "maxFL": 244 }, "geometry": { "type": "MultiPolygon", "coordinates": [ [ [ [ 7.451111111111111, 51.318611111111117 ], [ 7.829166666666667, 51.132222222222225 ], [ 7.766666666666667, 51.124722222222225 ], [ 7.515833333333333, 51.116944444444442 ], [ 7.356111111111111, 51.111666666666665 ], [ 7.270833333333333, 51.108888888888892 ], [ 6.9775, 51.098333333333336 ], [ 7.105555555555555, 51.159722222222221 ], [ 7.193333333333333, 51.200277777777778 ], [ 7.451111111111111, 51.318611111111117 ] ] ] ] } },
{ "type": "Feature", "properties": { "id": "ED-DLA/6", "minFL": 105, "maxFL": 244 }, "geometry": { "type": "MultiPolygon", "coordinates": [ [ [ [ 6.9775, 51.098333333333336 ], [ 7.270833333333333, 51.108888888888892 ], [ 7.106944444444444, 51.031944444444441 ], [ 6.9775, 51.098333333333336 ] ] ] ] } },
{ "type": "Feature", "properties": { "id": "ED-ALR", "minFL": 105, "maxFL": 244 }, "geometry": { "type": "MultiPolygon", "coordinates": [ [ [ [ 9.408333333333333, 54.041944444444439 ], [ 9.9, 54.033333333333331 ], [ 9.946944444444444, 53.735 ], [ 9.965833333333332, 53.669722222222219 ], [ 9.9125, 53.43333333333333 ], [ 9.793888888888889, 52.9125 ], [ 9.739722222222222, 52.709722222222226 ], [ 9.441944444444445, 52.959166666666668 ], [ 8.760555555555555, 53.046388888888885 ], [ 8.546944444444444, 53.046666666666667 ], [ 8.483611111111109, 53.171388888888885 ], [ 8.287222222222223, 53.162222222222219 ], [ 8.190833333333334, 53.143888888888888 ], [ 8.139166666666666, 53.380833333333335 ], [ 8.336944444444445, 53.426388888888887 ], [ 8.624166666666667, 53.501111111111108 ], [ 8.822222222222223, 53.551944444444445 ], [ 8.918888888888889, 53.602222222222224 ], [ 9.00611111111111, 53.6475 ], [ 9.408333333333333, 54.041944444444439 ] ] ] ] } },
{ "type": "Feature", "properties": { "id": "ED-BOR/1", "minFL": 0, "maxFL": 284 }, "geometry": { "type": "MultiPolygon", "coordinates": [ [ [ [ 12.06388888888889, 52.481944444444444 ], [ 12.2775, 52.334166666666668 ], [ 12.408611111111112, 52.128888888888888 ], [ 12.494166666666667, 51.993333333333332 ], [ 12.339722222222223, 51.797777777777775 ], [ 12.260833333333334, 51.780277777777776 ], [ 12.098055555555556, 51.769444444444446 ], [ 11.407222222222222, 51.721388888888889 ], [ 11.208333333333332, 51.841111111111111 ], [ 11.1275, 51.908333333333331 ], [ 11.124722222222223, 51.931666666666665 ], [ 11.112222222222222, 52.036944444444444 ], [ 11.094166666666668, 52.186388888888885 ], [ 11.091666666666667, 52.208333333333336 ], [ 11.080555555555556, 52.291666666666664 ], [ 11.070277777777777, 52.37361111111111 ], [ 11.078333333333333, 52.4525 ], [ 11.127777777777778, 52.464166666666671 ], [ 11.953333333333333, 52.481111111111112 ], [ 12.06388888888889, 52.481944444444444 ] ] ] ] } },
{ "type": "Feature", "properties": { "id": "ED-BOR/2", "minFL": 0, "maxFL": 54 }, "geometry": { "type": "MultiPolygon", "coordinates": [ [ [ [ 10.983333333333333, 51.906666666666666 ], [ 11.124722222222223, 51.931666666666665 ], [ 11.127777777777778, 51.908055555555556 ], [ 11.208333333333332, 51.841111111111111 ], [ 11.407222222222222, 51.721388888888889 ], [ 11.151388888888889, 51.670833333333334 ], [ 10.984722222222221, 51.721111111111114 ], [ 10.983333333333333, 51.906666666666666 ] ] ] ] } },
{ "type": "Feature", "properties": { "id": "ED-BOR/3", "minFL": 165, "maxFL": 284 }, "geometry": { "type": "MultiPolygon", "coordinates": [ [ [ [ 12.181944444444444, 52.482777777777777 ], [ 12.244444444444444, 52.483333333333334 ], [ 13.309166666666668, 52.586388888888891 ], [ 13.495833333333332, 52.360833333333332 ], [ 13.5875, 52.171944444444442 ], [ 12.856388888888889, 51.952777777777783 ], [ 12.339722222222223, 51.797777777777775 ], [ 12.494166666666667, 51.993333333333332 ], [ 12.408611111111112, 52.128888888888888 ], [ 12.2775, 52.334166666666668 ], [ 12.06388888888889, 52.481944444444444 ], [ 12.166666666666666, 52.482777777777777 ], [ 12.181944444444444, 52.482777777777777 ] ] ] ] } },
{ "type": "Feature", "properties": { "id": "ED-DBAN/1", "minFL": 0, "maxFL": 134 }, "geometry": { "type": "MultiPolygon", "coordinates": [ [ [ [ 12.181944444444444, 52.482777777777777 ], [ 12.386111111111111, 52.611944444444447 ], [ 12.677222222222222, 52.842222222222226 ], [ 13.613888888888889, 52.971111111111114 ], [ 13.806666666666667, 53.082222222222228 ], [ 14.380555555555556, 53.124444444444443 ], [ 14.367777777777778, 53.081666666666671 ], [ 14.355277777777777, 53.056388888888883 ], [ 14.31861111111111, 53.035555555555554 ], [ 14.2575, 53.003611111111113 ], [ 14.245277777777776, 52.99861111111111 ], [ 14.200555555555555, 52.984444444444442 ], [ 14.186944444444444, 52.9775 ], [ 14.171388888888888, 52.974444444444444 ], [ 14.161666666666667, 52.964444444444446 ], [ 14.14111111111111, 52.948611111111106 ], [ 14.151388888888889, 52.92722222222222 ], [ 14.156666666666666, 52.906111111111109 ], [ 14.164166666666667, 52.892222222222223 ], [ 14.165, 52.87638888888889 ], [ 14.158611111111112, 52.866666666666667 ], [ 14.1425, 52.8575 ], [ 14.127777777777778, 52.847777777777779 ], [ 14.127777777777778, 52.838333333333338 ], [ 14.1375, 52.829722222222223 ], [ 14.144722222222221, 52.826388888888893 ], [ 14.216111111111111, 52.815555555555555 ], [ 14.306111111111111, 52.761111111111113 ], [ 14.347222222222223, 52.751944444444447 ], [ 14.381388888888889, 52.728611111111114 ], [ 14.431388888888888, 52.683888888888887 ], [ 14.46, 52.670277777777777 ], [ 14.476111111111111, 52.653888888888886 ], [ 14.51, 52.639722222222218 ], [ 14.525833333333335, 52.631666666666668 ], [ 14.550555555555556, 52.628611111111113 ], [ 14.588611111111112, 52.610555555555557 ], [ 14.608333333333333, 52.601666666666667 ], [ 14.638888888888889, 52.573055555555555 ], [ 14.641388888888889, 52.56305555555555 ], [ 14.6275, 52.558055555555555 ], [ 14.609722222222222, 52.526111111111113 ], [ 14.611388888888888, 52.513888888888886 ], [ 14.621111111111112, 52.5075 ], [ 14.635555555555555, 52.499444444444443 ], [ 14.635, 52.493611111111115 ], [ 14.403611111111111, 52.571944444444448 ], [ 14.025555555555556, 52.698333333333331 ], [ 13.548333333333334, 52.656944444444441 ], [ 13.309166666666668, 52.586388888888891 ], [ 12.244444444444444, 52.483333333333334 ], [ 12.181944444444444, 52.482777777777777 ] ] ] ] } },
{ "type": "Feature", "properties": { "id": "ED-DBAN/2", "minFL": 0, "maxFL": 104 }, "geometry": { "type": "MultiPolygon", "coordinates": [ [ [ [ 13.309166666666668, 52.586388888888891 ], [ 13.548333333333334, 52.656944444444441 ], [ 14.025555555555556, 52.698333333333331 ], [ 14.403611111111111, 52.571944444444448 ], [ 13.495833333333332, 52.360833333333332 ], [ 13.309166666666668, 52.586388888888891 ] ] ] ] } },
{ "type": "Feature", "properties": { "id": "ED-DBAN/3", "minFL": 0, "maxFL": 104 }, "geometry": { "type": "MultiPolygon", "coordinates": [ [ [ [ 12.181944444444444, 52.482777777777777 ], [ 12.244444444444444, 52.483333333333334 ], [ 13.309166666666668, 52.586388888888891 ], [ 13.495833333333332, 52.360833333333332 ], [ 13.04111111111111, 52.252222222222223 ], [ 12.715277777777777, 52.172777777777775 ], [ 12.408611111111112, 52.128888888888888 ], [ 12.2775, 52.334166666666668 ], [ 12.06388888888889, 52.481944444444444 ], [ 12.166666666666666, 52.482777777777777 ], [ 12.181944444444444, 52.482777777777777 ] ] ] ] } },
{ "type": "Feature", "properties": { "id": "ED-DBAS/1", "minFL": 0, "maxFL": 134 }, "geometry": { "type": "MultiPolygon", "coordinates": [ [ [ [ 12.339722222222223, 51.797777777777775 ], [ 12.856388888888889, 51.952777777777783 ], [ 13.5875, 52.171944444444442 ], [ 14.701666666666666, 52.162777777777777 ], [ 14.685555555555556, 52.145833333333336 ], [ 14.680277777777777, 52.138611111111111 ], [ 14.688055555555556, 52.113055555555555 ], [ 14.696944444444444, 52.101111111111109 ], [ 14.736388888888888, 52.089722222222221 ], [ 14.759166666666667, 52.070277777777783 ], [ 14.7475, 52.0575 ], [ 14.743611111111111, 52.031111111111109 ], [ 14.718333333333334, 52.002222222222223 ], [ 14.717222222222222, 51.991666666666667 ], [ 14.706944444444444, 51.974166666666669 ], [ 14.706944444444444, 51.961944444444448 ], [ 14.718333333333334, 51.946666666666665 ], [ 14.706944444444444, 51.933055555555555 ], [ 14.691388888888889, 51.8975 ], [ 14.659722222222223, 51.886111111111113 ], [ 14.643888888888888, 51.863333333333337 ], [ 14.616111111111111, 51.853888888888889 ], [ 14.613055555555555, 51.845 ], [ 14.603055555555555, 51.840833333333336 ], [ 14.599166666666667, 51.818611111111117 ], [ 14.610833333333334, 51.802777777777777 ], [ 14.616666666666667, 51.8 ], [ 14.637777777777778, 51.796666666666667 ], [ 14.649444444444445, 51.786388888888887 ], [ 14.657777777777778, 51.757222222222225 ], [ 14.656111111111111, 51.74388888888889 ], [ 14.669166666666666, 51.722222222222221 ], [ 14.698333333333334, 51.702222222222225 ], [ 14.712222222222222, 51.698333333333331 ], [ 13.75, 51.508333333333333 ], [ 13.24861111111111, 51.508333333333333 ], [ 13.12638888888889, 51.508333333333333 ], [ 13.1, 51.508333333333333 ], [ 12.851388888888888, 51.603888888888889 ], [ 12.543333333333333, 51.721111111111114 ], [ 12.339722222222223, 51.797777777777775 ] ] ] ] } },
{ "type": "Feature", "properties": { "id": "ED-DBAS/2", "minFL": 0, "maxFL": 104 }, "geometry": { "type": "MultiPolygon", "coordinates": [ [ [ [ 13.495833333333332, 52.360833333333332 ], [ 14.403611111111111, 52.571944444444448 ], [ 14.635, 52.493611111111115 ], [ 14.587777777777779, 52.441388888888888 ], [ 14.545277777777777, 52.426666666666662 ], [ 14.535277777777777, 52.391388888888891 ], [ 14.55, 52.376666666666665 ], [ 14.564722222222223, 52.329722222222223 ], [ 14.578333333333333, 52.32 ], [ 14.586388888888889, 52.30555555555555 ], [ 14.58, 52.293333333333329 ], [ 14.577777777777778, 52.290277777777774 ], [ 14.581388888888888, 52.286111111111111 ], [ 14.601388888888888, 52.270833333333336 ], [ 14.619444444444445, 52.270555555555553 ], [ 14.639444444444443, 52.261944444444445 ], [ 14.693611111111112, 52.25416666666667 ], [ 14.711666666666666, 52.241666666666667 ], [ 14.715277777777777, 52.230555555555554 ], [ 14.713055555555554, 52.217777777777776 ], [ 14.692777777777778, 52.193888888888885 ], [ 14.709444444444443, 52.17444444444444 ], [ 14.708888888888888, 52.167777777777772 ], [ 14.701666666666666, 52.162777777777777 ], [ 13.5875, 52.171944444444442 ], [ 13.495833333333332, 52.360833333333332 ] ] ] ] } },
{ "type": "Feature", "properties": { "id": "ED-DBAS/3", "minFL": 0, "maxFL": 54 }, "geometry": { "type": "MultiPolygon", "coordinates": [ [ [ [ 12.408611111111112, 52.128888888888888 ], [ 12.494166666666667, 51.993333333333332 ], [ 12.339722222222223, 51.797777777777775 ], [ 12.856388888888889, 51.952777777777783 ], [ 13.5875, 52.171944444444442 ], [ 13.04111111111111, 52.252222222222223 ], [ 12.715277777777777, 52.172777777777775 ], [ 12.408611111111112, 52.128888888888888 ] ] ] ] } },
{ "type": "Feature", "properties": { "id": "ED-DBAS/4", "minFL": 55, "maxFL": 104 }, "geometry": { "type": "MultiPolygon", "coordinates": [ [ [ [ 12.408611111111112, 52.128888888888888 ], [ 12.494166666666667, 51.993333333333332 ], [ 12.339722222222223, 51.797777777777775 ], [ 12.856388888888889, 51.952777777777783 ], [ 13.5875, 52.171944444444442 ], [ 13.04111111111111, 52.252222222222223 ], [ 12.715277777777777, 52.172777777777775 ], [ 12.408611111111112, 52.128888888888888 ] ] ] ] } },
{ "type": "Feature", "properties": { "id": "ED-DBAS/5", "minFL": 0, "maxFL": 54 }, "geometry": { "type": "MultiPolygon", "coordinates": [ [ [ [ 13.04111111111111, 52.252222222222223 ], [ 13.5875, 52.171944444444442 ], [ 13.495833333333332, 52.360833333333332 ], [ 13.04111111111111, 52.252222222222223 ] ] ] ] } },
{ "type": "Feature", "properties": { "id": "ED-DBDN/1", "minFL": 105, "maxFL": 164 }, "geometry": { "type": "MultiPolygon", "coordinates": [ [ [ [ 13.309166666666668, 52.586388888888891 ], [ 13.548333333333334, 52.656944444444441 ], [ 14.025555555555556, 52.698333333333331 ], [ 14.403611111111111, 52.571944444444448 ], [ 14.635, 52.493611111111115 ], [ 14.079444444444444, 52.358055555555559 ], [ 13.742777777777777, 52.398888888888891 ], [ 13.495833333333332, 52.360833333333332 ], [ 13.04111111111111, 52.252222222222223 ], [ 12.715277777777777, 52.172777777777775 ], [ 12.408611111111112, 52.128888888888888 ], [ 12.2775, 52.334166666666668 ], [ 12.06388888888889, 52.481944444444444 ], [ 12.166666666666666, 52.482777777777777 ], [ 12.181944444444444, 52.482777777777777 ], [ 12.244444444444444, 52.483333333333334 ], [ 13.309166666666668, 52.586388888888891 ] ] ] ] } },
{ "type": "Feature", "properties": { "id": "ED-DBDN/2", "minFL": 0, "maxFL": 104 }, "geometry": { "type": "MultiPolygon", "coordinates": [ [ [ [ 13.309166666666668, 52.586388888888891 ], [ 13.548333333333334, 52.656944444444441 ], [ 14.025555555555556, 52.698333333333331 ], [ 14.635, 52.493611111111115 ], [ 14.079444444444444, 52.358055555555559 ], [ 13.742777777777777, 52.398888888888891 ], [ 13.495833333333332, 52.360833333333332 ], [ 13.309166666666668, 52.586388888888891 ] ] ] ] } },
{ "type": "Feature", "properties": { "id": "ED-DBDN/3", "minFL": 0, "maxFL": 104 }, "geometry": { "type": "MultiPolygon", "coordinates": [ [ [ [ 13.309166666666668, 52.586388888888891 ], [ 13.495833333333332, 52.360833333333332 ], [ 13.04111111111111, 52.252222222222223 ], [ 12.715277777777777, 52.172777777777775 ], [ 12.408611111111112, 52.128888888888888 ], [ 12.2775, 52.334166666666668 ], [ 12.06388888888889, 52.481944444444444 ], [ 12.166666666666666, 52.482777777777777 ], [ 12.181944444444444, 52.482777777777777 ], [ 12.244444444444444, 52.483333333333334 ], [ 13.309166666666668, 52.586388888888891 ] ] ] ] } },
{ "type": "Feature", "properties": { "id": "ED-DBDS/1", "minFL": 105, "maxFL": 164 }, "geometry": { "type": "MultiPolygon", "coordinates": [ [ [ [ 12.408611111111112, 52.128888888888888 ], [ 12.715277777777777, 52.172777777777775 ], [ 13.04111111111111, 52.252222222222223 ], [ 13.495833333333332, 52.360833333333332 ], [ 13.742777777777777, 52.398888888888891 ], [ 14.079444444444444, 52.358055555555559 ], [ 14.635, 52.493611111111115 ], [ 14.587777777777779, 52.441388888888888 ], [ 14.545277777777777, 52.426666666666662 ], [ 14.535277777777777, 52.391388888888891 ], [ 14.55, 52.376666666666665 ], [ 14.564722222222223, 52.329722222222223 ], [ 14.578333333333333, 52.32 ], [ 14.586388888888889, 52.30555555555555 ], [ 14.58, 52.293333333333329 ], [ 14.577777777777778, 52.290277777777774 ], [ 14.581388888888888, 52.286111111111111 ], [ 14.601388888888888, 52.270833333333336 ], [ 14.619444444444445, 52.270555555555553 ], [ 14.639444444444443, 52.261944444444445 ], [ 14.693611111111112, 52.25416666666667 ], [ 14.711666666666666, 52.241666666666667 ], [ 14.715277777777777, 52.230555555555554 ], [ 14.713055555555554, 52.217777777777776 ], [ 14.692777777777778, 52.193888888888885 ], [ 14.709444444444443, 52.17444444444444 ], [ 14.708888888888888, 52.167777777777772 ], [ 14.701666666666666, 52.162777777777777 ], [ 13.5875, 52.171944444444442 ], [ 12.856388888888889, 51.952777777777783 ], [ 12.339722222222223, 51.797777777777775 ], [ 12.494166666666667, 51.993333333333332 ], [ 12.408611111111112, 52.128888888888888 ] ] ] ] } },
{ "type": "Feature", "properties": { "id": "ED-DBDS/2", "minFL": 55, "maxFL": 104 }, "geometry": { "type": "MultiPolygon", "coordinates": [ [ [ [ 13.04111111111111, 52.252222222222223 ], [ 13.5875, 52.171944444444442 ], [ 13.495833333333332, 52.360833333333332 ], [ 13.04111111111111, 52.252222222222223 ] ] ] ] } },
{ "type": "Feature", "properties": { "id": "ED-DBDS/3", "minFL": 0, "maxFL": 104 }, "geometry": { "type": "MultiPolygon", "coordinates": [ [ [ [ 13.495833333333332, 52.360833333333332 ], [ 13.742777777777777, 52.398888888888891 ], [ 14.079444444444444, 52.358055555555559 ], [ 14.635, 52.493611111111115 ], [ 14.587777777777779, 52.441388888888888 ], [ 14.545277777777777, 52.426666666666662 ], [ 14.535277777777777, 52.391388888888891 ], [ 14.55, 52.376666666666665 ], [ 14.564722222222223, 52.329722222222223 ], [ 14.578333333333333, 52.32 ], [ 14.586388888888889, 52.30555555555555 ], [ 14.58, 52.293333333333329 ], [ 14.577777777777778, 52.290277777777774 ], [ 14.581388888888888, 52.286111111111111 ], [ 14.601388888888888, 52.270833333333336 ], [ 14.619444444444445, 52.270555555555553 ], [ 14.639444444444443, 52.261944444444445 ], [ 14.693611111111112, 52.25416666666667 ], [ 14.711666666666666, 52.241666666666667 ], [ 14.715277777777777, 52.230555555555554 ], [ 14.713055555555554, 52.217777777777776 ], [ 14.692777777777778, 52.193888888888885 ], [ 14.709444444444443, 52.17444444444444 ], [ 14.708888888888888, 52.167777777777772 ], [ 14.701666666666666, 52.162777777777777 ], [ 13.5875, 52.171944444444442 ], [ 13.495833333333332, 52.360833333333332 ] ] ] ] } },
{ "type": "Feature", "properties": { "id": "ED-DBDS/4", "minFL": 0, "maxFL": 104 }, "geometry": { "type": "MultiPolygon", "coordinates": [ [ [ [ 12.339722222222223, 51.797777777777775 ], [ 12.856388888888889, 51.952777777777783 ], [ 13.5875, 52.171944444444442 ], [ 13.495833333333332, 52.360833333333332 ], [ 13.04111111111111, 52.252222222222223 ], [ 12.715277777777777, 52.172777777777775 ], [ 12.408611111111112, 52.128888888888888 ], [ 12.494166666666667, 51.993333333333332 ], [ 12.339722222222223, 51.797777777777775 ] ] ] ] } },
{ "type": "Feature", "properties": { "id": "ED-EID/1", "minFL": 0, "maxFL": 244 }, "geometry": { "type": "MultiPolygon", "coordinates": [ [ [ [ 6.5, 55.0 ], [ 7.715833333333333, 55.0 ], [ 7.916666666666667, 55.0 ], [ 8.0, 55.0 ], [ 8.060277777777779, 55.012222222222221 ], [ 8.333333333333334, 55.06666666666667 ], [ 8.391944444444444, 55.069166666666668 ], [ 8.448611111111111, 55.07138888888889 ], [ 8.666666666666666, 54.916666666666664 ], [ 9.019444444444446, 54.9 ], [ 9.222222222222223, 54.87222222222222 ], [ 9.283333333333333, 54.8375 ], [ 9.515833333333333, 54.850555555555559 ], [ 9.738888888888889, 54.823333333333338 ], [ 9.739722222222222, 54.823333333333338 ], [ 9.740833333333333, 54.823333333333338 ], [ 9.747222222222222, 54.82416666666667 ], [ 9.894166666666667, 54.841666666666669 ], [ 10.051666666666668, 54.766111111111108 ], [ 10.053611111111111, 54.765 ], [ 10.15, 54.746388888888887 ], [ 10.166666666666666, 54.743055555555557 ], [ 10.5, 54.658333333333331 ], [ 10.583333333333334, 54.656944444444441 ], [ 10.666666666666666, 54.655555555555551 ], [ 10.883333333333333, 54.595 ], [ 10.883333333333333, 54.386388888888888 ], [ 10.416666666666666, 54.191666666666663 ], [ 9.9, 54.033333333333331 ], [ 9.408333333333333, 54.041944444444439 ], [ 9.00611111111111, 53.6475 ], [ 8.918888888888889, 53.602222222222224 ], [ 8.822222222222223, 53.551944444444445 ], [ 8.624166666666667, 53.501111111111108 ], [ 8.288611111111111, 53.651111111111106 ], [ 7.985555555555556, 53.864722222222227 ], [ 6.920833333333333, 53.805833333333332 ], [ 6.5, 53.949444444444438 ], [ 6.5, 55.0 ] ] ] ] } },
{ "type": "Feature", "properties": { "id": "ED-EID/2", "minFL": 105, "maxFL": 244 }, "geometry": { "type": "MultiPolygon", "coordinates": [ [ [ [ 6.5, 53.949444444444438 ], [ 6.920833333333333, 53.805833333333332 ], [ 7.985555555555556, 53.864722222222227 ], [ 8.288611111111111, 53.651111111111106 ], [ 8.624166666666667, 53.501111111111108 ], [ 8.336944444444445, 53.426388888888887 ], [ 8.139166666666666, 53.380833333333335 ], [ 8.190833333333334, 53.143888888888888 ], [ 7.882222222222222, 53.085555555555558 ], [ 7.17, 52.944166666666661 ], [ 7.209444444444444, 53.000555555555557 ], [ 7.207222222222223, 53.040833333333332 ], [ 7.202777777777778, 53.113333333333337 ], [ 7.211666666666667, 53.176944444444445 ], [ 7.213055555555556, 53.186388888888885 ], [ 7.214166666666667, 53.194166666666661 ], [ 7.216944444444445, 53.213333333333338 ], [ 7.2, 53.271666666666668 ], [ 7.191666666666667, 53.3 ], [ 7.08111111111111, 53.31111111111111 ], [ 7.025, 53.31666666666667 ], [ 6.993611111111111, 53.336388888888891 ], [ 6.949444444444445, 53.398888888888891 ], [ 6.863611111111111, 53.474444444444444 ], [ 6.816388888888889, 53.495833333333337 ], [ 6.741666666666667, 53.50416666666667 ], [ 6.672222222222222, 53.522777777777776 ], [ 6.606666666666666, 53.560555555555553 ], [ 6.5, 53.666666666666664 ], [ 6.5, 53.949444444444438 ] ] ] ] } },
{ "type": "Feature", "properties": { "id": "ED-EMS/1", "minFL": 0, "maxFL": 244 }, "geometry": { "type": "MultiPolygon", "coordinates": [ [ [ [ 7.059722222222222, 52.686944444444443 ], [ 7.565, 52.706111111111113 ], [ 7.903888888888889, 52.719166666666666 ], [ 8.653611111111111, 52.743055555555557 ], [ 8.876944444444446, 52.705555555555556 ], [ 8.515, 52.293055555555554 ], [ 8.3975, 52.32694444444445 ], [ 8.185833333333333, 52.37361111111111 ], [ 8.0, 52.369722222222222 ], [ 7.611111111111111, 52.360555555555557 ], [ 7.327222222222222, 52.353333333333332 ], [ 7.138888888888889, 52.348055555555561 ], [ 7.065277777777777, 52.345833333333339 ], [ 7.061111111111111, 52.393333333333331 ], [ 7.0575, 52.666388888888889 ], [ 7.059722222222222, 52.686944444444443 ] ] ] ] } },
{ "type": "Feature", "properties": { "id": "ED-EMS/2", "minFL": 105, "maxFL": 244 }, "geometry": { "type": "MultiPolygon", "coordinates": [ [ [ [ 8.483611111111109, 53.171388888888885 ], [ 8.546944444444444, 53.046666666666667 ], [ 8.760555555555555, 53.046388888888885 ], [ 9.441944444444445, 52.959166666666668 ], [ 9.739722222222222, 52.709722222222226 ], [ 9.668333333333333, 52.501111111111108 ], [ 9.6225, 52.365833333333335 ], [ 9.203055555555554, 52.256388888888885 ], [ 9.0975, 52.146666666666668 ], [ 8.7625, 52.094166666666666 ], [ 8.741388888888888, 52.133333333333333 ], [ 8.586111111111112, 52.130277777777778 ], [ 8.0, 52.116666666666667 ], [ 8.0, 52.369722222222222 ], [ 8.185833333333333, 52.37361111111111 ], [ 8.3975, 52.32694444444445 ], [ 8.515, 52.293055555555554 ], [ 8.876944444444446, 52.705555555555556 ], [ 8.653611111111111, 52.743055555555557 ], [ 7.903888888888889, 52.719166666666666 ], [ 7.565, 52.706111111111113 ], [ 7.059722222222222, 52.686944444444443 ], [ 7.063611111111111, 52.718055555555559 ], [ 7.067222222222222, 52.745555555555555 ], [ 7.075, 52.80833333333333 ], [ 7.136388888888889, 52.896388888888886 ], [ 7.17, 52.944166666666661 ], [ 7.882222222222222, 53.085555555555558 ], [ 8.190833333333334, 53.143888888888888 ], [ 8.287222222222223, 53.162222222222219 ], [ 8.483611111111109, 53.171388888888885 ] ] ] ] } },
{ "type": "Feature", "properties": { "id": "ED-EMS/3", "minFL": 0, "maxFL": 24 }, "geometry": { "type": "MultiPolygon", "coordinates": [ [ [ [ 7.0575, 52.666388888888889 ], [ 7.061111111111111, 52.393333333333331 ], [ 7.058333333333334, 52.396111111111111 ], [ 7.058888888888888, 52.396388888888886 ], [ 7.058888888888888, 52.396944444444443 ], [ 7.058611111111111, 52.399166666666666 ], [ 7.055833333333333, 52.400555555555556 ], [ 7.055277777777778, 52.400833333333331 ], [ 7.051388888888889, 52.399722222222223 ], [ 7.050833333333333, 52.400555555555556 ], [ 7.050277777777778, 52.400555555555556 ], [ 7.046388888888889, 52.400833333333331 ], [ 7.041388888888889, 52.4025 ], [ 7.038055555555555, 52.4025 ], [ 7.036111111111111, 52.4025 ], [ 7.034444444444444, 52.403611111111111 ], [ 7.033333333333333, 52.406388888888884 ], [ 7.032222222222222, 52.407222222222224 ], [ 7.027777777777778, 52.413611111111109 ], [ 7.021944444444444, 52.422777777777775 ], [ 7.010555555555555, 52.428888888888885 ], [ 7.005, 52.445277777777775 ], [ 7.0, 52.454444444444448 ], [ 6.994444444444444, 52.461944444444448 ], [ 6.993888888888889, 52.465277777777779 ], [ 6.991666666666667, 52.467222222222226 ], [ 6.9875, 52.469722222222224 ], [ 6.9775, 52.465555555555561 ], [ 6.976111111111111, 52.463055555555556 ], [ 6.975833333333333, 52.462777777777781 ], [ 6.975833333333333, 52.462777777777781 ], [ 6.974444444444445, 52.459444444444451 ], [ 6.969722222222222, 52.454444444444448 ], [ 6.966666666666667, 52.449722222222221 ], [ 6.961944444444445, 52.444444444444443 ], [ 6.961944444444445, 52.443888888888885 ], [ 6.961666666666667, 52.44361111111111 ], [ 6.960833333333333, 52.443888888888885 ], [ 6.947222222222223, 52.436388888888885 ], [ 6.941388888888889, 52.435277777777777 ], [ 6.905833333333334, 52.44222222222222 ], [ 6.888888888888888, 52.446388888888883 ], [ 6.861666666666666, 52.451111111111111 ], [ 6.8525, 52.449722222222221 ], [ 6.854166666666666, 52.459444444444451 ], [ 6.844722222222222, 52.459166666666668 ], [ 6.831666666666666, 52.459722222222226 ], [ 6.804444444444444, 52.459444444444451 ], [ 6.774722222222223, 52.459444444444451 ], [ 6.7525, 52.463888888888889 ], [ 6.723611111111111, 52.476944444444449 ], [ 6.720277777777778, 52.476944444444449 ], [ 6.7175, 52.478055555555557 ], [ 6.6975, 52.486111111111114 ], [ 6.703888888888889, 52.515833333333333 ], [ 6.705277777777778, 52.520833333333336 ], [ 6.680833333333334, 52.553055555555552 ], [ 6.715833333333333, 52.548333333333332 ], [ 6.716111111111111, 52.548611111111107 ], [ 6.715833333333333, 52.549166666666665 ], [ 6.716111111111111, 52.549722222222222 ], [ 6.716111111111111, 52.550277777777772 ], [ 6.718055555555556, 52.55083333333333 ], [ 6.72, 52.551666666666662 ], [ 6.72, 52.5525 ], [ 6.720555555555555, 52.5525 ], [ 6.720833333333333, 52.553055555555552 ], [ 6.725277777777777, 52.56166666666666 ], [ 6.725555555555555, 52.5625 ], [ 6.725833333333333, 52.56305555555555 ], [ 6.734166666666667, 52.56166666666666 ], [ 6.738333333333333, 52.561944444444443 ], [ 6.74, 52.561944444444443 ], [ 6.750555555555556, 52.559166666666663 ], [ 6.751944444444445, 52.558888888888887 ], [ 6.753611111111111, 52.559166666666663 ], [ 6.763888888888889, 52.561388888888885 ], [ 6.766666666666667, 52.561388888888885 ], [ 6.766388888888889, 52.563333333333333 ], [ 6.718611111111112, 52.588611111111113 ], [ 6.72, 52.593333333333334 ], [ 6.721388888888889, 52.594722222222224 ], [ 6.720555555555555, 52.596111111111114 ], [ 6.720833333333333, 52.598055555555561 ], [ 6.723611111111111, 52.603055555555557 ], [ 6.723888888888889, 52.603888888888889 ], [ 6.723611111111111, 52.604444444444447 ], [ 6.723888888888889, 52.605555555555554 ], [ 6.724444444444445, 52.6075 ], [ 6.724166666666667, 52.608333333333334 ], [ 6.724722222222223, 52.608888888888892 ], [ 6.725, 52.610277777777782 ], [ 6.727222222222222, 52.614722222222227 ], [ 6.725277777777777, 52.617777777777775 ], [ 6.725, 52.618333333333332 ], [ 6.724166666666667, 52.61888888888889 ], [ 6.722777777777778, 52.62027777777778 ], [ 6.721944444444444, 52.62027777777778 ], [ 6.720277777777778, 52.621388888888887 ], [ 6.718611111111112, 52.621944444444445 ], [ 6.718333333333334, 52.622777777777777 ], [ 6.718055555555556, 52.623333333333335 ], [ 6.714722222222222, 52.625833333333333 ], [ 6.714166666666667, 52.626666666666665 ], [ 6.711944444444445, 52.626666666666665 ], [ 6.71, 52.627222222222223 ], [ 6.71, 52.627222222222223 ], [ 6.71, 52.62777777777778 ], [ 6.712777777777778, 52.628888888888888 ], [ 6.715, 52.630277777777778 ], [ 6.718055555555556, 52.63111111111111 ], [ 6.720555555555555, 52.631388888888893 ], [ 6.726388888888889, 52.633055555555558 ], [ 6.730555555555556, 52.6375 ], [ 6.736944444444444, 52.641111111111108 ], [ 6.741944444444444, 52.645277777777778 ], [ 6.750277777777778, 52.646666666666668 ], [ 6.750555555555556, 52.647222222222219 ], [ 6.752222222222223, 52.647777777777776 ], [ 6.753055555555555, 52.648055555555558 ], [ 6.753611111111111, 52.647777777777776 ], [ 6.753333333333333, 52.6475 ], [ 6.751666666666667, 52.646944444444443 ], [ 6.752222222222223, 52.646111111111111 ], [ 6.753333333333333, 52.645833333333336 ], [ 6.754444444444444, 52.646111111111111 ], [ 6.754722222222222, 52.646666666666668 ], [ 6.755555555555556, 52.646944444444443 ], [ 6.755277777777778, 52.647222222222219 ], [ 6.758611111111111, 52.648611111111109 ], [ 6.767777777777778, 52.646666666666668 ], [ 6.771944444444444, 52.65 ], [ 6.774166666666667, 52.65 ], [ 6.777222222222222, 52.651388888888889 ], [ 6.783611111111111, 52.6525 ], [ 6.787222222222222, 52.652222222222221 ], [ 6.789722222222222, 52.652777777777779 ], [ 6.790833333333333, 52.6525 ], [ 6.793055555555555, 52.650833333333331 ], [ 6.794166666666666, 52.650555555555556 ], [ 6.802222222222222, 52.651666666666664 ], [ 6.803055555555555, 52.651666666666664 ], [ 6.805833333333333, 52.651111111111106 ], [ 6.807222222222222, 52.649444444444441 ], [ 6.807777777777778, 52.648888888888891 ], [ 6.816111111111111, 52.648611111111109 ], [ 6.818333333333333, 52.6475 ], [ 6.822222222222222, 52.6475 ], [ 6.8275, 52.648888888888891 ], [ 6.829444444444444, 52.649722222222223 ], [ 6.830277777777778, 52.650555555555556 ], [ 6.831666666666666, 52.651388888888889 ], [ 6.8375, 52.651944444444446 ], [ 6.838611111111111, 52.651666666666664 ], [ 6.851111111111111, 52.648611111111109 ], [ 6.85361111111111, 52.649444444444441 ], [ 6.864444444444444, 52.649722222222223 ], [ 6.869444444444445, 52.651666666666664 ], [ 6.871388888888889, 52.652777777777779 ], [ 6.873055555555556, 52.653055555555554 ], [ 6.87388888888889, 52.652777777777779 ], [ 6.876666666666667, 52.651388888888889 ], [ 6.879722222222223, 52.650277777777774 ], [ 6.891666666666667, 52.651388888888889 ], [ 6.897222222222222, 52.651111111111106 ], [ 6.89861111111111, 52.650833333333331 ], [ 6.902777777777779, 52.648333333333333 ], [ 6.907777777777778, 52.647777777777776 ], [ 6.91388888888889, 52.646666666666668 ], [ 6.914444444444444, 52.646388888888886 ], [ 6.914722222222222, 52.645833333333336 ], [ 6.915555555555556, 52.641666666666666 ], [ 6.918611111111112, 52.639722222222218 ], [ 6.919166666666667, 52.639722222222218 ], [ 6.928611111111111, 52.64 ], [ 6.934444444444445, 52.638055555555553 ], [ 6.938611111111111, 52.637777777777778 ], [ 6.939722222222223, 52.637777777777778 ], [ 6.945, 52.639166666666668 ], [ 6.953333333333333, 52.638888888888886 ], [ 6.954166666666667, 52.639166666666668 ], [ 6.958888888888889, 52.641666666666666 ], [ 6.968055555555556, 52.641666666666666 ], [ 6.97, 52.6425 ], [ 6.974722222222223, 52.645833333333336 ], [ 6.975833333333333, 52.646111111111111 ], [ 6.981666666666666, 52.645 ], [ 6.984166666666667, 52.643611111111113 ], [ 6.992222222222222, 52.641111111111108 ], [ 6.993611111111111, 52.641111111111108 ], [ 6.999166666666667, 52.641944444444441 ], [ 7.000277777777778, 52.641944444444441 ], [ 7.001944444444445, 52.641666666666666 ], [ 7.004444444444444, 52.640833333333333 ], [ 7.005555555555556, 52.639166666666668 ], [ 7.006388888888889, 52.638333333333335 ], [ 7.0125, 52.636666666666663 ], [ 7.021111111111111, 52.635555555555555 ], [ 7.028611111111111, 52.634444444444441 ], [ 7.035555555555556, 52.634722222222223 ], [ 7.036666666666666, 52.634166666666665 ], [ 7.038055555555555, 52.632777777777775 ], [ 7.039444444444444, 52.6325 ], [ 7.041666666666667, 52.6325 ], [ 7.055555555555555, 52.643333333333331 ], [ 7.055555555555555, 52.644166666666663 ], [ 7.054722222222222, 52.644166666666663 ], [ 7.054722222222222, 52.644444444444446 ], [ 7.0575, 52.666388888888889 ] ] ] ] } },
{ "type": "Feature", "properties": { "id": "ED-FLG/1", "minFL": 165, "maxFL": 284 }, "geometry": { "type": "MultiPolygon", "coordinates": [ [ [ [ 13.309166666666668, 52.586388888888891 ], [ 13.548333333333334, 52.656944444444441 ], [ 14.025555555555556, 52.698333333333331 ], [ 14.403611111111111, 52.571944444444448 ], [ 14.635, 52.493611111111115 ], [ 14.587777777777779, 52.441388888888888 ], [ 14.545277777777777, 52.426666666666662 ], [ 14.535277777777777, 52.391388888888891 ], [ 14.55, 52.376666666666665 ], [ 14.564722222222223, 52.329722222222223 ], [ 14.578333333333333, 52.32 ], [ 14.586388888888889, 52.30555555555555 ], [ 14.58, 52.293333333333329 ], [ 14.577777777777778, 52.290277777777774 ], [ 14.581388888888888, 52.286111111111111 ], [ 14.601388888888888, 52.270833333333336 ], [ 14.619444444444445, 52.270555555555553 ], [ 14.639444444444443, 52.261944444444445 ], [ 14.693611111111112, 52.25416666666667 ], [ 14.711666666666666, 52.241666666666667 ], [ 14.715277777777777, 52.230555555555554 ], [ 14.713055555555554, 52.217777777777776 ], [ 14.692777777777778, 52.193888888888885 ], [ 14.709444444444443, 52.17444444444444 ], [ 14.708888888888888, 52.167777777777772 ], [ 14.701666666666666, 52.162777777777777 ], [ 13.5875, 52.171944444444442 ], [ 13.495833333333332, 52.360833333333332 ], [ 13.309166666666668, 52.586388888888891 ] ] ] ] } },
{ "type": "Feature", "properties": { "id": "ED-FLG/2", "minFL": 135, "maxFL": 284 }, "geometry": { "type": "MultiPolygon", "coordinates": [ [ [ [ 14.701666666666666, 52.162777777777777 ], [ 14.685555555555556, 52.145833333333336 ], [ 14.680277777777777, 52.138611111111111 ], [ 14.688055555555556, 52.113055555555555 ], [ 14.696944444444444, 52.101111111111109 ], [ 14.736388888888888, 52.089722222222221 ], [ 14.759166666666667, 52.070277777777783 ], [ 14.7475, 52.0575 ], [ 14.743611111111111, 52.031111111111109 ], [ 14.718333333333334, 52.002222222222223 ], [ 14.717222222222222, 51.991666666666667 ], [ 14.706944444444444, 51.974166666666669 ], [ 14.706944444444444, 51.961944444444448 ], [ 14.718333333333334, 51.946666666666665 ], [ 14.706944444444444, 51.933055555555555 ], [ 14.691388888888889, 51.8975 ], [ 14.659722222222223, 51.886111111111113 ], [ 14.643888888888888, 51.863333333333337 ], [ 14.616111111111111, 51.853888888888889 ], [ 14.613055555555555, 51.845 ], [ 14.603055555555555, 51.840833333333336 ], [ 14.599166666666667, 51.818611111111117 ], [ 14.610833333333334, 51.802777777777777 ], [ 14.616666666666667, 51.8 ], [ 14.637777777777778, 51.796666666666667 ], [ 14.649444444444445, 51.786388888888887 ], [ 14.657777777777778, 51.757222222222225 ], [ 14.656111111111111, 51.74388888888889 ], [ 14.669166666666666, 51.722222222222221 ], [ 14.698333333333334, 51.702222222222225 ], [ 14.712222222222222, 51.698333333333331 ], [ 13.75, 51.508333333333333 ], [ 13.24861111111111, 51.508333333333333 ], [ 13.12638888888889, 51.508333333333333 ], [ 13.1, 51.508333333333333 ], [ 12.851388888888888, 51.603888888888889 ], [ 12.543333333333333, 51.721111111111114 ], [ 12.339722222222223, 51.797777777777775 ], [ 12.856388888888889, 51.952777777777783 ], [ 13.5875, 52.171944444444442 ], [ 14.701666666666666, 52.162777777777777 ] ] ] ] } },
{ "type": "Feature", "properties": { "id": "ED-FLG/3", "minFL": 165, "maxFL": 284 }, "geometry": { "type": "MultiPolygon", "coordinates": [ [ [ [ 12.260833333333334, 51.780277777777776 ], [ 12.339722222222223, 51.797777777777775 ], [ 12.543333333333333, 51.721111111111114 ], [ 12.851388888888888, 51.603888888888889 ], [ 13.1, 51.508333333333333 ], [ 12.826944444444445, 51.457222222222228 ], [ 12.523055555555556, 51.592777777777783 ], [ 12.443055555555556, 51.650277777777774 ], [ 12.260833333333334, 51.780277777777776 ] ] ] ] } },
{ "type": "Feature", "properties": { "id": "ED-FRI", "minFL": 0, "maxFL": 104 }, "geometry": { "type": "MultiPolygon", "coordinates": [ [ [ [ 6.5, 53.949444444444438 ], [ 6.920833333333333, 53.805833333333332 ], [ 7.985555555555556, 53.864722222222227 ], [ 8.288611111111111, 53.651111111111106 ], [ 8.624166666666667, 53.501111111111108 ], [ 8.822222222222223, 53.551944444444445 ], [ 8.918888888888889, 53.602222222222224 ], [ 9.793888888888889, 52.9125 ], [ 9.739722222222222, 52.709722222222226 ], [ 9.41861111111111, 52.70194444444445 ], [ 9.086111111111112, 52.68333333333333 ], [ 8.876944444444446, 52.705555555555556 ], [ 8.653611111111111, 52.743055555555557 ], [ 7.903888888888889, 52.719166666666666 ], [ 7.565, 52.706944444444446 ], [ 7.059722222222222, 52.686944444444443 ], [ 7.063611111111111, 52.718055555555559 ], [ 7.067222222222222, 52.745555555555555 ], [ 7.075, 52.80833333333333 ], [ 7.17, 52.944166666666661 ], [ 7.209444444444444, 53.000555555555557 ], [ 7.202777777777778, 53.113333333333337 ], [ 7.216944444444445, 53.213333333333338 ], [ 7.2, 53.271666666666668 ], [ 7.191666666666667, 53.3 ], [ 7.08111111111111, 53.31111111111111 ], [ 7.025, 53.31666666666667 ], [ 6.993611111111111, 53.336388888888891 ], [ 6.949444444444445, 53.398888888888891 ], [ 6.863611111111111, 53.474444444444444 ], [ 6.816388888888889, 53.495833333333337 ], [ 6.741666666666667, 53.50416666666667 ], [ 6.672222222222222, 53.522777777777776 ], [ 6.606666666666666, 53.560555555555553 ], [ 6.5, 53.666666666666664 ], [ 6.5, 53.949444444444438 ] ] ] ] } },
{ "type": "Feature", "properties": { "id": "ED-HAM", "minFL": 0, "maxFL": 104 }, "geometry": { "type": "MultiPolygon", "coordinates": [ [ [ [ 10.883333333333333, 54.595 ], [ 10.983333333333333, 54.56666666666667 ], [ 11.290277777777778, 54.440277777777773 ], [ 11.353888888888889, 54.413888888888884 ], [ 11.636388888888888, 54.295833333333334 ], [ 11.236388888888888, 53.931666666666665 ], [ 11.208055555555555, 53.670277777777777 ], [ 11.179166666666665, 53.395555555555553 ], [ 11.173611111111111, 53.351388888888891 ], [ 11.135277777777777, 52.99805555555556 ], [ 10.266666666666667, 53.05 ], [ 10.1, 53.091666666666669 ], [ 9.793888888888889, 52.9125 ], [ 8.918888888888889, 53.602222222222224 ], [ 9.00611111111111, 53.6475 ], [ 9.408333333333333, 54.041944444444439 ], [ 9.9, 54.033333333333331 ], [ 10.416666666666666, 54.191666666666663 ], [ 10.883333333333333, 54.386388888888888 ], [ 10.883333333333333, 54.595 ] ] ] ] } },
{ "type": "Feature", "properties": { "id": "ED-HAN", "minFL": 0, "maxFL": 104 }, "geometry": { "type": "MultiPolygon", "coordinates": [ [ [ [ 10.1, 53.091666666666669 ], [ 10.266666666666667, 53.05 ], [ 11.135277777777777, 52.99805555555556 ], [ 11.107222222222221, 52.730555555555554 ], [ 11.099166666666667, 52.649444444444441 ], [ 11.081388888888888, 52.479444444444447 ], [ 11.078333333333333, 52.4525 ], [ 11.070277777777777, 52.37361111111111 ], [ 11.080555555555556, 52.291666666666664 ], [ 11.091666666666667, 52.208333333333336 ], [ 11.094166666666668, 52.186388888888885 ], [ 11.112222222222222, 52.036944444444444 ], [ 9.51, 52.030833333333334 ], [ 9.0675, 51.928888888888885 ], [ 8.866666666666667, 51.881944444444443 ], [ 8.866666666666667, 51.9 ], [ 8.7625, 52.094166666666666 ], [ 8.741388888888888, 52.133333333333333 ], [ 8.586111111111112, 52.130277777777778 ], [ 8.515, 52.293055555555554 ], [ 8.876944444444446, 52.705555555555556 ], [ 9.086111111111112, 52.68333333333333 ], [ 9.41861111111111, 52.70194444444445 ], [ 9.739722222222222, 52.709722222222226 ], [ 9.793888888888889, 52.9125 ], [ 10.1, 53.091666666666669 ] ] ] ] } },
{ "type": "Feature", "properties": { "id": "ED-HEI", "minFL": 105, "maxFL": 244 }, "geometry": { "type": "MultiPolygon", "coordinates": [ [ [ [ 10.883333333333333, 54.595 ], [ 10.983333333333333, 54.56666666666667 ], [ 11.290277777777778, 54.440277777777773 ], [ 11.636388888888888, 54.295833333333334 ], [ 11.236388888888888, 53.931666666666665 ], [ 11.208055555555555, 53.670277777777777 ], [ 11.179166666666665, 53.395555555555553 ], [ 11.173611111111111, 53.351388888888891 ], [ 11.135277777777777, 52.99805555555556 ], [ 11.107222222222221, 52.730555555555554 ], [ 11.099166666666667, 52.649444444444441 ], [ 11.081388888888888, 52.479444444444447 ], [ 11.078333333333333, 52.4525 ], [ 11.070277777777777, 52.37361111111111 ], [ 11.080555555555556, 52.291666666666664 ], [ 11.091666666666667, 52.208333333333336 ], [ 11.094166666666668, 52.186388888888885 ], [ 10.159722222222223, 52.487222222222222 ], [ 9.668333333333333, 52.501111111111108 ], [ 9.739722222222222, 52.709722222222226 ], [ 9.793888888888889, 52.9125 ], [ 9.9125, 53.43333333333333 ], [ 9.965833333333332, 53.669722222222219 ], [ 9.946944444444444, 53.735 ], [ 9.9, 54.033333333333331 ], [ 10.416666666666666, 54.191666666666663 ], [ 10.883333333333333, 54.386388888888888 ], [ 10.883333333333333, 54.595 ] ] ] ] } },
{ "type": "Feature", "properties": { "id": "ED-HRZ/1", "minFL": 0, "maxFL": 244 }, "geometry": { "type": "MultiPolygon", "coordinates": [ [ [ [ 11.112222222222222, 52.036944444444444 ], [ 11.124722222222223, 51.931666666666665 ], [ 10.983333333333333, 51.906666666666666 ], [ 10.984722222222221, 51.721111111111114 ], [ 10.7, 51.56666666666667 ], [ 10.5925, 51.486944444444447 ], [ 10.061666666666667, 51.478333333333332 ], [ 10.059444444444445, 51.333611111111111 ], [ 9.936111111111112, 51.333333333333336 ], [ 9.583333333333334, 51.333333333333336 ], [ 9.517222222222223, 51.333333333333336 ], [ 9.166666666666666, 51.333333333333336 ], [ 8.907777777777778, 51.333333333333336 ], [ 8.906111111111111, 51.345833333333339 ], [ 8.8975, 51.417222222222222 ], [ 9.066944444444443, 51.666666666666664 ], [ 9.0675, 51.928888888888885 ], [ 9.51, 52.030833333333334 ], [ 11.112222222222222, 52.036944444444444 ] ] ] ] } },
{ "type": "Feature", "properties": { "id": "ED-HRZ/2", "minFL": 105, "maxFL": 244 }, "geometry": { "type": "MultiPolygon", "coordinates": [ [ [ [ 9.668333333333333, 52.501111111111108 ], [ 10.159722222222223, 52.487222222222222 ], [ 11.094166666666668, 52.186388888888885 ], [ 11.112222222222222, 52.036944444444444 ], [ 9.51, 52.030833333333334 ], [ 9.0675, 51.928888888888885 ], [ 8.866666666666667, 51.881944444444443 ], [ 8.866666666666667, 51.9 ], [ 8.7625, 52.094166666666666 ], [ 9.0975, 52.146666666666668 ], [ 9.203055555555554, 52.256388888888885 ], [ 9.6225, 52.365833333333335 ], [ 9.668333333333333, 52.501111111111108 ] ] ] ] } },
{ "type": "Feature", "properties": { "id": "ED-HRZ/3", "minFL": 55, "maxFL": 244 }, "geometry": { "type": "MultiPolygon", "coordinates": [ [ [ [ 11.124722222222223, 51.931666666666665 ], [ 11.1275, 51.908333333333331 ], [ 11.208333333333332, 51.841111111111111 ], [ 11.140277777777778, 51.804444444444442 ], [ 10.984722222222221, 51.721111111111114 ], [ 10.983333333333333, 51.906666666666666 ], [ 11.124722222222223, 51.931666666666665 ] ] ] ] } },
{ "type": "Feature", "properties": { "id": "ED-HRZ/4", "minFL": 0, "maxFL": 234 }, "geometry": { "type": "MultiPolygon", "coordinates": [ [ [ [ 10.5925, 51.486944444444447 ], [ 10.3875, 51.333888888888893 ], [ 10.059444444444445, 51.333611111111111 ], [ 10.061666666666667, 51.478333333333332 ], [ 10.5925, 51.486944444444447 ] ] ] ] } },
{ "type": "Feature", "properties": { "id": "ED-HRZ/5", "minFL": 75, "maxFL": 244 }, "geometry": { "type": "MultiPolygon", "coordinates": [ [ [ [ 9.0675, 51.928888888888885 ], [ 9.066944444444443, 51.666666666666664 ], [ 8.8975, 51.417222222222222 ], [ 8.886666666666667, 51.505277777777778 ], [ 8.866666666666667, 51.666666666666664 ], [ 8.866666666666667, 51.791666666666664 ], [ 8.866666666666667, 51.881944444444443 ], [ 9.0675, 51.928888888888885 ] ] ] ] } },
{ "type": "Feature", "properties": { "id": "ED-MAR/1", "minFL": 0, "maxFL": 284 }, "geometry": { "type": "MultiPolygon", "coordinates": [ [ [ [ 11.344722222222222, 53.197222222222216 ], [ 11.465, 53.118611111111115 ], [ 12.125, 53.1775 ], [ 12.506944444444445, 53.208333333333336 ], [ 13.878333333333334, 53.316111111111105 ], [ 13.933611111111111, 53.358055555555559 ], [ 14.293055555555556, 53.62916666666667 ], [ 14.310833333333335, 53.618333333333332 ], [ 14.316944444444443, 53.618055555555557 ], [ 14.311944444444444, 53.580555555555556 ], [ 14.311944444444444, 53.57694444444445 ], [ 14.312222222222223, 53.571666666666673 ], [ 14.313611111111111, 53.565 ], [ 14.3025, 53.553333333333327 ], [ 14.307222222222222, 53.551111111111105 ], [ 14.305555555555557, 53.543888888888887 ], [ 14.315833333333334, 53.536666666666662 ], [ 14.319166666666666, 53.529722222222219 ], [ 14.315833333333334, 53.525 ], [ 14.326666666666666, 53.503611111111113 ], [ 14.332222222222223, 53.501111111111108 ], [ 14.342777777777778, 53.49861111111111 ], [ 14.350555555555555, 53.495833333333337 ], [ 14.353888888888889, 53.488333333333337 ], [ 14.353333333333333, 53.481388888888894 ], [ 14.355, 53.474444444444444 ], [ 14.356944444444444, 53.47 ], [ 14.356666666666666, 53.463888888888889 ], [ 14.35611111111111, 53.461944444444448 ], [ 14.357222222222221, 53.458888888888893 ], [ 14.358055555555556, 53.457222222222228 ], [ 14.360277777777778, 53.456666666666671 ], [ 14.366388888888888, 53.456666666666671 ], [ 14.371111111111112, 53.456388888888888 ], [ 14.371111111111112, 53.453611111111115 ], [ 14.370833333333334, 53.448888888888888 ], [ 14.371666666666668, 53.4475 ], [ 14.370555555555557, 53.437777777777775 ], [ 14.368611111111111, 53.4325 ], [ 14.369722222222222, 53.423888888888889 ], [ 14.371944444444445, 53.420277777777777 ], [ 14.373055555555556, 53.417777777777772 ], [ 14.373333333333333, 53.408611111111107 ], [ 14.389166666666666, 53.387777777777778 ], [ 14.394722222222221, 53.375555555555557 ], [ 14.395277777777777, 53.369166666666665 ], [ 14.394166666666667, 53.364166666666669 ], [ 14.393055555555556, 53.358611111111109 ], [ 14.390277777777778, 53.353611111111114 ], [ 14.4, 53.349722222222226 ], [ 14.405555555555557, 53.346944444444446 ], [ 14.406944444444445, 53.339166666666671 ], [ 14.408333333333333, 53.335555555555558 ], [ 14.415277777777778, 53.32416666666667 ], [ 14.406666666666666, 53.308611111111105 ], [ 14.415, 53.301666666666662 ], [ 14.417222222222222, 53.288333333333334 ], [ 14.421111111111111, 53.275833333333331 ], [ 14.433888888888889, 53.275555555555556 ], [ 14.445277777777777, 53.274166666666666 ], [ 14.445555555555556, 53.269722222222221 ], [ 14.435833333333333, 53.246388888888887 ], [ 14.427222222222222, 53.232222222222227 ], [ 14.411666666666667, 53.219722222222224 ], [ 14.405277777777778, 53.206944444444446 ], [ 14.385277777777777, 53.198055555555555 ], [ 14.380555555555556, 53.19083333333333 ], [ 14.3775, 53.177777777777777 ], [ 14.375555555555556, 53.164166666666667 ], [ 14.380555555555556, 53.124444444444443 ], [ 13.806666666666667, 53.082222222222228 ], [ 13.613888888888889, 52.971111111111114 ], [ 12.677222222222222, 52.842222222222226 ], [ 12.386111111111111, 52.611944444444447 ], [ 12.181944444444444, 52.482777777777777 ], [ 12.166666666666666, 52.482777777777777 ], [ 12.06388888888889, 52.481944444444444 ], [ 11.953333333333333, 52.481111111111112 ], [ 11.127777777777778, 52.464166666666671 ], [ 11.078333333333333, 52.4525 ], [ 11.081388888888888, 52.479444444444447 ], [ 11.099166666666667, 52.649444444444441 ], [ 11.107222222222221, 52.730555555555554 ], [ 11.254722222222222, 53.021666666666668 ], [ 11.344722222222222, 53.197222222222216 ] ] ] ] } },
{ "type": "Feature", "properties": { "id": "ED-MAR/2", "minFL": 135, "maxFL": 284 }, "geometry": { "type": "MultiPolygon", "coordinates": [ [ [ [ 12.181944444444444, 52.482777777777777 ], [ 12.386111111111111, 52.611944444444447 ], [ 12.677222222222222, 52.842222222222226 ], [ 13.613888888888889, 52.971111111111114 ], [ 13.806666666666667, 53.082222222222228 ], [ 14.380555555555556, 53.124444444444443 ], [ 14.367777777777778, 53.081666666666671 ], [ 14.355277777777777, 53.056388888888883 ], [ 14.31861111111111, 53.035555555555554 ], [ 14.2575, 53.003611111111113 ], [ 14.245277777777776, 52.99861111111111 ], [ 14.200555555555555, 52.984444444444442 ], [ 14.186944444444444, 52.9775 ], [ 14.171388888888888, 52.974444444444444 ], [ 14.161666666666667, 52.964444444444446 ], [ 14.14111111111111, 52.948611111111106 ], [ 14.151388888888889, 52.92722222222222 ], [ 14.156666666666666, 52.906111111111109 ], [ 14.164166666666667, 52.892222222222223 ], [ 14.165, 52.87638888888889 ], [ 14.158611111111112, 52.866666666666667 ], [ 14.1425, 52.8575 ], [ 14.127777777777778, 52.847777777777779 ], [ 14.127777777777778, 52.838333333333338 ], [ 14.1375, 52.829722222222223 ], [ 14.144722222222221, 52.826388888888893 ], [ 14.216111111111111, 52.815555555555555 ], [ 14.306111111111111, 52.761111111111113 ], [ 14.347222222222223, 52.751944444444447 ], [ 14.381388888888889, 52.728611111111114 ], [ 14.431388888888888, 52.683888888888887 ], [ 14.46, 52.670277777777777 ], [ 14.476111111111111, 52.653888888888886 ], [ 14.51, 52.639722222222218 ], [ 14.525833333333335, 52.631666666666668 ], [ 14.550555555555556, 52.628611111111113 ], [ 14.588611111111112, 52.610555555555557 ], [ 14.608333333333333, 52.601666666666667 ], [ 14.638888888888889, 52.573055555555555 ], [ 14.641388888888889, 52.56305555555555 ], [ 14.6275, 52.558055555555555 ], [ 14.609722222222222, 52.526111111111113 ], [ 14.611388888888888, 52.513888888888886 ], [ 14.621111111111112, 52.5075 ], [ 14.635555555555555, 52.499444444444443 ], [ 14.635, 52.493611111111115 ], [ 14.403611111111111, 52.571944444444448 ], [ 14.025555555555556, 52.698333333333331 ], [ 13.548333333333334, 52.656944444444441 ], [ 13.309166666666668, 52.586388888888891 ], [ 12.244444444444444, 52.483333333333334 ], [ 12.181944444444444, 52.482777777777777 ] ] ] ] } },
{ "type": "Feature", "properties": { "id": "ED-MAR/3", "minFL": 0, "maxFL": 244 }, "geometry": { "type": "MultiPolygon", "coordinates": [ [ [ [ 11.173611111111111, 53.351388888888891 ], [ 11.312777777777779, 53.218055555555559 ], [ 11.344722222222222, 53.197222222222216 ], [ 11.254722222222222, 53.021666666666668 ], [ 11.107222222222221, 52.730555555555554 ], [ 11.135277777777777, 52.99805555555556 ], [ 11.173611111111111, 53.351388888888891 ] ] ] ] } },
{ "type": "Feature", "properties": { "id": "ED-MAR/4", "minFL": 105, "maxFL": 244 }, "geometry": { "type": "MultiPolygon", "coordinates": [ [ [ [ 11.208055555555555, 53.670277777777777 ], [ 11.518333333333334, 53.539722222222217 ], [ 11.446944444444444, 53.395277777777778 ], [ 11.344722222222222, 53.197222222222216 ], [ 11.312777777777779, 53.218055555555559 ], [ 11.173611111111111, 53.351388888888891 ], [ 11.208055555555555, 53.670277777777777 ] ] ] ] } },
{ "type": "Feature", "properties": { "id": "ED-MAR/5", "minFL": 105, "maxFL": 284 }, "geometry": { "type": "MultiPolygon", "coordinates": [ [ [ [ 11.518333333333334, 53.539722222222217 ], [ 11.718611111111111, 53.455277777777781 ], [ 12.506944444444445, 53.208333333333336 ], [ 12.125, 53.1775 ], [ 11.465, 53.118611111111115 ], [ 11.344722222222222, 53.197222222222216 ], [ 11.446944444444444, 53.395277777777778 ], [ 11.518333333333334, 53.539722222222217 ] ] ] ] } },
{ "type": "Feature", "properties": { "id": "ED-MRZ/1", "minFL": 0, "maxFL": 284 }, "geometry": { "type": "MultiPolygon", "coordinates": [ [ [ [ 13.760833333333334, 54.916666666666664 ], [ 14.324722222222222, 54.666666666666664 ], [ 14.280555555555557, 54.333333333333336 ], [ 14.254722222222222, 54.127222222222223 ], [ 14.201388888888888, 54.126111111111115 ], [ 14.223333333333333, 54.051666666666662 ], [ 14.242222222222221, 53.987777777777779 ], [ 14.233333333333333, 53.9625 ], [ 14.226111111111111, 53.927777777777777 ], [ 14.216666666666667, 53.922222222222217 ], [ 14.2075, 53.915833333333332 ], [ 14.205277777777777, 53.910555555555554 ], [ 14.205, 53.909722222222221 ], [ 14.203888888888889, 53.906666666666666 ], [ 14.212222222222222, 53.900277777777774 ], [ 14.21361111111111, 53.886388888888888 ], [ 14.215277777777777, 53.880555555555553 ], [ 14.214166666666666, 53.87916666666667 ], [ 14.214444444444444, 53.878055555555555 ], [ 14.212222222222222, 53.867222222222225 ], [ 14.21361111111111, 53.865277777777777 ], [ 14.248888888888889, 53.82416666666667 ], [ 14.255555555555556, 53.81111111111111 ], [ 14.275277777777779, 53.772222222222219 ], [ 14.278611111111111, 53.738888888888887 ], [ 14.261944444444444, 53.715277777777779 ], [ 14.266944444444444, 53.698333333333331 ], [ 14.278611111111111, 53.684444444444438 ], [ 14.284722222222221, 53.658611111111107 ], [ 14.284444444444444, 53.644444444444446 ], [ 14.283888888888889, 53.638055555555553 ], [ 14.293055555555556, 53.62916666666667 ], [ 14.293055555555556, 53.62916666666667 ], [ 13.933611111111111, 53.358055555555559 ], [ 13.878333333333334, 53.316111111111105 ], [ 12.506944444444445, 53.208333333333336 ], [ 11.718611111111111, 53.455277777777781 ], [ 11.518333333333334, 53.539722222222217 ], [ 11.656111111111111, 53.801388888888887 ], [ 11.825833333333334, 54.124166666666667 ], [ 11.892777777777777, 54.25 ], [ 12.0, 54.45 ], [ 12.065, 54.486388888888889 ], [ 12.285555555555556, 54.608611111111109 ], [ 12.514722222222222, 54.734444444444442 ], [ 12.597777777777779, 54.78 ], [ 12.780277777777778, 54.878888888888888 ], [ 12.85, 54.916666666666664 ], [ 13.0, 54.916666666666664 ], [ 13.760833333333334, 54.916666666666664 ] ] ] ] } },
{ "type": "Feature", "properties": { "id": "ED-MRZ/2", "minFL": 0, "maxFL": 244 }, "geometry": { "type": "MultiPolygon", "coordinates": [ [ [ [ 11.636388888888888, 54.295833333333334 ], [ 11.892777777777777, 54.25 ], [ 11.825833333333334, 54.124166666666667 ], [ 11.656111111111111, 53.801388888888887 ], [ 11.518333333333334, 53.539722222222217 ], [ 11.208055555555555, 53.670277777777777 ], [ 11.236388888888888, 53.931666666666665 ], [ 11.636388888888888, 54.295833333333334 ] ] ] ] } },
{ "type": "Feature", "properties": { "id": "ED-MRZ/3", "minFL": 0, "maxFL": 104 }, "geometry": { "type": "MultiPolygon", "coordinates": [ [ [ [ 12.0, 54.45 ], [ 11.892777777777777, 54.25 ], [ 11.636388888888888, 54.295833333333334 ], [ 12.0, 54.45 ] ] ] ] } },
{ "type": "Feature", "properties": { "id": "ED-MRZ/4", "minFL": 0, "maxFL": 104 }, "geometry": { "type": "MultiPolygon", "coordinates": [ [ [ [ 14.3575, 54.916666666666664 ], [ 14.336666666666668, 54.759444444444448 ], [ 14.324722222222222, 54.666666666666664 ], [ 13.760833333333334, 54.916666666666664 ], [ 14.166666666666666, 54.916666666666664 ], [ 14.3575, 54.916666666666664 ] ] ] ] } },
{ "type": "Feature", "properties": { "id": "ED-MRZ/5", "minFL": 0, "maxFL": 104 }, "geometry": { "type": "MultiPolygon", "coordinates": [ [ [ [ 11.208055555555555, 53.670277777777777 ], [ 11.518333333333334, 53.539722222222217 ], [ 11.718611111111111, 53.455277777777781 ], [ 12.506944444444445, 53.208333333333336 ], [ 12.125, 53.1775 ], [ 11.465, 53.118611111111115 ], [ 11.344722222222222, 53.197222222222216 ], [ 11.312777777777779, 53.218055555555559 ], [ 11.173611111111111, 53.351388888888891 ], [ 11.208055555555555, 53.670277777777777 ] ] ] ] } },
{ "type": "Feature", "properties": { "id": "ED-OSE1", "minFL": 285, "maxFL": 364 }, "geometry": { "type": "MultiPolygon", "coordinates": [ [ [ [ 11.107222222222221, 52.730555555555554 ], [ 11.254722222222222, 53.021666666666668 ], [ 11.344722222222222, 53.197222222222216 ], [ 11.446944444444444, 53.395277777777778 ], [ 11.518333333333334, 53.539722222222217 ], [ 11.656111111111111, 53.801388888888887 ], [ 11.825833333333334, 54.124166666666667 ], [ 11.892777777777777, 54.25 ], [ 12.0, 54.45 ], [ 12.065, 54.486388888888889 ], [ 12.285555555555556, 54.608611111111109 ], [ 12.514722222222222, 54.734444444444442 ], [ 12.597777777777779, 54.78 ], [ 12.780277777777778, 54.878888888888888 ], [ 12.85, 54.916666666666664 ], [ 13.0, 54.916666666666664 ], [ 13.760833333333334, 54.916666666666664 ], [ 14.324722222222222, 54.666666666666664 ], [ 14.280555555555557, 54.333333333333336 ], [ 14.254722222222222, 54.127222222222223 ], [ 14.201388888888888, 54.126111111111115 ], [ 14.223333333333333, 54.051666666666662 ], [ 14.242222222222221, 53.987777777777779 ], [ 14.233333333333333, 53.9625 ], [ 14.226111111111111, 53.927777777777777 ], [ 14.216666666666667, 53.922222222222217 ], [ 14.2075, 53.915833333333332 ], [ 14.205277777777777, 53.910555555555554 ], [ 14.205, 53.909722222222221 ], [ 14.203888888888889, 53.906666666666666 ], [ 14.212222222222222, 53.900277777777774 ], [ 14.21361111111111, 53.886388888888888 ], [ 14.215277777777777, 53.880555555555553 ], [ 14.214166666666666, 53.87916666666667 ], [ 14.214444444444444, 53.878055555555555 ], [ 14.212222222222222, 53.867222222222225 ], [ 14.21361111111111, 53.865277777777777 ], [ 14.248888888888889, 53.82416666666667 ], [ 14.255555555555556, 53.81111111111111 ], [ 14.275277777777779, 53.772222222222219 ], [ 14.278611111111111, 53.738888888888887 ], [ 14.261944444444444, 53.715277777777779 ], [ 14.266944444444444, 53.698333333333331 ], [ 14.278611111111111, 53.684444444444438 ], [ 14.284722222222221, 53.658611111111107 ], [ 14.284444444444444, 53.644444444444446 ], [ 14.283888888888889, 53.638055555555553 ], [ 14.293055555555556, 53.62916666666667 ], [ 14.310833333333335, 53.618333333333332 ], [ 14.316944444444443, 53.618055555555557 ], [ 14.311944444444444, 53.580555555555556 ], [ 14.311944444444444, 53.57694444444445 ], [ 14.312222222222223, 53.571666666666673 ], [ 14.313611111111111, 53.565 ], [ 14.3025, 53.553333333333327 ], [ 14.307222222222222, 53.551111111111105 ], [ 14.305555555555557, 53.543888888888887 ], [ 14.315833333333334, 53.536666666666662 ], [ 14.319166666666666, 53.529722222222219 ], [ 14.315833333333334, 53.525 ], [ 14.326666666666666, 53.503611111111113 ], [ 14.332222222222223, 53.501111111111108 ], [ 14.342777777777778, 53.49861111111111 ], [ 14.350555555555555, 53.495833333333337 ], [ 14.353888888888889, 53.488333333333337 ], [ 14.353333333333333, 53.481388888888894 ], [ 14.355, 53.474444444444444 ], [ 14.356944444444444, 53.47 ], [ 14.356666666666666, 53.463888888888889 ], [ 14.35611111111111, 53.461944444444448 ], [ 14.357222222222221, 53.458888888888893 ], [ 14.358055555555556, 53.457222222222228 ], [ 14.360277777777778, 53.456666666666671 ], [ 14.366388888888888, 53.456666666666671 ], [ 14.371111111111112, 53.456388888888888 ], [ 14.371111111111112, 53.453611111111115 ], [ 14.370833333333334, 53.448888888888888 ], [ 14.371666666666668, 53.4475 ], [ 14.370555555555557, 53.437777777777775 ], [ 14.368611111111111, 53.4325 ], [ 14.369722222222222, 53.423888888888889 ], [ 14.371944444444445, 53.420277777777777 ], [ 14.373055555555556, 53.417777777777772 ], [ 14.373333333333333, 53.408611111111107 ], [ 14.389166666666666, 53.387777777777778 ], [ 14.394722222222221, 53.375555555555557 ], [ 14.395277777777777, 53.369166666666665 ], [ 14.394166666666667, 53.364166666666669 ], [ 14.393055555555556, 53.358611111111109 ], [ 14.390277777777778, 53.353611111111114 ], [ 14.4, 53.349722222222226 ], [ 14.405555555555557, 53.346944444444446 ], [ 14.406944444444445, 53.339166666666671 ], [ 14.408333333333333, 53.335555555555558 ], [ 14.415277777777778, 53.32416666666667 ], [ 14.406666666666666, 53.308611111111105 ], [ 14.415, 53.301666666666662 ], [ 14.417222222222222, 53.288333333333334 ], [ 14.421111111111111, 53.275833333333331 ], [ 14.433888888888889, 53.275555555555556 ], [ 14.445277777777777, 53.274166666666666 ], [ 14.445555555555556, 53.269722222222221 ], [ 14.435833333333333, 53.246388888888887 ], [ 14.427222222222222, 53.232222222222227 ], [ 14.411666666666667, 53.219722222222224 ], [ 14.405277777777778, 53.206944444444446 ], [ 14.385277777777777, 53.198055555555555 ], [ 14.380555555555556, 53.19083333333333 ], [ 14.3775, 53.177777777777777 ], [ 14.375555555555556, 53.164166666666667 ], [ 14.380555555555556, 53.124444444444443 ], [ 14.367777777777778, 53.081666666666671 ], [ 14.355277777777777, 53.056388888888883 ], [ 14.31861111111111, 53.035555555555554 ], [ 14.2575, 53.003611111111113 ], [ 14.245277777777776, 52.99861111111111 ], [ 14.200555555555555, 52.984444444444442 ], [ 14.186944444444444, 52.9775 ], [ 14.171388888888888, 52.974444444444444 ], [ 14.161666666666667, 52.964444444444446 ], [ 14.14111111111111, 52.948611111111106 ], [ 14.151388888888889, 52.92722222222222 ], [ 14.156666666666666, 52.906111111111109 ], [ 14.164166666666667, 52.892222222222223 ], [ 14.165, 52.87638888888889 ], [ 14.158611111111112, 52.866666666666667 ], [ 14.1425, 52.8575 ], [ 14.127777777777778, 52.847777777777779 ], [ 14.127777777777778, 52.838333333333338 ], [ 14.1375, 52.829722222222223 ], [ 14.144722222222221, 52.826388888888893 ], [ 14.216111111111111, 52.815555555555555 ], [ 13.0, 52.8475 ], [ 12.099444444444446, 52.886111111111113 ], [ 11.107222222222221, 52.730555555555554 ] ] ] ] } },
{ "type": "Feature", "properties": { "id": "ED-OSE2", "minFL": 365, "maxFL": 660 }, "geometry": { "type": "MultiPolygon", "coordinates": [ [ [ [ 11.107222222222221, 52.730555555555554 ], [ 11.254722222222222, 53.021666666666668 ], [ 11.344722222222222, 53.197222222222216 ], [ 11.446944444444444, 53.395277777777778 ], [ 11.518333333333334, 53.539722222222217 ], [ 11.656111111111111, 53.801388888888887 ], [ 11.825833333333334, 54.124166666666667 ], [ 11.892777777777777, 54.25 ], [ 12.0, 54.45 ], [ 12.065, 54.486388888888889 ], [ 12.285555555555556, 54.608611111111109 ], [ 12.514722222222222, 54.734444444444442 ], [ 12.597777777777779, 54.78 ], [ 12.780277777777778, 54.878888888888888 ], [ 12.85, 54.916666666666664 ], [ 13.0, 54.916666666666664 ], [ 13.760833333333334, 54.916666666666664 ], [ 14.324722222222222, 54.666666666666664 ], [ 14.280555555555557, 54.333333333333336 ], [ 14.254722222222222, 54.127222222222223 ], [ 14.201388888888888, 54.126111111111115 ], [ 14.223333333333333, 54.051666666666662 ], [ 14.242222222222221, 53.987777777777779 ], [ 14.233333333333333, 53.9625 ], [ 14.226111111111111, 53.927777777777777 ], [ 14.216666666666667, 53.922222222222217 ], [ 14.2075, 53.915833333333332 ], [ 14.205277777777777, 53.910555555555554 ], [ 14.205, 53.909722222222221 ], [ 14.203888888888889, 53.906666666666666 ], [ 14.212222222222222, 53.900277777777774 ], [ 14.21361111111111, 53.886388888888888 ], [ 14.215277777777777, 53.880555555555553 ], [ 14.214166666666666, 53.87916666666667 ], [ 14.214444444444444, 53.878055555555555 ], [ 14.212222222222222, 53.867222222222225 ], [ 14.21361111111111, 53.865277777777777 ], [ 14.248888888888889, 53.82416666666667 ], [ 14.255555555555556, 53.81111111111111 ], [ 14.275277777777779, 53.772222222222219 ], [ 14.278611111111111, 53.738888888888887 ], [ 14.261944444444444, 53.715277777777779 ], [ 14.266944444444444, 53.698333333333331 ], [ 14.278611111111111, 53.684444444444438 ], [ 14.284722222222221, 53.658611111111107 ], [ 14.284444444444444, 53.644444444444446 ], [ 14.283888888888889, 53.638055555555553 ], [ 14.293055555555556, 53.62916666666667 ], [ 14.310833333333335, 53.618333333333332 ], [ 14.316944444444443, 53.618055555555557 ], [ 14.311944444444444, 53.580555555555556 ], [ 14.311944444444444, 53.57694444444445 ], [ 14.312222222222223, 53.571666666666673 ], [ 14.313611111111111, 53.565 ], [ 14.3025, 53.553333333333327 ], [ 14.307222222222222, 53.551111111111105 ], [ 14.305555555555557, 53.543888888888887 ], [ 14.315833333333334, 53.536666666666662 ], [ 14.319166666666666, 53.529722222222219 ], [ 14.315833333333334, 53.525 ], [ 14.326666666666666, 53.503611111111113 ], [ 14.332222222222223, 53.501111111111108 ], [ 14.342777777777778, 53.49861111111111 ], [ 14.350555555555555, 53.495833333333337 ], [ 14.353888888888889, 53.488333333333337 ], [ 14.353333333333333, 53.481388888888894 ], [ 14.355, 53.474444444444444 ], [ 14.356944444444444, 53.47 ], [ 14.356666666666666, 53.463888888888889 ], [ 14.35611111111111, 53.461944444444448 ], [ 14.357222222222221, 53.458888888888893 ], [ 14.358055555555556, 53.457222222222228 ], [ 14.360277777777778, 53.456666666666671 ], [ 14.366388888888888, 53.456666666666671 ], [ 14.371111111111112, 53.456388888888888 ], [ 14.371111111111112, 53.453611111111115 ], [ 14.370833333333334, 53.448888888888888 ], [ 14.371666666666668, 53.4475 ], [ 14.370555555555557, 53.437777777777775 ], [ 14.368611111111111, 53.4325 ], [ 14.369722222222222, 53.423888888888889 ], [ 14.371944444444445, 53.420277777777777 ], [ 14.373055555555556, 53.417777777777772 ], [ 14.373333333333333, 53.408611111111107 ], [ 14.389166666666666, 53.387777777777778 ], [ 14.394722222222221, 53.375555555555557 ], [ 14.395277777777777, 53.369166666666665 ], [ 14.394166666666667, 53.364166666666669 ], [ 14.393055555555556, 53.358611111111109 ], [ 14.390277777777778, 53.353611111111114 ], [ 14.4, 53.349722222222226 ], [ 14.405555555555557, 53.346944444444446 ], [ 14.406944444444445, 53.339166666666671 ], [ 14.408333333333333, 53.335555555555558 ], [ 14.415277777777778, 53.32416666666667 ], [ 14.406666666666666, 53.308611111111105 ], [ 14.415, 53.301666666666662 ], [ 14.417222222222222, 53.288333333333334 ], [ 14.421111111111111, 53.275833333333331 ], [ 14.433888888888889, 53.275555555555556 ], [ 14.445277777777777, 53.274166666666666 ], [ 14.445555555555556, 53.269722222222221 ], [ 14.435833333333333, 53.246388888888887 ], [ 14.427222222222222, 53.232222222222227 ], [ 14.411666666666667, 53.219722222222224 ], [ 14.405277777777778, 53.206944444444446 ], [ 14.385277777777777, 53.198055555555555 ], [ 14.380555555555556, 53.19083333333333 ], [ 14.3775, 53.177777777777777 ], [ 14.375555555555556, 53.164166666666667 ], [ 14.380555555555556, 53.124444444444443 ], [ 14.367777777777778, 53.081666666666671 ], [ 14.355277777777777, 53.056388888888883 ], [ 14.31861111111111, 53.035555555555554 ], [ 14.2575, 53.003611111111113 ], [ 14.245277777777776, 52.99861111111111 ], [ 14.200555555555555, 52.984444444444442 ], [ 14.186944444444444, 52.9775 ], [ 14.171388888888888, 52.974444444444444 ], [ 14.161666666666667, 52.964444444444446 ], [ 14.14111111111111, 52.948611111111106 ], [ 14.151388888888889, 52.92722222222222 ], [ 14.156666666666666, 52.906111111111109 ], [ 14.164166666666667, 52.892222222222223 ], [ 14.165, 52.87638888888889 ], [ 14.158611111111112, 52.866666666666667 ], [ 14.1425, 52.8575 ], [ 14.127777777777778, 52.847777777777779 ], [ 14.127777777777778, 52.838333333333338 ], [ 14.1375, 52.829722222222223 ], [ 14.144722222222221, 52.826388888888893 ], [ 14.216111111111111, 52.815555555555555 ], [ 13.0, 52.8475 ], [ 12.099444444444446, 52.886111111111113 ], [ 11.107222222222221, 52.730555555555554 ] ] ] ] } },
{ "type": "Feature", "properties": { "id": "ED-HVL1", "minFL": 285, "maxFL": 364 }, "geometry": { "type": "MultiPolygon", "coordinates": [ [ [ [ 11.208333333333332, 51.841111111111111 ], [ 11.127777777777778, 51.908055555555556 ], [ 11.124722222222223, 51.931666666666665 ], [ 11.12, 51.972222222222221 ], [ 11.116666666666667, 52.0 ], [ 11.080833333333333, 52.291944444444439 ], [ 11.070277777777777, 52.37361111111111 ], [ 11.078333333333333, 52.4525 ], [ 11.081388888888888, 52.479444444444447 ], [ 11.099166666666667, 52.649444444444441 ], [ 11.107222222222221, 52.730555555555554 ], [ 12.099444444444446, 52.886111111111113 ], [ 13.0, 52.8475 ], [ 14.216111111111111, 52.815555555555555 ], [ 14.306111111111111, 52.761111111111113 ], [ 14.347222222222223, 52.751944444444447 ], [ 14.381388888888889, 52.728611111111114 ], [ 14.431388888888888, 52.683888888888887 ], [ 14.46, 52.670277777777777 ], [ 14.476111111111111, 52.653888888888886 ], [ 14.51, 52.639722222222218 ], [ 14.525833333333335, 52.631666666666668 ], [ 14.550555555555556, 52.628611111111113 ], [ 14.588611111111112, 52.610555555555557 ], [ 14.608333333333333, 52.601666666666667 ], [ 14.638888888888889, 52.573055555555555 ], [ 14.641388888888889, 52.56305555555555 ], [ 14.6275, 52.558055555555555 ], [ 14.609722222222222, 52.526111111111113 ], [ 14.611388888888888, 52.513888888888886 ], [ 14.621111111111112, 52.5075 ], [ 14.635555555555555, 52.499444444444443 ], [ 14.635, 52.493611111111115 ], [ 14.587777777777779, 52.441388888888888 ], [ 14.545277777777777, 52.426666666666662 ], [ 14.535277777777777, 52.391388888888891 ], [ 14.55, 52.376666666666665 ], [ 14.564722222222223, 52.329722222222223 ], [ 14.578333333333333, 52.32 ], [ 14.586388888888889, 52.30555555555555 ], [ 14.58, 52.293333333333329 ], [ 14.577777777777778, 52.290277777777774 ], [ 14.581388888888888, 52.286111111111111 ], [ 14.601388888888888, 52.270833333333336 ], [ 14.619444444444445, 52.270555555555553 ], [ 14.639444444444443, 52.261944444444445 ], [ 14.693611111111112, 52.25416666666667 ], [ 14.711666666666666, 52.241666666666667 ], [ 14.715277777777777, 52.230555555555554 ], [ 14.713055555555554, 52.217777777777776 ], [ 14.692777777777778, 52.193888888888885 ], [ 14.709444444444443, 52.17444444444444 ], [ 14.708888888888888, 52.167777777777772 ], [ 14.701666666666666, 52.162777777777777 ], [ 14.685555555555556, 52.145833333333336 ], [ 14.680277777777777, 52.138611111111111 ], [ 14.465555555555556, 52.145 ], [ 13.167222222222222, 51.7125 ], [ 12.851388888888888, 51.603888888888889 ], [ 12.543333333333333, 51.721111111111114 ], [ 12.339722222222223, 51.797777777777775 ], [ 11.680833333333332, 51.922777777777775 ], [ 11.208333333333332, 51.841111111111111 ] ] ] ] } },
{ "type": "Feature", "properties": { "id": "ED-HVL2", "minFL": 365, "maxFL": 660 }, "geometry": { "type": "MultiPolygon", "coordinates": [ [ [ [ 11.208333333333332, 51.841111111111111 ], [ 11.127777777777778, 51.908055555555556 ], [ 11.124722222222223, 51.931666666666665 ], [ 11.12, 51.972222222222221 ], [ 11.116666666666667, 52.0 ], [ 11.080833333333333, 52.291944444444439 ], [ 11.070277777777777, 52.37361111111111 ], [ 11.078333333333333, 52.4525 ], [ 11.081388888888888, 52.479444444444447 ], [ 11.099166666666667, 52.649444444444441 ], [ 11.107222222222221, 52.730555555555554 ], [ 12.099444444444446, 52.886111111111113 ], [ 13.0, 52.8475 ], [ 14.216111111111111, 52.815555555555555 ], [ 14.306111111111111, 52.761111111111113 ], [ 14.347222222222223, 52.751944444444447 ], [ 14.381388888888889, 52.728611111111114 ], [ 14.431388888888888, 52.683888888888887 ], [ 14.46, 52.670277777777777 ], [ 14.476111111111111, 52.653888888888886 ], [ 14.51, 52.639722222222218 ], [ 14.525833333333335, 52.631666666666668 ], [ 14.550555555555556, 52.628611111111113 ], [ 14.588611111111112, 52.610555555555557 ], [ 14.608333333333333, 52.601666666666667 ], [ 14.638888888888889, 52.573055555555555 ], [ 14.641388888888889, 52.56305555555555 ], [ 14.6275, 52.558055555555555 ], [ 14.609722222222222, 52.526111111111113 ], [ 14.611388888888888, 52.513888888888886 ], [ 14.621111111111112, 52.5075 ], [ 14.635555555555555, 52.499444444444443 ], [ 14.635, 52.493611111111115 ], [ 14.587777777777779, 52.441388888888888 ], [ 14.545277777777777, 52.426666666666662 ], [ 14.535277777777777, 52.391388888888891 ], [ 14.55, 52.376666666666665 ], [ 14.564722222222223, 52.329722222222223 ], [ 14.578333333333333, 52.32 ], [ 14.586388888888889, 52.30555555555555 ], [ 14.58, 52.293333333333329 ], [ 14.577777777777778, 52.290277777777774 ], [ 14.581388888888888, 52.286111111111111 ], [ 14.601388888888888, 52.270833333333336 ], [ 14.619444444444445, 52.270555555555553 ], [ 14.639444444444443, 52.261944444444445 ], [ 14.693611111111112, 52.25416666666667 ], [ 14.711666666666666, 52.241666666666667 ], [ 14.715277777777777, 52.230555555555554 ], [ 14.713055555555554, 52.217777777777776 ], [ 14.692777777777778, 52.193888888888885 ], [ 14.709444444444443, 52.17444444444444 ], [ 14.708888888888888, 52.167777777777772 ], [ 14.701666666666666, 52.162777777777777 ], [ 14.685555555555556, 52.145833333333336 ], [ 14.680277777777777, 52.138611111111111 ], [ 14.465555555555556, 52.145 ], [ 13.167222222222222, 51.7125 ], [ 12.851388888888888, 51.603888888888889 ], [ 12.543333333333333, 51.721111111111114 ], [ 12.339722222222223, 51.797777777777775 ], [ 11.680833333333332, 51.922777777777775 ], [ 11.208333333333332, 51.841111111111111 ] ] ] ] } },
{ "type": "Feature", "properties": { "id": "ED-CL/1", "minFL": 245, "maxFL": 354 }, "geometry": { "type": "MultiPolygon", "coordinates": [ [ [ [ 11.254722222222222, 53.021666666666668 ], [ 11.107222222222221, 52.730555555555554 ], [ 11.099166666666667, 52.649444444444441 ], [ 11.081388888888888, 52.479444444444447 ], [ 11.078333333333333, 52.4525 ], [ 11.070277777777777, 52.37361111111111 ], [ 11.080555555555556, 52.291666666666664 ], [ 10.808333333333334, 52.283333333333331 ], [ 9.885833333333332, 52.161388888888887 ], [ 9.408333333333333, 52.05 ], [ 8.503888888888889, 51.841111111111111 ], [ 8.511388888888888, 51.93333333333333 ], [ 8.578055555555554, 52.13 ], [ 8.60361111111111, 52.207222222222228 ], [ 9.175, 52.858333333333334 ], [ 11.136944444444444, 53.013333333333335 ], [ 11.254722222222222, 53.021666666666668 ] ] ] ] } },
{ "type": "Feature", "properties": { "id": "ED-CL/2", "minFL": 245, "maxFL": 314 }, "geometry": { "type": "MultiPolygon", "coordinates": [ [ [ [ 9.39861111111111, 53.243333333333332 ], [ 9.175, 52.858333333333334 ], [ 9.175, 52.858333333333334 ], [ 11.136944444444444, 53.013333333333335 ], [ 11.136944444444444, 53.013333333333335 ], [ 11.254722222222222, 53.021666666666668 ], [ 11.254722222222222, 53.021666666666668 ], [ 11.344722222222222, 53.197222222222216 ], [ 11.344722222222222, 53.197222222222216 ], [ 11.446944444444444, 53.395277777777778 ], [ 11.446944444444444, 53.395277777777778 ], [ 11.175555555555555, 53.3775 ], [ 11.175555555555555, 53.3775 ], [ 9.39861111111111, 53.243333333333332 ] ] ] ] } },
{ "type": "Feature", "properties": { "id": "ED-CH", "minFL": 355, "maxFL": 660 }, "geometry": { "type": "MultiPolygon", "coordinates": [ [ [ [ 11.254722222222222, 53.021666666666668 ], [ 11.107222222222221, 52.730555555555554 ], [ 11.099166666666667, 52.649444444444441 ], [ 11.081388888888888, 52.479444444444447 ], [ 11.078333333333333, 52.4525 ], [ 11.070277777777777, 52.37361111111111 ], [ 11.080555555555556, 52.291666666666664 ], [ 10.808333333333334, 52.283333333333331 ], [ 9.885833333333332, 52.161388888888887 ], [ 9.408333333333333, 52.05 ], [ 8.503888888888889, 51.841111111111111 ], [ 8.511388888888888, 51.93333333333333 ], [ 8.578055555555554, 52.13 ], [ 8.60361111111111, 52.207222222222228 ], [ 9.175, 52.858333333333334 ], [ 11.136944444444444, 53.013333333333335 ], [ 11.254722222222222, 53.021666666666668 ] ] ] ] } },
{ "type": "Feature", "properties": { "id": "ED-HL/1", "minFL": 245, "maxFL": 364 }, "geometry": { "type": "MultiPolygon", "coordinates": [ [ [ [ 10.666666666666666, 54.655555555555551 ], [ 10.883333333333333, 54.595 ], [ 10.983333333333333, 54.56666666666667 ], [ 11.290277777777778, 54.440277777777773 ], [ 11.636388888888888, 54.295833333333334 ], [ 11.892777777777777, 54.25 ], [ 11.825833333333334, 54.124166666666667 ], [ 11.656111111111111, 53.801388888888887 ], [ 11.518333333333334, 53.539722222222217 ], [ 11.447222222222223, 53.395555555555553 ], [ 11.175555555555555, 53.3775 ], [ 9.39861111111111, 53.243333333333332 ], [ 8.583333333333334, 53.172222222222217 ], [ 8.9, 53.466666666666669 ], [ 8.358333333333333, 54.24861111111111 ], [ 8.858333333333333, 54.635833333333331 ], [ 10.5, 54.658333333333331 ], [ 10.666666666666666, 54.655555555555551 ] ] ] ] } },
{ "type": "Feature", "properties": { "id": "ED-HL/2", "minFL": 315, "maxFL": 364 }, "geometry": { "type": "MultiPolygon", "coordinates": [ [ [ [ 9.39861111111111, 53.243333333333332 ], [ 8.583333333333334, 53.172222222222217 ], [ 8.583333333333334, 53.172222222222217 ], [ 8.084444444444445, 52.758055555555558 ], [ 8.084444444444445, 52.758055555555558 ], [ 9.175, 52.858333333333334 ], [ 9.175, 52.858333333333334 ], [ 9.39861111111111, 53.243333333333332 ] ] ] ] } },
{ "type": "Feature", "properties": { "id": "ED-HL/3", "minFL": 315, "maxFL": 364 }, "geometry": { "type": "MultiPolygon", "coordinates": [ [ [ [ 9.39861111111111, 53.243333333333332 ], [ 9.175, 52.858333333333334 ], [ 9.175, 52.858333333333334 ], [ 11.136944444444444, 53.013333333333335 ], [ 11.136944444444444, 53.013333333333335 ], [ 11.254722222222222, 53.021666666666668 ], [ 11.254722222222222, 53.021666666666668 ], [ 11.344722222222222, 53.197222222222216 ], [ 11.344722222222222, 53.197222222222216 ], [ 11.446944444444444, 53.395277777777778 ], [ 11.446944444444444, 53.395277777777778 ], [ 11.175555555555555, 53.3775 ], [ 11.175555555555555, 53.3775 ], [ 9.39861111111111, 53.243333333333332 ] ] ] ] } },
{ "type": "Feature", "properties": { "id": "ED-HH", "minFL": 365, "maxFL": 660 }, "geometry": { "type": "MultiPolygon", "coordinates": [ [ [ [ 10.666666666666666, 54.655555555555551 ], [ 10.883333333333333, 54.595 ], [ 10.983333333333333, 54.56666666666667 ], [ 11.290277777777778, 54.440277777777773 ], [ 11.636388888888888, 54.295833333333334 ], [ 11.892777777777777, 54.25 ], [ 11.825833333333334, 54.124166666666667 ], [ 11.656111111111111, 53.801388888888887 ], [ 11.518333333333334, 53.539722222222217 ], [ 11.447222222222223, 53.395555555555553 ], [ 11.344722222222222, 53.197222222222216 ], [ 11.254722222222222, 53.021666666666668 ], [ 11.136944444444444, 53.013333333333335 ], [ 9.175, 52.858333333333334 ], [ 8.084444444444445, 52.758055555555558 ], [ 8.583333333333334, 53.172222222222217 ], [ 8.9, 53.466666666666669 ], [ 8.358333333333333, 54.24861111111111 ], [ 8.858333333333333, 54.635833333333331 ], [ 10.5, 54.658333333333331 ], [ 10.666666666666666, 54.655555555555551 ] ] ] ] } },
{ "type": "Feature", "properties": { "id": "ED-JL", "minFL": 245, "maxFL": 364 }, "geometry": { "type": "MultiPolygon", "coordinates": [ [ [ [ 8.858333333333333, 54.635833333333331 ], [ 8.358333333333333, 54.24861111111111 ], [ 8.358333333333333, 54.24861111111111 ], [ 8.9, 53.466666666666669 ], [ 8.9, 53.466666666666669 ], [ 8.583333333333334, 53.172222222222217 ], [ 8.583333333333334, 53.172222222222217 ], [ 8.084444444444445, 52.758055555555558 ], [ 8.084444444444445, 52.758055555555558 ], [ 7.16888888888889, 52.663333333333334 ], [ 7.16888888888889, 52.663333333333334 ], [ 6.89361111111111, 52.67722222222222 ], [ 6.89361111111111, 52.67722222222222 ], [ 5.583333333333333, 52.733333333333334 ], [ 5.583333333333333, 52.733333333333334 ], [ 3.606388888888889, 53.454444444444448 ], [ 3.606388888888889, 53.454444444444448 ], [ 3.615555555555556, 53.465277777777779 ], [ 3.615555555555556, 53.465277777777779 ], [ 3.706111111111111, 53.569722222222225 ], [ 3.706111111111111, 53.569722222222225 ], [ 4.18, 54.105555555555554 ], [ 4.18, 54.105555555555554 ], [ 4.535833333333334, 54.5 ], [ 4.535833333333334, 54.5 ], [ 5.0, 55.0 ], [ 5.0, 55.0 ], [ 6.5, 55.0 ], [ 6.5, 55.0 ], [ 7.715833333333333, 55.0 ], [ 7.715833333333333, 55.0 ], [ 7.916666666666667, 55.0 ], [ 7.916666666666667, 55.0 ], [ 8.0, 55.0 ], [ 8.0, 55.0 ], [ 8.333333333333334, 55.06666666666667 ], [ 8.333333333333334, 55.06666666666667 ], [ 8.391944444444444, 55.069166666666668 ], [ 8.391944444444444, 55.069166666666668 ], [ 8.448611111111111, 55.07138888888889 ], [ 8.448611111111111, 55.07138888888889 ], [ 8.457777777777777, 55.065 ], [ 8.457777777777777, 55.065 ], [ 8.514444444444445, 55.024722222222223 ], [ 8.514444444444445, 55.024722222222223 ], [ 8.666666666666666, 54.916666666666664 ], [ 8.666666666666666, 54.916666666666664 ], [ 8.666666666666666, 54.783333333333331 ], [ 8.666666666666666, 54.783333333333331 ], [ 8.666666666666666, 54.7 ], [ 8.666666666666666, 54.7 ], [ 8.75, 54.633333333333333 ], [ 8.75, 54.633333333333333 ], [ 8.858333333333333, 54.635833333333331 ] ] ] ] } },
{ "type": "Feature", "properties": { "id": "ED-JH", "minFL": 365, "maxFL": 660 }, "geometry": { "type": "MultiPolygon", "coordinates": [ [ [ [ 8.858333333333333, 54.635833333333331 ], [ 8.358333333333333, 54.24861111111111 ], [ 8.358333333333333, 54.24861111111111 ], [ 8.9, 53.466666666666669 ], [ 8.9, 53.466666666666669 ], [ 8.583333333333334, 53.172222222222217 ], [ 8.583333333333334, 53.172222222222217 ], [ 8.084444444444445, 52.758055555555558 ], [ 8.084444444444445, 52.758055555555558 ], [ 7.16888888888889, 52.663333333333334 ], [ 7.16888888888889, 52.663333333333334 ], [ 6.89361111111111, 52.67722222222222 ], [ 6.89361111111111, 52.67722222222222 ], [ 5.583333333333333, 52.733333333333334 ], [ 5.583333333333333, 52.733333333333334 ], [ 3.606388888888889, 53.454444444444448 ], [ 3.606388888888889, 53.454444444444448 ], [ 3.615555555555556, 53.465277777777779 ], [ 3.615555555555556, 53.465277777777779 ], [ 3.706111111111111, 53.569722222222225 ], [ 3.706111111111111, 53.569722222222225 ], [ 4.18, 54.105555555555554 ], [ 4.18, 54.105555555555554 ], [ 4.535833333333334, 54.5 ], [ 4.535833333333334, 54.5 ], [ 5.0, 55.0 ], [ 5.0, 55.0 ], [ 6.5, 55.0 ], [ 6.5, 55.0 ], [ 7.715833333333333, 55.0 ], [ 7.715833333333333, 55.0 ], [ 7.916666666666667, 55.0 ], [ 7.916666666666667, 55.0 ], [ 8.0, 55.0 ], [ 8.0, 55.0 ], [ 8.333333333333334, 55.06666666666667 ], [ 8.333333333333334, 55.06666666666667 ], [ 8.391944444444444, 55.069166666666668 ], [ 8.391944444444444, 55.069166666666668 ], [ 8.448611111111111, 55.07138888888889 ], [ 8.448611111111111, 55.07138888888889 ], [ 8.457777777777777, 55.065 ], [ 8.457777777777777, 55.065 ], [ 8.514444444444445, 55.024722222222223 ], [ 8.514444444444445, 55.024722222222223 ], [ 8.666666666666666, 54.916666666666664 ], [ 8.666666666666666, 54.916666666666664 ], [ 8.666666666666666, 54.783333333333331 ], [ 8.666666666666666, 54.783333333333331 ], [ 8.666666666666666, 54.7 ], [ 8.666666666666666, 54.7 ], [ 8.75, 54.633333333333333 ], [ 8.75, 54.633333333333333 ], [ 8.858333333333333, 54.635833333333331 ] ] ] ] } },
{ "type": "Feature", "properties": { "id": "ED-SL/1", "minFL": 245, "maxFL": 354 }, "geometry": { "type": "MultiPolygon", "coordinates": [ [ [ [ 11.080555555555556, 52.291666666666664 ], [ 11.091666666666667, 52.208333333333336 ], [ 11.094166666666668, 52.186388888888885 ], [ 11.112222222222222, 52.036944444444444 ], [ 11.124722222222223, 51.931666666666665 ], [ 11.1275, 51.908333333333331 ], [ 11.208333333333332, 51.841111111111111 ], [ 11.140277777777778, 51.804444444444442 ], [ 10.984722222222221, 51.721111111111114 ], [ 10.7, 51.56666666666667 ], [ 10.5925, 51.486944444444447 ], [ 10.3875, 51.333888888888893 ], [ 10.059444444444445, 51.333611111111111 ], [ 9.936111111111112, 51.333333333333336 ], [ 9.517222222222223, 51.333333333333336 ], [ 9.166666666666666, 51.333333333333336 ], [ 8.817777777777778, 51.196388888888883 ], [ 8.4875, 51.466666666666669 ], [ 8.503888888888889, 51.841111111111111 ], [ 9.408333333333333, 52.05 ], [ 9.885833333333332, 52.161388888888887 ], [ 10.808333333333334, 52.283333333333331 ], [ 11.080555555555556, 52.291666666666664 ] ] ] ] } },
{ "type": "Feature", "properties": { "id": "ED-SL/2", "minFL": 255, "maxFL": 354 }, "geometry": { "type": "MultiPolygon", "coordinates": [ [ [ [ 10.3875, 51.333888888888893 ], [ 10.059444444444445, 51.333611111111111 ], [ 10.059444444444445, 51.333611111111111 ], [ 9.936111111111112, 51.333333333333336 ], [ 9.936111111111112, 51.333333333333336 ], [ 9.583333333333334, 51.333333333333336 ], [ 9.583333333333334, 51.333333333333336 ], [ 9.517222222222223, 51.333333333333336 ], [ 9.517222222222223, 51.333333333333336 ], [ 9.963055555555554, 51.201111111111111 ], [ 9.963055555555554, 51.201111111111111 ], [ 10.28361111111111, 51.104722222222222 ], [ 10.28361111111111, 51.104722222222222 ], [ 10.3875, 51.333888888888893 ] ] ] ] } },
{ "type": "Feature", "properties": { "id": "ED-SH", "minFL": 355, "maxFL": 660 }, "geometry": { "type": "MultiPolygon", "coordinates": [ [ [ [ 11.080555555555556, 52.291666666666664 ], [ 11.091666666666667, 52.208333333333336 ], [ 11.094166666666668, 52.186388888888885 ], [ 11.112222222222222, 52.036944444444444 ], [ 11.124722222222223, 51.931666666666665 ], [ 11.1275, 51.908333333333331 ], [ 11.208333333333332, 51.841111111111111 ], [ 11.140277777777778, 51.804444444444442 ], [ 10.984722222222221, 51.721111111111114 ], [ 10.7, 51.56666666666667 ], [ 10.5925, 51.486944444444447 ], [ 10.3875, 51.333888888888893 ], [ 10.28361111111111, 51.104722222222222 ], [ 9.963055555555554, 51.201111111111111 ], [ 9.517222222222223, 51.333333333333336 ], [ 9.166666666666666, 51.333333333333336 ], [ 8.817777777777778, 51.196388888888883 ], [ 8.4875, 51.466666666666669 ], [ 8.503888888888889, 51.841111111111111 ], [ 9.408333333333333, 52.05 ], [ 9.885833333333332, 52.161388888888887 ], [ 10.808333333333334, 52.283333333333331 ], [ 11.080555555555556, 52.291666666666664 ] ] ] ] } },
{ "type": "Feature", "properties": { "id": "EDYY-HOL", "minFL": 245, "maxFL": 660 }, "geometry": { "type": "MultiPolygon", "coordinates": [ [ [ [ 11.446944444444, 53.395277777777999 ], [ 11.344722222222, 53.197222222222003 ], [ 11.344722222222, 53.197222222222003 ], [ 11.254722222222, 53.021666666667002 ], [ 11.254722222222, 53.021666666667002 ], [ 11.136944444444, 53.013333333333001 ], [ 11.136944444444, 53.013333333333001 ], [ 9.175, 52.858333333333 ], [ 9.175, 52.858333333333 ], [ 8.084444444444401, 52.758055555555998 ], [ 8.084444444444401, 52.758055555555998 ], [ 8.5833333333333, 53.172222222221997 ], [ 8.5833333333333, 53.172222222221997 ], [ 8.9, 53.466666666667003 ], [ 8.9, 53.466666666667003 ], [ 8.358333333333301, 54.248611111111003 ], [ 8.358333333333301, 54.248611111111003 ], [ 8.858333333333301, 54.635833333332997 ], [ 8.858333333333301, 54.635833333332997 ], [ 10.049444444443999, 54.654444444444003 ], [ 10.049444444443999, 54.654444444444003 ], [ 10.5, 54.658333333332997 ], [ 10.5, 54.658333333332997 ], [ 10.583333333333, 54.656944444444001 ], [ 10.583333333333, 54.656944444444001 ], [ 10.666666666667, 54.655555555555999 ], [ 10.666666666667, 54.655555555555999 ], [ 10.883333333333001, 54.595 ], [ 10.883333333333001, 54.595 ], [ 10.983333333333, 54.566666666666997 ], [ 10.983333333333, 54.566666666666997 ], [ 11.290555555556001, 54.440555555556003 ], [ 11.290555555556001, 54.440555555556003 ], [ 11.636388888889, 54.295833333333 ], [ 11.636388888889, 54.295833333333 ], [ 11.892777777778001, 54.25 ], [ 11.892777777778001, 54.25 ], [ 11.825833333333, 54.124166666667001 ], [ 11.825833333333, 54.124166666667001 ], [ 11.656111111111001, 53.801388888889001 ], [ 11.656111111111001, 53.801388888889001 ], [ 11.518333333333, 53.539722222221997 ], [ 11.518333333333, 53.539722222221997 ], [ 11.446944444444, 53.395277777777999 ] ] ] ] } },
{ "type": "Feature", "properties": { "id": "EDYY-JEV", "minFL": 245, "maxFL": 660 }, "geometry": { "type": "MultiPolygon", "coordinates": [ [ [ [ 8.858333333333301, 54.635833333332997 ], [ 8.358333333333301, 54.248611111111003 ], [ 8.358333333333301, 54.248611111111003 ], [ 8.9, 53.466666666667003 ], [ 8.9, 53.466666666667003 ], [ 8.5833333333333, 53.172222222221997 ], [ 8.5833333333333, 53.172222222221997 ], [ 8.084444444444401, 52.758055555555998 ], [ 8.084444444444401, 52.758055555555998 ], [ 7.1688888888889, 52.663333333333 ], [ 7.1688888888889, 52.663333333333 ], [ 6.8936111111111, 52.677222222221999 ], [ 6.8936111111111, 52.677222222221999 ], [ 5.5833333333333, 52.733333333333 ], [ 5.5833333333333, 52.733333333333 ], [ 3.6063888888889, 53.454444444444 ], [ 3.6063888888889, 53.454444444444 ], [ 3.6155555555556, 53.465277777777999 ], [ 3.6155555555556, 53.465277777777999 ], [ 3.7061111111111, 53.569722222221998 ], [ 3.7061111111111, 53.569722222221998 ], [ 4.18, 54.105555555556002 ], [ 4.18, 54.105555555556002 ], [ 4.5358333333333, 54.5 ], [ 4.5358333333333, 54.5 ], [ 5.0, 55.0 ], [ 5.0, 55.0 ], [ 6.5, 55.0 ], [ 6.5, 55.0 ], [ 7.7158333333333, 55.0 ], [ 7.7158333333333, 55.0 ], [ 7.9166666666667, 55.0 ], [ 7.9166666666667, 55.0 ], [ 8.0, 55.0 ], [ 8.0, 55.0 ], [ 8.3333333333333, 55.066666666666997 ], [ 8.3333333333333, 55.066666666666997 ], [ 8.3919444444444, 55.069166666667002 ], [ 8.3919444444444, 55.069166666667002 ], [ 8.4486111111111, 55.071388888888997 ], [ 8.4486111111111, 55.071388888888997 ], [ 8.4577777777778, 55.065 ], [ 8.4577777777778, 55.065 ], [ 8.514444444444401, 55.024722222222003 ], [ 8.514444444444401, 55.024722222222003 ], [ 8.6666666666667, 54.916666666666998 ], [ 8.6666666666667, 54.916666666666998 ], [ 8.6666666666667, 54.783333333332997 ], [ 8.6666666666667, 54.783333333332997 ], [ 8.6666666666667, 54.7 ], [ 8.6666666666667, 54.7 ], [ 8.75, 54.633333333332999 ], [ 8.75, 54.633333333332999 ], [ 8.858333333333301, 54.635833333332997 ] ] ] ] } },
{ "type": "Feature", "properties": { "id": "EDYY-MNS", "minFL": 245, "maxFL": 660 }, "geometry": { "type": "MultiPolygon", "coordinates": [ [ [ [ 9.175, 52.858333333333 ], [ 8.665, 52.36 ], [ 8.665, 52.36 ], [ 8.633333333333301, 52.291666666666998 ], [ 8.633333333333301, 52.291666666666998 ], [ 8.5113888888889, 51.933333333333003 ], [ 8.5113888888889, 51.933333333333003 ], [ 8.5038888888889, 51.841111111110997 ], [ 8.5038888888889, 51.841111111110997 ], [ 8.4875, 51.466666666667003 ], [ 8.4875, 51.466666666667003 ], [ 8.817777777777801, 51.196388888888997 ], [ 8.817777777777801, 51.196388888888997 ], [ 8.7419444444444, 51.166388888889003 ], [ 8.7419444444444, 51.166388888889003 ], [ 8.5866666666667, 51.108611111111003 ], [ 8.5866666666667, 51.108611111111003 ], [ 8.2472222222222, 50.981111111110998 ], [ 8.2472222222222, 50.981111111110998 ], [ 8.070833333333301, 51.178888888888999 ], [ 8.070833333333301, 51.178888888888999 ], [ 7.8972222222222, 51.413055555555999 ], [ 7.8972222222222, 51.413055555555999 ], [ 7.2313888888889, 51.8025 ], [ 7.2313888888889, 51.8025 ], [ 6.3322222222222, 51.965 ], [ 6.3322222222222, 51.965 ], [ 6.8522222222222, 52.4025 ], [ 6.8522222222222, 52.4025 ], [ 7.1688888888889, 52.663333333333 ], [ 7.1688888888889, 52.663333333333 ], [ 8.084444444444401, 52.758055555555998 ], [ 8.084444444444401, 52.758055555555998 ], [ 9.175, 52.858333333333 ] ] ] ] } },
{ "type": "Feature", "properties": { "id": "EDYY-CEL", "minFL": 245, "maxFL": 660 }, "geometry": { "type": "MultiPolygon", "coordinates": [ [ [ [ 11.107222222221999, 52.730555555556002 ], [ 11.254722222222, 53.021666666667002 ], [ 11.254722222222, 53.021666666667002 ], [ 11.136944444444, 53.013333333333001 ], [ 11.136944444444, 53.013333333333001 ], [ 9.175, 52.858333333333 ], [ 9.175, 52.858333333333 ], [ 8.665, 52.36 ], [ 8.665, 52.36 ], [ 8.633333333333301, 52.291666666666998 ], [ 8.633333333333301, 52.291666666666998 ], [ 8.5113888888889, 51.933333333333003 ], [ 8.5113888888889, 51.933333333333003 ], [ 8.5038888888889, 51.841111111110997 ], [ 8.5038888888889, 51.841111111110997 ], [ 9.408333333333299, 52.05 ], [ 9.408333333333299, 52.05 ], [ 9.883333333333301, 52.166666666666998 ], [ 9.883333333333301, 52.166666666666998 ], [ 10.85, 52.291944444443999 ], [ 10.85, 52.291944444443999 ], [ 11.080833333333, 52.291944444443999 ], [ 11.080833333333, 52.291944444443999 ], [ 11.070277777777999, 52.373611111111003 ], [ 11.070277777777999, 52.373611111111003 ], [ 11.078333333332999, 52.4525 ], [ 11.078333333332999, 52.4525 ], [ 11.081388888889, 52.479444444443999 ], [ 11.081388888889, 52.479444444443999 ], [ 11.099166666666999, 52.649444444444001 ], [ 11.099166666666999, 52.649444444444001 ], [ 11.107222222221999, 52.730555555556002 ] ] ] ] } },
{ "type": "Feature", "properties": { "id": "EDYY-SOL", "minFL": 245, "maxFL": 660 }, "geometry": { "type": "MultiPolygon", "coordinates": [ [ [ [ 8.5038888888889, 51.841111111110997 ], [ 9.408333333333299, 52.05 ], [ 9.408333333333299, 52.05 ], [ 9.883333333333301, 52.166666666666998 ], [ 9.883333333333301, 52.166666666666998 ], [ 10.85, 52.291944444443999 ], [ 10.85, 52.291944444443999 ], [ 11.080833333333, 52.291944444443999 ], [ 11.080833333333, 52.291944444443999 ], [ 11.124722222221999, 51.931666666666999 ], [ 11.124722222221999, 51.931666666666999 ], [ 11.127777777778, 51.908055555555997 ], [ 11.127777777778, 51.908055555555997 ], [ 11.208333333333, 51.841111111110997 ], [ 11.208333333333, 51.841111111110997 ], [ 11.140277777778, 51.804444444444002 ], [ 11.140277777778, 51.804444444444002 ], [ 10.984722222222, 51.721111111111 ], [ 10.984722222222, 51.721111111111 ], [ 10.7, 51.566666666666997 ], [ 10.7, 51.566666666666997 ], [ 10.5925, 51.486944444443999 ], [ 10.5925, 51.486944444443999 ], [ 10.3875, 51.333888888889 ], [ 10.3875, 51.333888888889 ], [ 10.059444444444001, 51.333611111110997 ], [ 10.059444444444001, 51.333611111110997 ], [ 9.936111111111099, 51.333333333333002 ], [ 9.936111111111099, 51.333333333333002 ], [ 9.5833333333333, 51.333333333333002 ], [ 9.5833333333333, 51.333333333333002 ], [ 9.5172222222222, 51.333333333333002 ], [ 9.5172222222222, 51.333333333333002 ], [ 9.1666666666667, 51.333333333333002 ], [ 9.1666666666667, 51.333333333333002 ], [ 8.817777777777801, 51.196388888888997 ], [ 8.817777777777801, 51.196388888888997 ], [ 8.4875, 51.466666666667003 ], [ 8.4875, 51.466666666667003 ], [ 8.5038888888889, 51.841111111110997 ] ] ] ] } },
{ "type": "Feature", "properties": { "id": "EDYY-RHR", "minFL": 245, "maxFL": 660 }, "geometry": { "type": "MultiPolygon", "coordinates": [ [ [ [ 7.5063888888889, 50.6725 ], [ 7.1288888888889, 50.606388888889001 ], [ 7.1288888888889, 50.606388888889001 ], [ 5.9738888888889, 51.063055555555998 ], [ 5.9738888888889, 51.063055555555998 ], [ 5.8108333333333, 51.118611111111001 ], [ 5.8108333333333, 51.118611111111001 ], [ 5.6861111111111, 51.161111111110998 ], [ 5.6861111111111, 51.161111111110998 ], [ 5.5213888888889, 51.193611111110997 ], [ 5.5213888888889, 51.193611111110997 ], [ 5.5566666666667, 51.255833333333001 ], [ 5.5566666666667, 51.255833333333001 ], [ 6.3322222222222, 51.965 ], [ 6.3322222222222, 51.965 ], [ 7.2313888888889, 51.8025 ], [ 7.2313888888889, 51.8025 ], [ 7.8972222222222, 51.413055555555999 ], [ 7.8972222222222, 51.413055555555999 ], [ 8.070833333333301, 51.178888888888999 ], [ 8.070833333333301, 51.178888888888999 ], [ 8.2472222222222, 50.981111111110998 ], [ 8.2472222222222, 50.981111111110998 ], [ 7.6488888888889, 50.752222222222002 ], [ 7.6488888888889, 50.752222222222002 ], [ 7.6661111111111, 50.7 ], [ 7.6661111111111, 50.7 ], [ 7.5063888888889, 50.6725 ] ] ] ] } },
{ "type": "Feature", "properties": { "id": "EDYY-YDE", "minFL": 245, "maxFL": 660 }, "geometry": { "type": "MultiPolygon", "coordinates": [ [ [ [ 5.0, 52.45 ], [ 5.5833333333333, 52.733333333333 ], [ 6.8936111111111, 52.677222222221999 ], [ 7.0577777777778, 52.668888888889001 ], [ 7.1688888888889, 52.663333333333 ], [ 6.9016666666667, 52.443333333333001 ], [ 6.8522222222222, 52.4025 ], [ 6.4236111111111, 52.041666666666998 ], [ 6.3322222222222, 51.965 ], [ 5.5566666666667, 51.255833333333001 ], [ 5.5213888888889, 51.193611111110997 ], [ 5.2144444444444, 51.252777777778 ], [ 4.4041666666667, 51.398055555555999 ], [ 4.2038888888889, 51.432777777778 ], [ 5.0, 52.45 ] ] ] ] } },
{ "type": "Feature", "properties": { "id": "EDYY-YDW", "minFL": 245, "maxFL": 660 }, "geometry": { "type": "MultiPolygon", "coordinates": [ [ [ [ 2.3563888888889, 51.950555555556001 ], [ 3.6063888888889, 53.454444444444 ], [ 5.5833333333333, 52.733333333333 ], [ 5.0, 52.45 ], [ 4.2038888888889, 51.432777777778 ], [ 3.1719444444444, 51.607777777777997 ], [ 3.1719444444444, 51.965833333333002 ], [ 2.3563888888889, 51.950555555556001 ] ] ] ] } }
]
}
